KILN-POWER,KILN-BZT,KILN-FEED
2817.414312383341,1421.7087352874698,270.09714016219795
2814.166179626783,1420.1225543063154,274.72507176531565
2753.1740077097256,1415.6884493358264,277.06485796853707
2828.9792110881867,1419.974733391522,280.74834455462343
2725.4958662211693,1424.9084162549295,285.1208116330344
2767.2907837119837,1418.7383787102117,283.4706797168588
2700.0456093551097,1424.1976763023026,274.10337600776256
2877.9313258481407,1411.6333122157696,278.14143868917176
2788.4225253027353,1413.961063488543,280.38187794351285
2908.3442017408156,1412.6567949672603,278.6889643777675
2840.1474963259748,1414.348686282076,278.65352387065855
2822.404910667551,1432.8718104670609,271.38628337672867
2770.68861528595,1427.2603879311037,274.23632924430177
2747.682498215629,1409.2307688131566,277.98530075430364
2826.1485786948474,1424.3749829640844,264.5338716252742
2796.424299536351,1416.0941768735142,283.2032216000493
2733.036484225735,1413.1761541452843,273.13660450144465
2724.157079174584,1405.142605342775,283.43419066632566
2752.064813542821,1429.7191869382025,282.99458002235457
2891.0483612633116,1406.3613685033285,277.28153478443807
2910.663895900565,1419.4803682199013,285.0027416285077
2810.2494573654453,1410.5368875427514,283.71598672462466
2807.4471398120645,1427.7584394706992,278.4551926458268
2783.183981408524,1416.6564817368605,277.8912019240415
2753.275732584525,1418.6553734447966,285.4861639283218
2868.7589528803624,1418.9926573706996,281.1600691970383
2893.678819694857,1423.0257033493579,285.2234858418407
2755.3290457080357,1420.130047639833,268.05512962823633
2795.85808107877,1419.5672681103888,280.4924254850973
2777.506684964492,1414.8159802474522,272.11295456515313
2778.988046256751,1404.252706266579,279.87105746256617
2859.295412771493,1408.8144904045814,283.5691010417294
2734.401922731694,1427.1847973868064,288.6957007287455
2823.3234845468155,1416.941805366737,275.3091663578141
2836.4119053652935,1413.3599022227752,277.3714759734901
2792.8924413199093,1405.9427185558195,279.5223354646223
2844.6533913493386,1402.8035285990966,275.12734449269055
2807.3825920268723,1412.967931198718,284.89279864394626
2860.8564960578055,1428.8805285404526,279.6495272731719
2723.889734753707,1414.4292980637767,280.60978511688023
2782.5612369496566,1424.0048552524145,283.1008656338708
2796.4093428574483,1413.9694017060203,279.64144241812295
2666.3896307764326,1426.3886669602884,275.9123043591207
2745.7023633210733,1416.4824919819132,279.6848988085077
2759.3200372820606,1407.6811575444951,275.71909320243304
2847.4102997411674,1417.3104693210055,280.5399044455824
2764.65783268427,1438.340004182804,284.98468860400897
2759.096050634701,1437.8988431555085,274.12510853863836
2840.8742890328094,1424.8653330277937,272.3381449927895
2719.1044677104974,1418.629411845863,280.24624967959835
2696.4377966278216,1423.0390180209508,276.1610019162805
2781.920384996533,1423.168523387333,280.15872637205985
2727.6146615960824,1419.601132476329,281.6020176030485
2729.5160352670177,1424.409440199226,269.2815688553573
2828.6716895843992,1422.0822686215356,283.4492471382927
2843.798691895629,1416.840276146357,274.1516574852238
2839.4432107926064,1408.0474320061635,279.88826024717656
2855.4388330153615,1415.3994075777982,276.70308832280784
2862.05671600074,1427.995188490736,277.2402149260785
2693.5704895586537,1419.6853777550464,288.4697896980899
2822.5205979964735,1423.002868915875,281.5963376039783
2773.519590021522,1417.169844722956,284.52344201476797
2762.6287877004784,1409.4040249498937,280.75470677101373
2828.020731610435,1417.6137028512817,283.1000678732748
2713.4852260052126,1409.7754409925064,282.08689181071725
2712.444569706384,1409.1371082639646,281.2722807234341
2831.678637204086,1432.0563660886942,285.5357795458234
2824.389300875545,1415.799139950658,280.78252726922136
2806.8366327935755,1412.5851527453997,291.4257428610885
2756.004329763843,1436.1795968438091,284.8026578640622
2837.1914817291063,1428.1498503540424,274.30229651130156
2834.0151446030236,1416.2849077449816,279.11725145508507
2804.2652257523728,1424.2763632555236,281.98538799745336
2741.1339479365115,1417.642116817393,280.2224841785602
2778.7375827135247,1413.073203207204,283.4343670948608
2841.891683876222,1424.7469122448501,283.98508352416934
2866.359561140089,1416.756981146798,273.20206507100517
2783.6731698311837,1420.754980089994,286.40538772358246
2787.5163516095868,1430.2136323489967,277.51591267256975
2791.915544598747,1429.1121310379538,277.0204774706762
2813.744650445549,1414.4990670814393,277.0043880364723
2770.946634996999,1424.8603160228708,284.0428820299529
2655.2907471214207,1408.7214375385424,278.66466150926107
2859.6384500823547,1424.5041416131571,276.68224177831144
2889.7344473581275,1421.4849530580111,277.8802042127823
2769.3800070197144,1423.7897936236343,271.02654170542064
2746.667331554061,1417.0255524535576,275.78918118024257
2793.144973880489,1440.840712736525,273.8020822567345
2790.6248058135616,1410.9870029237968,278.65415334752055
2849.775928858148,1429.7155171096847,283.320966351368
2802.731972082252,1409.6830168023166,282.7693795046661
2760.368858481441,1425.0434417462932,286.2837524877329
2734.0795274720977,1425.757899772518,285.1698790864831
2843.2817092409837,1420.5497587156228,277.3570164254081
2829.9755620582123,1415.046755894563,280.0953570037686
2853.027993904591,1421.411348907453,279.8372195288929
2751.590662463945,1422.6701033343018,269.24473658639056
2891.9218449764167,1437.8993648630628,273.9137023154513
2712.8152746471383,1411.2765971469971,279.1635666142444
2835.480051070074,1414.44086503686,279.13551782429596
2704.520861640155,1422.8473555706933,282.56162527102583
2760.4834309150765,1417.4394620960475,282.31820814767923
2878.051146522398,1418.999589622694,271.1465374895013
2841.5682127237997,1430.7035183536377,282.59298367228763
2772.688979225641,1391.7973349657077,280.89293603226884
2774.0581478589156,1414.020506549822,283.11686590822313
2805.031105541772,1402.5763077374875,285.33432793820793
2825.7070495380362,1408.0418356309592,279.28558513606015
2862.5789691341347,1444.0462449207248,286.2279411849004
2777.188299769575,1425.9816813395275,275.55299773053474
2719.4107468256398,1429.515649250581,275.2713093981389
2807.848431352438,1419.1947035021358,282.1438609506777
2777.1284581245804,1427.5871382483192,278.1561622734741
2734.968314762578,1402.3343549247975,281.30816282309485
2814.88344576564,1430.382984117696,289.96491059922243
2789.3443122953604,1411.801558814401,281.96747536751985
2815.32561032349,1414.6868418067409,281.0608476943206
2755.277789990641,1425.0515107045464,275.65389810674077
2824.335526516275,1423.1644675858222,271.5001009668783
2734.145090162251,1420.8462004839355,279.63726692363247
2758.613430515171,1406.3690384641968,285.334351233041
2787.854288445636,1420.9981366882164,278.3853099646966
2887.090920747986,1429.6056135348322,282.0073124960268
2839.2412684274245,1414.675129039002,287.13248636359293
2853.8596252133893,1433.149370453403,287.0075815661518
2870.8538516671574,1411.27308064086,282.14407943800893
2980.141606790544,1420.0654789171838,280.8505323932867
2802.0794533779217,1435.353277333766,272.40683475498463
2871.0200461564928,1413.1860008730039,276.8490267791153
2850.631762720097,1430.5398548337707,278.59622095990966
2849.801625165376,1439.746523622218,275.73834194282927
2888.711980902009,1421.7104406892415,281.2422663147638
2779.034348450776,1414.729830126167,289.5582409174305
2775.065748803181,1412.2726119704998,287.58880796330806
2815.988275674093,1433.0460270334734,281.219399309156
2790.8650114039056,1432.7669419933966,283.89717036012416
2815.925042649909,1434.4930912286868,276.3569784232194
2878.1374392526504,1419.6716164934405,287.320446753344
2776.092663864686,1430.378069415271,272.1901670202741
2784.7660518703133,1419.5116060887392,284.56414080543084
2808.7155501763286,1411.1694487839163,282.47794855099886
2788.5840786987415,1431.2417678511235,276.2207030662279
2704.2997085993256,1436.338702782782,278.9560662163103
2770.9936178650532,1409.793980272187,274.3287364842197
2834.3686621118754,1409.6056903709932,274.54179976098885
2871.877337546632,1420.3998193423013,272.04472999688033
2742.2690716231136,1429.56128605741,283.83756951100355
2742.035880038458,1408.6618080624605,286.0267248471334
2801.511690135867,1422.270157369559,269.19096068093285
2696.2202467561083,1414.0957304594024,289.1915275807575
2777.751489850644,1427.00829099825,279.9399588168158
2713.1978970224304,1412.021131785041,281.4492660243842
2868.4530649921235,1427.718030002742,272.6379358220746
2761.53344228248,1418.417851891823,286.6041287508243
2882.641709316951,1410.6285947631895,281.0012504658342
2855.676067672917,1420.636899554269,285.6941311988565
2767.6841351151293,1400.6202668551164,286.1042916032387
2746.402018157696,1414.4090542789506,286.67437211360635
2790.3227125416206,1423.3740107032465,276.758596120739
2794.76766878709,1402.282452209681,278.96018996053397
2817.30734719762,1394.2886314689458,276.94148962635245
2761.172835523491,1396.6063268018684,284.47548231370644
2837.31974367611,1433.2712855550037,281.6644461468187
2813.266402749995,1419.2324098723727,285.3457243200662
2782.9802421642066,1414.6753460599282,285.56369401528616
2764.397967229099,1429.4515473566682,271.36370254530544
2790.755750845066,1415.9555031753089,286.75385065276936
2759.1549374086217,1422.6846189986672,284.75430478882856
2802.9219347441795,1420.2575535092326,278.1538755840725
2804.2719342609953,1415.2900057924703,281.74896383264814
2813.0853641738167,1422.941458838891,279.38165214208647
2888.3121204835925,1427.7326122142015,283.0802783931559
2793.3777640150215,1418.1509338298301,278.1430180964756
2850.2298933562242,1415.3944442684538,282.39463620584553
2811.479369848785,1416.5748759200055,280.33652652329675
2788.087784905077,1397.0208746721428,277.83903048252347
2794.0420365024383,1422.8305954650891,280.9506812245103
2797.0586795415975,1407.9088871101144,293.5323478674438
2813.9883853864108,1426.2971872411892,276.5723168508716
2752.0339617390514,1419.095758993247,278.75028204369215
2726.732980827752,1421.0512109653043,276.65943800183487
2832.7148696737136,1427.003291706062,277.1839180723621
2844.906191629063,1410.7347623365906,284.0788717669268
2837.28179164014,1423.6924844335097,283.57941229818033
2807.7486009278236,1422.6762105256266,279.97068248339343
2838.3612313726644,1418.1521916735721,285.13148292634554
2835.671451300857,1410.7181379923645,283.96721647747154
2839.3814679477478,1425.9523836405517,279.1883290698689
2757.022958932894,1427.034545444193,272.33067629102896
2745.1524101422683,1421.136020259779,284.148915039745
2780.5715376623866,1409.2969758428535,280.84832310500985
2799.1307945228673,1414.7255096707454,280.111117318503
2787.9039436433854,1419.3966727757993,277.66975989995143
2706.165483433106,1426.884945499821,283.72324474558155
2886.084630606757,1404.1651059888688,281.7424812621425
2786.297700555713,1414.3619653569563,278.8158597859885
2808.6352208288477,1415.973274400578,273.87272726390546
2862.227449538153,1419.1677842059696,285.3396455094004
2682.75138652394,1406.9867471597515,283.0245261157794
2774.4153064044144,1417.8246722162667,281.27701449972795
2780.6441363210097,1416.8951643568741,266.71613002443
2783.1844977274677,1409.6240812851033,279.8105287144197
2791.325670464302,1418.8203241583133,278.7939814826217
2872.356739922242,1414.588309032145,276.9075215747283
2833.672943786361,1424.955861425097,283.7711763928214
2847.9017634314414,1411.1467243899567,283.5743001708364
2802.3560135905464,1420.8983412212845,282.1841235859619
2730.031347692725,1411.9161116277073,285.1894545738387
2696.0151482426995,1414.0024576184119,274.8885074298308
2723.5296138384183,1422.972916277054,277.7317297161535
2817.988285208301,1422.3471773284216,280.373961315929
2801.5884856348816,1415.8297781742165,276.8899899038604
2789.4918176221995,1417.3058938166732,283.6358461085177
2781.571154662993,1405.4639355489048,277.3889957593415
2900.586078772137,1434.027643105807,286.4918500222338
2758.8548204511762,1426.8745639787803,275.34420299124906
2846.390972805803,1426.5144805087111,290.6599182475031
2800.0956468010495,1404.0496778304378,290.1464867780121
2796.9530244107,1414.045100075107,279.52623426842325
2858.8318774308373,1416.6545397107639,285.73085225462876
2873.1265191345724,1400.6893850796598,277.997859697457
2788.022527155758,1428.8995009607609,285.0664324911567
2839.960135962107,1434.5388448854815,279.12010834271615
2818.1945681075026,1440.6193495600362,273.5728005074576
2800.371856940496,1409.5411617248226,262.3359090616055
2810.2127471328513,1421.1732349683427,278.6564327696469
2765.5995592577583,1433.2281826915041,281.3953125434265
2784.6950303334456,1417.4638152105304,286.65158213018105
2770.9682360123647,1414.3301208615733,280.18312516075696
2845.068835821446,1401.339823264555,285.01455067358796
2795.239944222947,1431.3262245777175,277.73029226389235
2735.1142987692483,1419.8073924392663,278.3136051523428
2763.8281388418454,1412.7065814103694,285.2701784126429
2640.036767739391,1422.8385728982887,267.67662757665363
2775.2753699058926,1421.5300537317867,280.0649191445146
2801.8822532548575,1421.682591023546,278.0001932522207
2793.1932075566515,1417.8290193767332,286.8030560242614
2899.0077175765696,1436.2235815876336,277.3587685251009
2828.745302045752,1418.6634026673757,282.58292484785045
2826.5225926544576,1436.193220763233,284.6075848466735
2717.836548271486,1425.641169264002,272.53702002934796
2781.7678972941435,1423.5117014276173,279.3031484586305
2775.6668596338154,1418.8672524672183,277.8418178295703
2760.6959400595997,1429.7395669354592,284.73146623414794
2760.0059667243327,1421.12991767578,283.375409204061
2709.593852302919,1410.6786878488647,278.8339898497041
2736.2073397659337,1410.3450780900196,274.76295974791975
2843.7046701382474,1424.2248462193427,285.19073348010045
2792.854265400341,1410.9262111483351,279.6617361170061
2774.679879086283,1419.377689430275,271.9081171716627
2799.7294332673646,1430.5718453855109,272.33809800515036
2858.3695339350575,1423.0397017789433,282.1881671503649
2800.2105260437893,1412.7786512967125,273.6209690361724
2827.018706546552,1434.0998751161615,289.29823746801804
2757.669757880587,1425.478752369947,275.31464857820333
2769.068502462664,1430.177929872041,279.9981963732136
2817.698844253184,1397.324416567907,280.79555983080155
2894.6326854168556,1423.3085287826275,276.35311130381575
2871.4887429757437,1428.421578363799,268.8008648471102
2829.141403472807,1437.0028864229798,280.95447548808113
2807.571688008036,1405.3618141584896,276.2338000494887
2870.0534677813584,1432.0611458919452,280.5826921380822
2839.7339161522564,1436.4438028570125,279.38834473880644
2685.316898881467,1399.8271102272101,281.316456240359
2747.3034576072387,1424.7859110986974,287.8093506032803
2816.907016267897,1426.176208143407,277.2690849363644
2710.651621722451,1416.729923373481,277.6557767282875
2755.1205497621568,1415.0990553993372,271.67101348623055
2765.0092528171012,1426.6785391328783,279.0240802445035
2787.1917046877084,1413.8501824658936,282.04934994637483
2785.6284895886897,1417.827506715819,277.5825256121449
2785.5439786416587,1428.1243490082393,282.08215250202744
2841.265375862016,1437.5404305032687,279.11245737255405
2786.7388067274733,1425.37984272542,273.48866881015505
2780.7684933964383,1421.3348449541452,281.55992535591554
2732.541394792824,1414.8360251533923,278.97083933217493
2851.2173100992914,1409.8939995934895,280.6137891070468
2766.4251243026256,1431.0957824150096,277.1652505839479
2745.6484835999363,1418.4655014887312,276.72298738504554
2810.6545287434487,1431.5070327466674,280.78705403776485
2761.652936880847,1416.7044812200454,278.8470004397893
2773.7023630102854,1413.5071133863898,288.6213912458463
2812.9230087159535,1424.2079888882752,283.9936525608058
2783.675868811022,1419.234640607316,282.72502129733846
2915.5804687650316,1407.9447139538927,279.1125959924929
2796.25857283404,1438.1736832978186,269.86988275761746
2830.891910943961,1413.7301622622836,275.9620253619116
2702.9152976253527,1429.2759152117421,276.76353273707844
2756.9675434042633,1428.418566293965,278.6250780685504
2745.6543152541644,1407.4053723508564,279.83320250305025
2752.2810138348686,1409.9761235538351,283.28037482742747
2820.7768996918503,1416.9849066029988,281.36572780535033
2851.7782533888703,1411.3435345542168,285.79601595734954
2817.2315252317258,1437.2645637187868,278.44049013240374
2788.6677688216846,1417.998243632015,281.2858147208508
2768.457248064379,1428.8974904281406,281.719221138894
2855.6799875593256,1425.136373890002,281.22863142179295
2903.562772707743,1422.6402244899634,286.40945123970073
2806.7527852391845,1420.4032121073958,284.01887161373594
2846.968153203579,1432.371307077887,273.4029839024929
2817.168517489774,1411.7490702666498,279.4283445047033
2837.7752453232793,1437.2633531045658,279.930131588851
2741.772661094494,1407.1277681949591,290.757705318475
2775.5931859928937,1427.8151172562243,278.35104409377266
2819.773472002279,1405.9483614006022,275.0875804833191
2860.624547204099,1416.8429444777305,282.1916271473832
2759.0932889181163,1420.9330993806097,282.48492859811887
2698.335044447994,1415.1330465117048,279.63113568135157
2775.0867786779377,1418.1833043038312,278.89869498514554
2850.5065357174126,1406.130295520692,284.74451978031044
2720.8052204456076,1410.1254953127645,275.7320092287009
2741.154005393421,1424.9826470719588,278.29523328565733
2807.7959293025556,1420.2967182497744,277.3892506894331
2794.2014373619268,1413.094719741785,285.46947298810295
2829.7233240776613,1433.2427776312968,281.4274710164317
2738.563661977721,1407.800691000098,274.67502951339367
2783.7510702915665,1416.3840953413594,275.1774680336862
2859.7592701201547,1414.9434372182152,289.36707561806077
2740.355190318161,1426.1503762776103,285.4160887405352
2873.8456148155133,1420.4816369113719,284.2077514076174
2746.6291507055657,1418.918347534654,280.0612347048667
2842.4690788688804,1401.5578329613277,287.54236620060203
2781.3520744893435,1428.6503448063208,274.4829760701087
2742.754587118051,1417.8217418516826,283.76483756102243
2775.15504764237,1421.156610176104,277.7836324673722
2827.2464594089497,1412.5143677990611,278.7555334017238
2799.6573002549253,1410.9417123718292,283.6289463241619
2855.9234705721674,1434.9928775847568,279.28221245659245
2871.787003046744,1402.267614217376,277.8265007026937
2740.8484667341077,1409.4580097221724,277.5242117595604
2737.1865427544826,1434.8049215266908,270.06827127244435
2734.760311318958,1426.4074638099864,283.8160180963783
2755.040195197599,1416.7453746825759,274.96684963600603
2855.210726040987,1432.4659631428865,289.2920470282964
2828.018097533337,1424.46860116396,278.56193725092504
2772.748621353878,1422.3266009197441,286.54719898722976
2799.4448704688584,1422.2556201710242,270.9548448365866
2870.215275258297,1424.6523821721448,283.657415105993
2895.400542548956,1425.0569250129745,284.9427786625591
2812.96921667214,1441.9597305289597,286.51781817182217
2667.0359407976302,1418.0510718832734,272.35980613606694
2814.864354737999,1418.359528118518,276.4864068145653
2846.7374064770675,1407.6310681242928,282.8825497637804
2811.231615792804,1419.4810261317898,280.74220989422054
2836.325745936739,1438.628868995448,281.4667982128192
2817.853268723019,1429.8448500243467,278.1985669709533
2738.267729125907,1414.5633225612467,287.75399307527846
2755.688078331827,1420.3004136452128,293.04232724139905
2783.942390643492,1407.03561624415,280.51989962004546
2853.2707389119178,1410.3088065570169,282.26710622752626
2761.705796583969,1421.4944115261371,280.2812187281141
2822.795131658382,1415.0554539717955,286.42026699523717
2815.18462969606,1409.5540021062159,284.1455814212841
2879.3098632539563,1424.898407647379,274.6680971468158
2797.916011093529,1419.1774991334667,276.93648994752675
2712.262079086187,1404.3244962830895,274.95351603497056
2832.3435232448387,1399.248530338322,293.47411166097754
2906.9027605817,1414.2998850142574,283.17655891791037
2835.619167243323,1404.1173485655847,277.0215688694511
2760.6169204094795,1401.3108859352935,276.6222397968758
2745.9027060410517,1431.2896920140208,284.02615636483455
2752.35155832463,1419.022891101347,284.52460074829565
2900.165594019102,1417.345536217745,283.99053856542207
2783.633627973928,1418.1159418384925,277.8722132067514
2766.8678303085985,1408.6216784920703,281.5292182220709
2792.0781677936384,1424.1097616501418,280.5545754881669
2784.154647569715,1418.6929967326746,275.31869813780787
2878.382517989375,1412.425913440206,275.3675307856199
2749.2761254491847,1413.92371315475,282.0598252227157
2859.032161583022,1407.7254128678771,280.98225540521827
2806.1046048225544,1415.9375712709816,282.76675855421104
2860.351325671384,1417.6037211921748,283.9551151934686
2879.1309521867024,1415.6771667087003,287.4969131124876
2804.2398816956547,1420.5515455734158,276.1204780694198
2784.2468195200418,1419.2148829523824,283.1511809936269
2803.308941593255,1422.307685386646,283.74599408264345
2795.2614663997433,1429.4309703692159,278.43934793737276
2717.1516772130635,1425.930234772131,280.60931591784635
2877.6240186892537,1429.5458984051033,278.56720721651965
2812.2892508690593,1411.5226577017377,290.54295191678585
2741.8450407474475,1414.9138510591135,280.5242634522055
2696.6238339900797,1426.5359668394597,282.257525543557
2683.6200383534824,1426.7147767143208,278.6800785154139
2838.524021834375,1413.2137938246312,277.60182716874607
2769.051121579645,1426.1158392578175,273.4899866914916
2777.254966594743,1410.5646788335405,285.49934312362666
2824.4077132269413,1424.8105572414179,283.842187486983
2774.197592194911,1419.7370379913436,278.4945177778011
2827.326220802676,1406.1556439609367,275.4981504846803
2804.7632032188358,1415.659261782406,280.8995426321007
2795.7935208425383,1441.8226780969549,277.51151596851514
2721.3624797154257,1422.02780362805,278.8897871568394
2759.013432178057,1443.0044997671826,273.68220027698555
2830.126768279343,1405.5607347012497,281.0853479032402
2765.8989092567977,1427.5074179266385,281.18501600994375
2860.2684777892246,1394.6566380819288,285.4736144211984
2917.32006619967,1419.9976451508521,279.24629215683694
2832.819265042066,1426.3121737765132,278.3321876139808
2874.641594568258,1428.3789009499628,272.2161956694139
2836.0363619148034,1412.007302754196,285.50480474181313
2773.2868988663904,1430.3909042197674,284.4641155827848
2810.0075832403713,1414.662852399553,280.143692207034
2900.666047304872,1418.359027488876,273.35384472734813
2773.8223128686273,1415.6667778064336,273.9273648445593
2748.0336350560965,1408.6361064926766,277.26447035617855
2743.2902788442366,1435.6971958742085,284.8261285443333
2789.1235308083224,1420.4801781715807,281.45168817620817
2749.8263955678467,1430.8731837865862,272.53321405559115
2883.7009713718617,1430.447112417646,282.0210595730011
2810.8178267295643,1410.32059785727,275.8042671041457
2848.5863154880253,1432.161272476716,277.38893886743926
2785.066730471015,1425.0341424354933,284.8586900626085
2742.9901401121942,1409.5909813552712,283.82752041890416
2734.530302728336,1424.488508313415,285.4654994141271
2754.600412891094,1409.7703211513194,279.8843324045789
2817.3762747013357,1436.0645836797864,284.41512278933095
2825.9941465883976,1428.137867449221,277.0693186811847
2830.1598036529344,1419.2885143780898,278.71217032697353
2725.566365810907,1432.6480361821718,278.36853387797606
2799.9795407050865,1404.1801235529647,280.11932509112245
2748.6969084553803,1412.5065869987995,273.5675445684396
2820.0732983792263,1417.4758027825962,278.8749754843832
2823.9538527748728,1442.3568468142553,287.2582865075937
2741.391347648678,1409.2951709912659,274.5373591909428
2848.4014803598175,1402.9269405825933,273.35339359042484
2916.941147076412,1405.5561448550172,273.75655836168886
2841.741786879233,1429.062158692056,293.3092972203732
2791.8582980224446,1414.0580772946114,282.3242599043519
2784.172714839513,1418.4091333563138,278.6486730782931
2789.5468009163747,1427.6283264167448,280.34160206504066
2761.9633076611494,1418.4191537204208,281.1381969962341
2812.6199103326026,1422.0414660450806,276.7977501213531
2743.076870442285,1425.3521514760969,277.4139162564545
2705.515110670105,1415.6932360803978,279.21158433898984
2810.9800840906773,1418.3368294007032,276.37622455882547
2801.061653288791,1422.4195540232101,278.01532696489403
2771.4414991781405,1428.6817927305322,281.76545788665175
2735.8651688694817,1412.0763073581936,275.0142341018995
2814.4872013457016,1389.7942407817022,293.04974710473925
2750.4912480714775,1426.7958314938564,283.765783054431
2793.0527824567334,1429.277159187501,273.64957630743675
2888.248592706322,1422.0003416213017,267.61048245449695
2832.5594884787693,1422.6829321895655,276.5624835743111
2731.543366880915,1414.3569010585984,283.4218032480362
2736.2574214493848,1425.0018342153492,282.45234947225055
2807.590954637188,1428.5316681968418,279.4457574482569
2731.233965897049,1420.5649634141848,276.9927876942846
2699.9137259382856,1444.9124833000726,275.4793431300404
2826.618600564836,1404.3625891232862,277.98708464445247
2816.0467877160436,1421.6296167085634,274.938100130862
2822.5299165639567,1408.2564703768269,278.00561121895777
2813.151759090895,1428.798459239569,286.6547546791141
2796.7344644163804,1404.1852457195782,276.143801003753
2766.890572616167,1406.660784572823,283.05440641525996
2825.806748304397,1413.668130594508,283.81711906492103
2876.4941744202574,1422.658321698554,274.60199340732044
2774.9385496278273,1414.0452861133838,275.7831406272025
2748.962989489585,1414.145587374009,285.3447171849339
2743.244029029438,1418.191095450739,275.3711798017465
2756.663488333314,1417.577598409385,279.712571253946
2810.1299262238035,1434.8744938831853,290.19991911084264
2693.018621822322,1426.8591111966896,284.89916128530683
2821.958521221616,1416.7542326021535,280.4261522586778
2832.1956505148078,1440.9701191121362,284.2036528726563
2710.096082002856,1424.9166117485602,279.7203895734299
2751.04097818612,1410.3103794468645,285.09115916601735
2803.984048992271,1422.5651373999185,269.76867284326767
2792.82651348478,1425.355125448653,279.3036700181253
2825.9818734134296,1413.1237528093866,269.5683004670359
2792.9431589241817,1409.4749108919395,280.8067759411591
2863.238476338748,1420.8645909004244,278.8191105086365
2783.941530047816,1416.3977822869397,286.8036492332117
2750.8483506640123,1434.7912788845545,283.5591368429883
2746.8279066869122,1427.4115582408492,277.3695615622997
2836.7734254640845,1413.5922472591342,277.9689187170957
2801.4810570978457,1424.259381109486,281.9034826511489
2831.6857950362596,1432.6712814272473,277.13719703723365
2830.656124961459,1406.0619555410035,279.8381360680773
2699.007507361808,1409.7722175901224,286.58349032257433
2742.995869948828,1419.8883138272047,275.8543490823481
2748.968747974809,1420.3560196790504,277.76162817021805
2759.196790575412,1419.4780249453713,278.4628382727534
2778.9822336711736,1416.8922282121232,295.79036713092813
2849.957479730859,1416.7393967754797,283.04121331253583
2859.924117619195,1423.8425813682163,285.6603416952392
2785.35545848985,1431.3394255363917,283.8406285593919
2787.4359569337626,1415.1904727031158,284.1769693299265
2764.728313797136,1444.3839934517066,282.36786768666144
2804.459384861927,1439.6069143574032,281.8263460002955
2810.1260441366967,1433.2925562958008,272.74627672765735
2840.323777750113,1426.2248333456157,281.7893227817147
2839.9219362991275,1440.0798810647016,279.45828203803524
2684.894097446547,1417.098846350006,282.72728451424746
2792.372752618144,1411.6739558800978,279.64570416679777
2869.205001544505,1414.74027940596,283.81582146363996
2778.0942536347543,1409.9705719690992,284.6996628557459
2856.9620909181644,1421.2180132231338,265.43919987677117
2784.6774099994404,1422.9983046412774,277.83053590917024
2808.7461733720984,1422.008398386811,270.71306547055934
2743.1554653800426,1419.875686478182,281.19472277320995
2745.037572121674,1421.3315452817162,278.49645811073
2836.274578613151,1437.363238088499,286.77914235293304
2844.0909140100334,1426.2005186763909,281.0362233090044
2801.3214453100245,1429.2250879660482,277.5723501176814
2738.6237878680804,1421.907899366868,284.69285769922794
2802.1902278303605,1403.8441130153192,278.4089877108628
2862.861748033714,1401.861175295305,277.5100122205317
2887.143323502588,1440.8280999020851,281.9681270732093
2784.164603383704,1414.6817772476877,288.06485694969734
2717.0066074871106,1413.8324865584807,284.2677595411991
2842.018179977739,1422.4566324137725,282.83465482640736
2786.20184517725,1425.5040297832993,293.7547426676083
2847.152032078052,1426.768621373344,276.33794981820256
2814.0536112508807,1437.7441853288,276.22641081528946
2755.8277947119077,1435.0073638265794,280.72784740219873
2802.912218032969,1411.8906677536118,287.5751319205236
2865.4169183527165,1429.6873457342178,275.291570118527
2792.5423005516377,1416.159090817892,288.7728629878153
2748.259741827731,1418.6249125556922,272.8043875529581
2720.567791570167,1409.0601079404864,279.3939097463941
2761.3917656567673,1403.069271461686,280.86732832834326
2779.4931869114507,1419.6843828736771,275.5868404184105
2840.999956795863,1410.4401808388875,276.893828175339
2743.957536609419,1429.2781367857203,283.98315239667835
2877.6875942864817,1417.1892175647988,287.20777871255615
2733.14238945794,1423.0859021894987,269.4269481875199
2916.5743046278417,1433.6752575391542,280.9011819272966
2886.2759278377234,1405.1470481821789,279.433455481921
2807.0583124693994,1412.7538261145032,280.53698177811975
2717.61532326152,1421.8088362456585,278.416167621919
2797.228796900879,1423.1252481582326,273.54756515221834
2780.6579521006747,1431.0349750127232,287.7114848902231
2736.285638847454,1428.671531290406,285.7966479916535
2814.550481362372,1420.9693362573073,279.4800540555156
2758.8178435072177,1423.0340467059725,277.5584339376333
2764.2547076475207,1423.310758909905,276.9527968549706
2789.8160682713824,1405.3028763532625,267.0717338759276
2771.254558564715,1418.4362452264504,281.76910037301207
2903.9078308555013,1422.484732179971,283.9016179515142
2773.2142683500224,1424.585508587851,280.68951058054887
2822.044050569724,1410.7563655993583,279.56831782700124
2807.2761246105183,1407.3120208747112,280.66691754243294
2817.6375112629435,1417.6546740748192,275.7338700962121
2821.4544201805465,1439.673661110915,277.50222386314834
2844.068074330306,1411.8075248727132,279.1683348588392
2813.322303780932,1431.7392824735482,283.4833828738245
2811.244789744316,1435.8473964304512,286.89429186647556
2802.923853423407,1420.454665262332,278.85426078513524
2793.0791073830014,1413.2015206534654,274.7760723121729
2754.410105916966,1425.1281956365822,280.17823395381714
2796.95658112899,1421.9499029209949,290.0574555629446
2812.0633687632767,1411.408960198097,275.2109678243313
2820.10822782864,1413.4119717362823,284.4292037356641
2809.0142386495118,1424.5357985214532,286.67980278060304
2788.352249327573,1429.3344040816855,278.19992570087254
2797.146004840205,1416.7720979868461,276.4963771114048
2772.3176757724605,1419.3086643511194,282.87478341416625
2815.661199550328,1426.6863857051108,281.7660838640208
2788.943588604294,1418.2751311582606,283.47387085660444
2809.0280469098734,1417.0067302670411,290.36854715744903
2850.0401521691274,1412.4465918027277,280.8352327668828
2764.532054517879,1412.2731537662596,274.03887575521946
2829.8347690455244,1446.6888275822325,280.3332000108421
2801.6605089942686,1418.0379833992092,281.2077839710269
2901.059679979038,1433.6505832151222,286.33584318544126
2789.1849835768244,1436.8399333751906,279.0161780228615
2834.758229157553,1418.1641771050683,277.9546608315231
2800.7676725877986,1423.6842980843478,273.1440300191671
2730.5847745843253,1421.0247848203303,282.73706396032065
2773.9655452240427,1403.8781764934133,296.7410359276949
2844.02355527142,1404.4802698775184,278.8870450799803
2778.3652769695864,1420.4884846690427,282.2597747726097
2688.987184258019,1415.750864613914,277.2608357334252
2798.4298491537747,1438.915803383936,273.5935754000208
2745.3831851024493,1417.6342706130538,282.17117969600264
2806.590886629836,1439.5092899706813,280.14094141718596
2877.557354069901,1415.2360860386445,268.07222928467087
2838.472865540145,1439.1220042060893,288.0501435787006
2876.832791436999,1425.0642449694735,282.0798218816856
2771.924398927775,1425.632918957712,280.369477750518
2792.841683318223,1414.8823604326635,277.89011567953844
2747.778190159611,1425.769171804037,282.02647055246547
2765.797827747995,1436.9271343308126,282.25697976208016
2753.655758385691,1418.5517250593987,282.0066068686336
2734.663851539402,1416.6060318463337,285.33996522251743
2868.292831266567,1417.532374611399,286.4763561691667
2695.401985248679,1436.2011160500645,290.02796531809196
2868.5069452402277,1428.5535120700108,275.8157890877564
2862.3029462460117,1434.4767999047112,277.1328924311639
2824.98963377395,1423.1362271048426,281.8059108352082
2744.2746365952967,1420.3931935677783,276.10454570631106
2720.8912444278394,1424.2394403907062,276.9099246381389
2772.579815936822,1430.7015853441253,282.37614790753315
2831.2560228169964,1417.5288175741214,284.50421177489926
2800.1531818720337,1433.6867699335678,286.3796397638943
2747.825025245262,1423.6583055706587,279.036927931212
2857.4102392328246,1395.9372186196981,282.31576481768985
2884.219166409077,1428.834934271052,281.21378867946885
2788.67004179927,1407.2769498673802,280.08828722589993
2805.4668451798675,1428.5917276067398,275.9199541739599
2724.5575658185253,1429.0151799823816,275.2839445539874
2779.280664194548,1423.2989259738122,283.33337389977976
2825.5219989000498,1425.4368089887669,275.835903100579
2817.742827012889,1430.98870787844,271.1154058758649
2774.6166075395145,1415.0437232618926,279.84119338354907
2786.2878245761776,1427.9342965970247,287.27620151074876
2777.6394631727726,1431.6302330295703,266.0257478079888
2786.0767643140807,1437.6008259753849,278.55834863423246
2821.1617401259064,1408.9421971394029,283.37607432663117
2701.623145731544,1424.0851606498777,270.882517833926
2796.282524259604,1410.3851080093852,278.9333354189946
2817.4987767812845,1409.960779822985,274.3027137772373
2771.475765717946,1423.59027772406,274.96410942996556
2776.033347801756,1420.7745581479614,277.9879089614899
2777.4802779592274,1431.4500147852198,274.38426054933916
2776.047501323142,1416.5382355040579,273.9684964842409
2800.294188892519,1418.65948563803,279.70384124228997
2806.4501379006892,1422.115042623382,291.1356953026784
2694.97428418831,1411.3817114856354,283.78871658723926
2832.6440185736146,1412.7693015498407,285.05266383519177
2785.500055782652,1431.1609866577255,283.9863121920942
2896.6481587734265,1414.510449587189,276.5124319366039
2740.4175730550646,1431.824765664497,281.5541611455808
2756.6342745622833,1426.073125806683,285.48847130471165
2789.854551070837,1404.5246897451107,284.141687338909
2820.6612724843017,1425.303786918378,280.97275503684193
2702.461633631425,1425.2247982309414,282.60023247096944
2758.5449973941945,1424.2292860851128,292.31436982584574
2829.566008028692,1418.5812327361698,284.19721608578175
2752.593802678373,1410.5993254460816,278.42420321401175
2868.5013188188113,1433.4621276611263,279.629814968677
2777.3058200575465,1418.9842041127717,274.7292430170428
2755.031339932905,1411.1659383966464,291.7351797397315
2830.512212889476,1424.57468686088,288.0193486272177
2880.3808693412225,1412.5722002926675,280.4160651813606
2820.819812937195,1410.5091397171489,290.9041005938339
2863.021469961163,1416.2452738779757,283.1620002247749
2883.8317670318484,1413.3460223568193,277.8457679119209
2753.907066003621,1410.8775774801543,284.532262702599
2846.9195667029794,1428.0641176226177,281.99321735898326
2723.8264745348224,1418.8617218553761,284.189283891382
2821.245126589319,1432.522799455159,273.15454070171893
2796.434105474259,1411.4549052227007,275.94842921401363
2862.147510152103,1402.7243896236366,287.44235415061587
2858.612575649242,1421.4877034924941,288.4656874578203
2828.48916752672,1438.5597892180642,287.07556363484025
2814.921394974141,1425.30986829362,291.09323451793426
2825.4184338360974,1452.1537419621284,282.88684149106933
2803.0885435688274,1423.3205912094909,282.53541681415214
2796.940212944605,1422.3555221128809,275.4339654938809
2872.128908612622,1398.4463732894208,277.0973427957685
2878.144490983909,1424.2794744058854,270.05869538845224
2792.9170401148895,1421.686677600193,278.39256993816144
2811.8818201505374,1415.9257880179546,269.70736955583374
2804.082761238639,1418.6322113294093,285.40483085431845
2719.41507790314,1419.3189942565782,281.94199434275225
2783.1782211193995,1418.2007084706793,269.86915376801954
2879.985210052405,1440.8971496312597,279.05068153918256
2762.5112062484095,1416.2913797219499,289.8382781117425
2905.727173115065,1421.6931372385386,279.3716692458213
2858.6063154794692,1415.960989166138,275.00814528181
2820.0749075273106,1427.8343118664388,271.0724886534738
2828.042164298821,1421.767636999722,271.22176693778056
2754.139665183249,1417.200894268295,282.67789983928003
2786.738562388765,1400.7403205409282,277.83063688837626
2872.069955516088,1422.4330822528875,278.2450292920028
2769.2735330413234,1416.9042372642025,277.85126668278014
2853.05658784744,1419.392593431129,279.2988002526763
2731.147990528147,1408.1754205275467,273.8641850064848
2740.0920793762493,1434.332821727202,281.58052496844687
2895.069233279316,1428.5674317584387,272.88646878121654
2799.408142687984,1434.3070599764062,276.22078770979374
2773.075005650283,1431.4697930078096,285.05413848832563
2868.137041349948,1425.9231730212746,281.88102499862595
2862.291077748175,1408.5771749127355,283.4284092310069
2846.037728262862,1438.4338716407185,290.75194196408944
2771.5051040293947,1410.723648491125,279.7017299484775
2785.654121203116,1417.3159237592504,280.1073013001249
2815.5814411862366,1427.0690228062692,278.6783952207483
2834.7199671073618,1427.565407871874,277.78292926303925
2774.575821299073,1425.7223672694456,274.94704586303106
2808.5368555310347,1415.9971151867092,280.4203240559793
2813.3695650398704,1413.9306837264453,281.77524303298077
2864.3384878187626,1445.3453256860614,282.05385169596445
2837.723291446756,1419.6068606150018,280.3218191343354
2724.6599177582357,1418.3822861536116,284.6308540240999
2789.3184845757305,1412.8644350906125,280.14718345371193
2753.560831500829,1422.4467034907095,277.9534905588302
2828.4043710305837,1421.9802280057806,275.36505909012743
2846.1576675252522,1419.837737912957,272.25512394211034
2805.0777992805124,1423.8172664678789,287.30207588968244
2786.5936484686076,1437.6353750244236,276.50472687256337
2803.458489651799,1414.049472937091,275.3716642835635
2810.445963673888,1420.430837422021,277.9123088583651
2767.9950174141545,1413.5215154744944,278.608056067331
2739.0644449615315,1422.9469836082562,288.19256217951386
2697.493047872232,1414.3153049862558,278.35926448454416
2863.359106586944,1414.745570085658,293.1669178270082
2824.8183121817483,1405.4047662594437,280.3184860232659
2818.125550567209,1420.9779478281966,290.2851412448563
2863.2599443976474,1424.2976962190498,284.4696464071536
2737.2265995153793,1438.604763531923,281.8051870992238
2713.218456207249,1424.6950248118985,287.88924066618745
2819.2115958259546,1415.503158767027,285.6111489697015
2814.6635687721714,1406.403209123139,283.17339542093043
2713.4346595163624,1407.7871299433452,291.58797004885844
2817.9760531070237,1407.0437166052802,277.5080364402319
2779.9888523800214,1438.7804203544938,275.02543162019134
2759.645597013121,1422.8781049692636,276.6188462909402
2783.328814585879,1414.170337807381,288.76136595041777
2677.9235714540764,1410.4014039484673,287.25380010543046
2770.431288830403,1411.4389215960607,277.3736905025981
2764.78527152579,1413.9070060549361,268.22674356203066
2827.855122346807,1433.1625521625515,278.9707748181064
2792.088493174456,1419.7005655294224,274.93367845704364
2831.943443683944,1405.5253358272605,277.53032014255274
2672.523032763166,1443.1045927473037,274.7279547612704
2758.0450888714477,1408.5983886063411,271.95230961510487
2827.7998525785724,1414.0916469007614,289.4160218416545
2784.5567684713424,1433.1014438763389,276.5816589802829
2842.2730266487183,1424.1514963260906,287.06333901629586
2709.769854530539,1415.3007700037579,278.8931454507657
2836.5555419844736,1407.6863307390618,274.3459789772378
2768.043039110748,1410.3330989107496,282.54534194964504
2763.1901457808663,1410.9350388092353,278.04471571533537
2849.5523523463726,1420.0703179784955,278.96449447168374
2858.095056497825,1421.910618172813,280.72452967169886
2851.734984804364,1418.5134537136867,275.93893582125656
2901.9320962524134,1419.6078618607567,271.8943182293982
2863.3401804221667,1409.4927680480569,279.7436519263283
2760.228170813385,1422.931361062239,284.81958851316915
2807.0819064067823,1432.80518636837,275.49204370544123
2781.9901045757533,1418.3720831825044,280.7698113313282
2901.454492997453,1418.1771329357052,287.527535742746
2855.2434977349353,1420.8300105205285,279.55117556363075
2790.555993164327,1431.1820485975938,280.4304718589793
2843.89548988765,1411.0527700056136,280.2760617680019
2738.390076684345,1434.5084733573215,276.5882778705347
2812.5130868822735,1424.2122223943525,275.0332274078331
2753.103875369846,1420.2868069569886,275.0536881533946
2715.5703899686296,1432.1323883666432,281.84091598503636
2839.226811876492,1408.1793792612355,283.7893618096637
2845.4295547593774,1425.2204553624472,284.02541119218927
2822.8606318105994,1424.3030956450662,278.1072857312227
2790.851647971675,1410.645449356062,285.46654270465325
2736.6820672576796,1424.606381229538,281.53681909755215
2741.932656464138,1422.8330517938048,280.3537111089551
2751.5360010130603,1418.2126188031007,263.30321668698207
2788.3163354137537,1428.6281755523032,275.91295194196806
2853.8089366802456,1414.2824574764234,272.39451048881364
2853.0202105539324,1422.7032124584337,283.13536753532054
2717.571620019356,1418.6832621754468,280.47516665965014
2765.3383331641526,1413.8530317699233,274.64006806807447
2763.991949021408,1425.0288468511876,281.5218127923383
2673.420843574938,1417.9226425265085,272.88253816896827
2828.306047347495,1405.2699354129045,274.7811845086621
2787.692008784074,1401.9893389528202,276.4488933456753
2794.342873168451,1427.890574680832,282.7006816092243
2867.293552918782,1407.7939989277318,286.9972083960195
2804.415450664218,1422.793844934006,277.06995775828034
2778.463476751699,1420.5495189362814,286.61229320804136
2828.6038810502473,1416.314682230291,280.2370177530573
2852.9435923287783,1439.5666845721535,281.1806908046261
2814.823378302461,1421.7967401846045,279.6809772113628
2834.4594799349074,1427.5563348268206,279.0134312330697
2792.7216175128556,1422.848162153398,282.19650018369464
2795.9071126820168,1417.6846057688251,283.7016059309102
2805.651035514941,1419.8091124976406,275.5769434818207
2762.343952478367,1434.585427656605,279.0534976521525
2771.59691928152,1430.8810529260043,288.3463754861163
2868.8939820909236,1439.519864316886,280.8859432715926
2900.397804793116,1422.2164209297289,281.43346927214577
2879.609895701909,1411.2306293429924,285.8363426948371
2733.8371321615728,1415.5948305564018,277.49377750357667
2729.0071232707514,1408.1222180820141,279.83019689049377
2740.464528402742,1427.6704412887527,284.0842244829929
2806.719372093974,1414.1408368392276,286.1945111563917
2659.5637703821167,1389.4468205368048,268.17428353247294
2770.559921669025,1444.6377569832994,276.31665604552313
2870.3549644580557,1414.2939886151169,275.00817346825363
2849.1219415364453,1414.2340907451419,279.38087448303975
2774.5452674713247,1436.7161169266037,275.38663611703265
2778.3322279414683,1407.9174854920248,283.32052749754956
2828.3620853403454,1431.3660588653318,280.8620517052445
2846.76343776221,1414.1255755657598,284.4459508467708
2773.343136613012,1406.7620455540314,284.7650397868678
2788.2816989140283,1437.0571776137813,283.39543009207927
2771.699513573999,1429.2309694706253,278.32104724444986
2733.4325279312393,1429.2000098451504,280.52138769378314
2789.0128125989095,1423.6765554678877,277.69563047340097
2785.2036229895616,1425.9910163307768,273.17632343015106
2736.9677942005674,1407.6784197525196,284.76893923543855
2832.3040468818863,1421.1161085724466,279.5796768636535
2824.1660339312944,1410.7123699954916,272.4869401793769
2834.7859850422537,1406.1105948093696,282.684747855438
2761.5964822267815,1424.1095333070803,278.88025541188625
2700.8212160942676,1431.5814955565954,269.7009801368956
2823.3665564822822,1416.1663117577193,273.1313536376766
2766.7943642685145,1417.8798710766546,276.49694420669454
2755.466593337715,1408.6184935491697,281.0525602922194
2737.1473462678277,1420.072171460879,283.9400999252528
2786.2338735956423,1427.6007611238842,283.7688446534878
2878.8663648525235,1427.9152773672777,283.0143147746515
2774.7275239322244,1425.4517617563092,279.8281881415401
2745.509847791653,1413.8156883280546,288.61116155299106
2832.5966700515014,1413.4987095657284,283.4993562199994
2808.6406139885644,1427.9540447324093,281.1105268462114
2694.03493161559,1428.1199893221674,282.8329405286518
2833.1173159876644,1418.2800501456811,278.004824984222
2906.42338842508,1415.7382809243431,279.71378199482524
2669.9732036285486,1431.672470934457,269.5902298022422
2738.214698798894,1416.4005133518676,278.066261687612
2657.5736455674196,1427.459322245238,288.79944007883387
2796.2347789629584,1418.631568251419,280.7418763864355
2849.519311830568,1409.52467218963,280.53369888680805
2805.275037489814,1436.123121400237,284.9930204757464
2869.5997849056334,1421.2006389573148,281.7891270781119
2841.527514516507,1412.892560201119,276.06758097871705
2885.107366175109,1406.091943322248,280.1182875609516
2858.010538405355,1407.0999920176316,274.3239043766074
2779.852846569525,1416.2708859590539,280.9180608531014
2803.336322811742,1439.251288835336,275.8112502379803
2756.5661542259513,1414.1533812132575,284.6414730601687
2788.4671915565978,1434.4745483234622,277.44879689114333
2803.091583600906,1418.692363313969,275.8764804543273
2795.7546338232323,1408.1884960889831,279.4358400584426
2867.1126763151806,1415.2678881154961,281.8269590956486
2783.4915968746586,1407.1901207626256,273.9633400158008
2753.3956793221323,1411.4403154803615,277.39366701338207
2756.5194482548404,1411.1425193812408,280.525811528467
2832.7550135811266,1400.9619613251873,286.69184274768264
2729.84307959555,1435.1279606881474,267.35642117853115
2789.9406914924543,1422.1101703022227,283.07581601841616
2866.375012272771,1413.137215943819,278.0821721779695
2814.6299222870416,1422.217577464334,277.52694826552164
2796.2697305440624,1411.6451960635793,276.5943651993212
2798.2044798180787,1393.2893803463026,278.1805220818287
2748.5217703886415,1449.5669163322655,283.10408600456
2757.143264478273,1421.8959987667706,277.3160676442236
2790.240916354271,1414.1098696068523,288.2929600790681
2813.563651505465,1400.6608518832256,283.11933392146204
2847.4075005901054,1405.0585020485744,280.9898606257644
2804.628030858572,1436.544919295549,279.16971941091685
2867.6387087877124,1435.0193854879847,285.9492710191405
2880.2599007604763,1427.5321503599894,286.68009843379156
2839.76336062411,1408.8492296159018,274.1930892637288
2861.249070402794,1435.0997398797701,276.4905094730045
2750.464323930595,1424.4978261794436,283.1731510319601
2742.5400532655967,1426.5492444835154,284.68340472222013
2825.8986688145083,1424.4617094444325,278.49829725845365
2732.9395094066476,1404.930128153739,276.2877757014375
2785.481407799203,1408.0183904925311,280.39306312983274
2838.559595266487,1414.8978183359163,287.3834671537299
2870.6686462342605,1426.4363970753311,280.2051713002607
2787.2892174855965,1406.1956791775685,273.68029615087437
2767.5027852346157,1418.246535850558,280.5479161378871
2816.0230810755793,1418.2339048983695,283.9137403561493
2746.3228278238057,1427.9273968932757,279.4931134432512
2791.3360675853287,1426.7467153560767,286.29083406241955
2799.599997586186,1409.8977407094787,284.32924517758744
2798.60080036646,1434.466861694873,279.6912053815182
2804.425173690894,1408.3676017124972,280.2157200982023
2758.274257221393,1430.9223944190076,270.7912014740839
2763.650350369079,1414.498551016516,286.0511336245608
2762.6441869483688,1421.6392595343336,278.35241325664845
2718.995283040247,1422.259874601043,278.00021630361823
2817.0915160923055,1421.977074407088,277.2507319673629
2844.7328725846,1426.7449919843457,282.28348781245046
2839.8155041426767,1423.9145949793353,274.3565349961867
2786.8751569769624,1427.8364912987054,275.0791360914373
2759.449738026806,1424.6461996034514,279.73737449150326
2837.2157321181344,1407.3554474107416,276.8674333420757
2831.9461511187274,1422.6979907455798,281.6761678668654
2810.871032121815,1414.3613009749467,277.0505536031691
2887.215562621164,1408.9073752209272,287.9751813218779
2798.678723931647,1417.101601073227,283.46728753392205
2787.155500803756,1421.8323559903508,283.40443106189474
2780.00913344627,1422.496750279878,276.9751912308935
2721.9561146759597,1430.5602474514026,292.0283983721972
2833.0669982071145,1433.0730911897158,277.80494492862834
2794.725731642111,1423.3628083075735,276.4309486135494
2825.49656206784,1425.1710637700942,283.53371298477674
2892.093900104562,1420.9530903317566,280.97614066470163
2780.462411504769,1427.6722546364958,275.90807845379413
2683.0995641604222,1424.8698813883707,290.9792358104429
2824.0535184755386,1419.455119061422,284.87799749096416
2808.342969494634,1441.519825670043,280.0200265063397
2763.377306201434,1414.538166365582,292.0055506554163
2819.863316781075,1434.5445695670833,284.05390072144127
2839.3048160052185,1406.4570707367307,279.9404951510355
2752.6695044894227,1428.1361653645145,291.4071882258846
2784.9334069298307,1434.3656835172683,283.29492366737105
2873.837686492446,1400.9278092899208,283.07622631160183
2763.918890438532,1421.389505730551,278.0682618641975
2803.3334877706893,1427.1541404124405,280.2470674284982
2668.779441697806,1422.5196360412806,277.94653502067894
2725.907724945935,1423.7815593560697,287.19867873020723
2807.87587486664,1421.3622316237665,271.9529292829127
2861.39939047928,1409.0575217363842,286.8293521653242
2731.89851589995,1443.6804559215543,275.6132873565103
2803.728203103025,1414.964621366842,279.7103939841824
2781.214104547314,1424.3416123877892,278.5239180608788
2847.6544027496248,1413.5316032291457,277.399237567524
2739.1098347338707,1397.241368099793,283.44892074067747
2821.5038824183744,1410.7548712625103,279.97405393335595
2767.315465650187,1405.5239330772486,276.66150619925554
2811.1519012413237,1430.9156753922448,280.76997765088896
2803.4465526154236,1413.9313198395555,276.51956636666745
2787.4110462928693,1414.8590866082004,277.3111225049929
2823.8905923134694,1409.3566928739626,272.513684554806
2802.182636715148,1420.940353987151,277.7484550325762
2793.359684896165,1412.8354148363871,282.4710226319727
2782.1791732988627,1429.923547312468,280.18562458979017
2803.8799194872668,1423.0203932308916,289.0753183448657
2811.1021774073038,1414.2817421427555,293.0640873686065
2750.542895995969,1428.5023305183702,277.6789080183964
2782.526438104131,1420.0794052302324,275.83341121147856
2747.240702768441,1420.2149690568995,285.6490827317947
2798.007728860961,1405.3736509626808,281.67604121016274
2770.3833897572986,1419.289138672147,285.6793713850749
2838.539157399063,1423.21544639318,281.99415365602255
2833.6363488878346,1433.3356682219835,279.0282107666211
2753.8625718217813,1412.4810637009668,279.0565747589061
2799.884632730076,1442.7810862338551,282.16388389183027
2831.925828962418,1425.56868316829,278.9444305214257
2791.2345839917984,1404.8058812396619,286.09750621598937
2763.589123759723,1411.5480188591443,273.488313802494
2745.37982359776,1434.2099916421682,286.0707181803055
2842.713378078918,1432.432291429624,270.6329962604198
2845.1356574142483,1420.180934815605,280.7255114318061
2789.6026200562974,1421.4991770305785,278.34478634688224
2838.306879226334,1408.3538972627402,272.41822148174407
2651.739473505733,1433.2144274023535,269.69990291660633
2866.3777325354617,1410.1223291322553,274.51242664947415
2792.152759736141,1428.4474111112343,280.2284216328017
2807.0888280399745,1433.5204236866514,276.9890793561014
2783.9741138167014,1420.481555542195,274.7952554941441
2869.785374093375,1429.676113661222,286.76140541461194
2746.9634188022233,1438.476397080257,273.8390766103572
2873.7230163303416,1422.6796879921073,283.39558665774723
2819.8135460472554,1418.2469818356806,275.555014958089
2831.133210795908,1419.3314714244848,274.3859703342072
2783.5397718335544,1412.570120973279,276.98080686538555
2734.5890401051815,1412.3441620726312,283.09958023602053
2846.525538276805,1424.424067638257,273.1426712170096
2815.5704175594665,1418.3605017785071,281.4372763025335
2868.0811729154407,1423.2756917685126,275.19620001164304
2790.311183989215,1405.1006385014744,276.0961656487697
2779.0384310550544,1419.0738117481285,282.0032079452053
2869.4044118320153,1430.3011785009046,290.8674141497224
2895.594708224872,1408.81075723024,275.444915050062
2800.4673588182864,1420.1652641413455,283.599402918285
2762.362125157145,1401.4539068910158,278.4364381138352
2840.5265381394775,1406.9453797772683,277.62628272601603
2787.2989716914662,1428.0766088767805,285.3568800487508
2829.96314127004,1416.9071570668705,275.7823859457005
2787.0362012810624,1438.2207286553855,274.2294338660262
2878.2007009105905,1424.324431104243,282.3008789760954
2765.025524747465,1425.3059566488932,287.97391898243376
2824.026483126098,1409.235179501051,283.74997352645573
2775.564901488394,1416.1489462315556,272.96491309631733
2785.9246719289617,1412.6736381795238,276.9233347801554
2779.397217261971,1409.3455826044942,284.89799120788405
2836.9304033046706,1426.6389312609613,287.905551089543
2845.9181557466936,1428.6451586576868,281.1435566263721
2827.8869414466185,1423.9893719416746,277.104137329461
2794.6008266627364,1411.7193280677402,288.2300941968431
2807.0090015500796,1423.3073003509746,279.62703207422413
2844.8860784229714,1400.8732159853434,276.9709571292282
2846.46557936038,1433.2300926870803,276.12533730912486
2665.4862184323233,1407.0184982436256,274.0249082650557
2786.3888914113654,1408.7954101756154,294.167902147283
2788.7870604280256,1421.1529226957018,287.10478932730297
2833.462628206308,1422.0415956024206,276.7185334197486
2796.6614591144626,1419.272514015482,288.6591296336096
2835.9591690474645,1408.898720590177,282.66651086701575
2746.0669614484723,1431.333479936033,282.3705400065957
2813.002725773039,1403.1405079893075,276.41041484941985
2845.0102826725247,1405.1673100955156,277.4293641092703
2726.2808565340924,1418.9301722804553,279.78787982708377
2925.682173410445,1407.3576601815562,270.1722550277994
2859.544296643326,1432.2262527627593,277.5658992830046
2800.067665123282,1408.217853645871,280.0224481561671
2758.5795946380617,1435.5702715221032,286.5475945323362
2791.2457424863146,1430.3512216577158,276.91726226965716
2804.190117980567,1432.3505573550758,284.06069055557236
2822.0331278406024,1438.8710598295324,269.69753089964416
2875.0330424730014,1420.8122792409577,285.8351508773637
2776.1950765278575,1409.8702540418005,275.4982651644412
2828.1354918786283,1418.9699212423136,280.6513648453738
2735.3785418699945,1414.3333439459104,282.0317155958961
2779.3199642837367,1412.9080872748627,281.0508977867793
2818.835842393468,1421.5085343680682,279.4661012067302
2834.56312455044,1416.8829578579225,273.79241857313355
2762.338376166769,1412.47790315683,275.55229540855254
2777.9604151994045,1417.5459760741273,284.982159716108
2873.027831779177,1425.489784642037,277.0131127060329
2858.0954309814024,1429.5641720659269,279.48352203318257
2810.422860852618,1403.97076086809,272.5395687145471
2688.167742338964,1416.9679891367146,284.29286680762465
2925.5566273845006,1418.586567945253,273.4025847992996
2799.0034219171375,1408.1747997777236,284.5798140430105
2784.371647098934,1418.802942669593,274.6864411967828
2773.882003707294,1421.4799560954002,285.07254015163886
2818.8183518599553,1425.18834545281,280.0509645765316
2819.3291294585465,1420.7715802563166,277.2062130177645
2847.5313936563257,1411.1905059000244,288.00200877724063
2753.6968917825493,1440.1203002757184,279.65572503590886
2784.375256092937,1428.291267716216,278.1909385337201
2901.52728616121,1425.5271974464986,284.54558963799
2811.2295316624995,1430.0483125701094,272.59771444240005
2791.3737813336625,1422.4460917181048,267.36417197991705
2752.9191117208147,1432.8630088552195,285.78989986818436
2825.296715291038,1420.5687195028577,275.81848960673983
2851.5509108521223,1420.017474602742,284.3231121269325
2843.7293822904903,1426.3522847879121,280.2308118588901
2787.0599568195544,1435.7635754629093,274.18005267936263
2818.062614168177,1435.1204861528931,283.036412098371
2883.5829718324308,1425.9284759826,277.9491490488446
2853.5441146085736,1425.166118585768,274.61329831846746
2760.791862890334,1426.9604241109648,274.74351813901626
2672.6997467689266,1429.856209133366,271.3358062291414
2814.8386253542117,1432.9873193941323,282.0151244109137
2839.9284063374216,1417.6341591599614,275.32299627777405
2745.5387754063368,1433.180612898374,279.8263893614757
2799.560523893861,1423.429951140713,279.09138752743814
2786.815046706346,1426.5093162249996,275.29221659410166
2805.21431611161,1433.81949321534,272.3855014293059
2772.7651856440143,1427.4706225009068,292.66855414565066
2864.5255498813995,1429.1599556315284,279.75733737010876
2807.398444031638,1416.1058146671758,289.1169147638015
2756.0491556917623,1434.9831154374967,285.8246839186339
2845.873107679686,1426.9568671107613,278.39417349254796
2736.7906202004147,1421.260657178405,280.90482318669905
2864.2247188767565,1431.010743868931,280.75957890983574
2849.5529712111284,1445.878304977605,289.2210034446622
2869.4887647660394,1408.3107549817807,284.14916845821705
2792.087681377919,1411.9626737707672,275.96363626986863
2775.194301010831,1446.8530530883588,281.7580941827736
2804.2010880466546,1424.2669484230437,284.02157170710126
2795.7781606822236,1421.9086967863157,274.1234047554746
2767.3631857218243,1418.8461425833784,282.47074672402675
2772.318834293718,1432.0843600097144,286.7274447810256
2781.6813576366767,1446.112473088103,275.7126367418743
2741.499815678007,1413.3481145926664,276.40340716207743
2833.898164479967,1419.0312327281067,285.8023625267367
2797.38514312145,1416.4927287143214,278.22881843546753
2784.5810765383176,1427.3286497681927,275.0899579329045
2744.482291952916,1432.2239343765057,284.4113652151704
2741.9813511166267,1436.2093278533312,282.8842711836292
2896.7957025361206,1427.6671828262029,280.4719695374804
2768.6371268569214,1445.1933279124362,285.62291314224353
2830.526419710466,1414.2524701679258,285.9781762159728
2808.131723495009,1411.6545944756729,279.5858854558861
2661.240576944595,1434.693442933162,289.87163193776354
2889.6225411569294,1421.2283231959634,287.916949767135
2834.204198938806,1406.2405967658472,270.078507750547
2761.6164922847597,1416.8393702836256,274.8494128828341
2798.58167477852,1422.5565865409728,268.7235409017888
2742.5408316298167,1413.5375176209263,278.37642502637624
2891.311023923057,1409.8533931290542,273.9439090084997
2754.6171145879266,1417.9237086347412,275.92840800630165
2773.845800165267,1409.354665796383,285.45284073391434
2763.5219460926205,1426.3513103898024,271.2258547013246
2804.0189700104584,1400.5619515310716,280.64867870515405
2868.5158250069658,1420.9042492796543,280.6183822124021
2889.468722454758,1425.195098881083,279.5880535622393
2780.050192788885,1419.0945876025162,280.65389340989884
2818.912949115896,1430.9322289707088,268.8385914479212
2804.0952706302037,1406.2943876579586,275.9522274210115
2750.919536777797,1412.9891049862388,287.71500432628693
2921.1277787297972,1416.699653537491,274.0156445724516
2868.137978114813,1427.127245694093,288.333054067821
2809.4557924855517,1422.1850758604612,272.96588794110795
2879.0938046749493,1441.4336598274242,272.3647968379384
2860.6053356358902,1411.9421410302612,275.2411059136795
2804.093067054088,1406.0501110141936,285.6454148414346
2816.2981802664,1437.8908898293307,277.26939585125314
2875.606307118833,1405.6914141606762,281.7270349421957
2752.692320943516,1426.8306271139904,280.368184610086
2883.6845348660668,1410.2132995797804,279.7276890863484
2788.744371965744,1399.3068164915233,286.37059046303784
2876.2338371423784,1416.2521620618677,283.8575897049352
2799.738670126859,1428.9949996247717,274.2854840141881
2816.8803111236484,1407.7822891152694,278.6221460820417
2798.284582171377,1425.7609472814484,288.7171991001542
2773.4078188594385,1427.6286356118644,281.5978089458397
2786.4972550927846,1407.283098584807,272.4607701795434
2868.955570158428,1417.7223871128763,272.81480548811606
2684.2918008663764,1435.7707482232715,284.4507265428311
2738.051702759758,1426.5059261996375,283.51218658588033
2763.726414532095,1417.3850753542397,275.39317212431337
2746.082760378199,1424.1529548125393,283.73815089487175
2875.4989805207742,1413.1473669152956,287.9969606835962
2862.8838488926604,1431.1369567838503,287.289294198303
2829.6015904697306,1431.1326006460215,288.0213901841123
2768.109796626123,1421.2090591508606,282.777443875314
2866.752593339707,1422.307061564577,279.1117009043506
2720.5935037002228,1410.0120312499432,277.98759959766585
2907.0991320073967,1406.4796357293217,279.9130655569358
2765.7685101411225,1416.2339525605846,275.6198834777157
2786.8982389079283,1419.1259829030882,278.20350637740484
2778.5328074752642,1430.6262749738798,286.37559874148803
2746.344629295066,1429.2242775061832,271.95464495781255
2896.255656196846,1421.848328883591,272.2966513715429
2839.4447315392244,1431.9053898437278,284.1526530220921
2860.773527103989,1410.565138211856,278.2491353765826
2738.8165363969615,1430.7733688727837,270.3717848772083
2809.0468913502,1412.0957128565053,279.6933292182978
2826.0514344665703,1432.3969453006425,278.97939207593197
2813.537826177492,1419.8665353523002,277.84457761754334
2741.9813274466,1400.0171332346226,283.42853013240745
2853.775001056532,1427.3015716403145,273.334022156042
2806.0775041392576,1428.0954575950077,280.064927074298
2752.2517982178497,1415.4341994551141,278.9451375269378
2707.237473022367,1416.28740421606,280.18912613955854
2830.333325674494,1418.404547201154,271.3390692093164
2922.522786706575,1400.7484818737373,277.38675555929996
2749.237286332686,1396.3527182690486,280.09884595518616
2808.5223525206484,1433.016256381304,282.70579818148946
2855.524863954579,1411.7593233258942,289.2319825270625
2736.517386694935,1438.5526410957636,284.0297419436951
2776.0021615457485,1433.704018011389,282.30577600316707
2756.99206103693,1435.6719531426975,286.3573739614019
2849.2338347412274,1413.4970104753284,278.48088776728383
2866.276128467703,1403.9159881306941,287.76964081817425
2807.9518132365865,1409.1311769340564,285.5963639503106
2757.913296550295,1415.5354527284708,277.7706110467877
2777.8604531036076,1396.2677026714937,289.6197758786665
2768.475074287662,1415.2457431087582,282.2346765745334
2751.1365569188497,1417.9832197248888,290.9648448803087
2794.898089959077,1407.055790284133,281.51591127141654
2828.741324223093,1409.5951490175416,277.19035070244684
2824.512872221426,1417.794014788192,276.162316783233
2799.5883817715244,1423.562865483103,278.2212827263353
2802.852691841268,1411.0917733199976,277.14352528985165
2795.922460245511,1422.9225260957628,286.3569427847935
2735.1394230416863,1421.3684600798786,279.85512877724875
2808.0067448491436,1420.4688585901838,271.92988663718796
2770.8187207272676,1413.4798587614343,281.0650215793584
2732.632839042028,1406.6662040396461,280.62756521555144
2818.535278355779,1436.9645197990073,277.65696189415496
2769.4134981790726,1426.3030591645743,281.33796010992137
2811.387696062942,1430.0573165306073,279.77945283435554
2842.3818907534715,1419.163703151611,283.16882683688283
2752.4880639427383,1418.3597455773986,282.8748946934161
2804.6060641036484,1424.906596807254,281.82451428199533
2709.4788559134818,1401.6531164954774,273.5057204811497
2876.626654530464,1408.8535653064685,290.59508364071155
2732.046675155561,1412.0222512197163,272.2200714833385
2774.259016880131,1415.4543357745824,279.3564541159245
2866.9189951881976,1411.2030432052984,274.527833243256
2788.2738536959505,1423.3280712525075,281.98169080830064
2740.130115684985,1420.8144723446283,280.69202862403654
2835.6536616143267,1433.9286468975138,279.15616957689895
2834.5266231075593,1444.7375915711257,287.5888639196893
2768.3406830317385,1407.3714975985156,285.5424795858856
2773.75367396098,1421.4730521396843,278.36442328454234
2778.229551469096,1421.4552587820697,284.0206732095813
2789.6488019656986,1419.8580193023533,287.82340128919225
2705.35144615391,1409.151754290345,285.5067251977148
2790.928806944095,1410.8280255435745,279.31890707266245
2889.1957099091574,1422.4040561191612,272.0484954928524
2755.2015016381647,1410.5464992669276,281.6232395245993
2770.8253203265117,1421.5927197216702,283.34305167696994
2740.8191168401804,1417.540502154544,276.1519154985824
2830.608096319768,1421.416579031213,280.11272633529023
2860.159867907119,1410.4669952956556,279.5855609561699
2859.015891958881,1421.5746924233454,286.9385531790262
2737.599470555317,1411.190474165234,289.26908087795044
2824.989586524848,1421.6069560865692,285.8760723515035
2871.687501710712,1433.3939612243917,279.57222158411946
2825.483155385506,1422.6098385001608,285.73858123473906
2823.920484167189,1423.2187038238305,283.24394102915136
2776.417871068242,1428.1720651749754,279.6255021180913
2811.005491189683,1405.9644165552675,290.4619514450165
2861.81590898532,1437.1892157372301,276.3099078005875
2816.410448421438,1409.4441000738764,283.0195448780477
2737.586262198514,1428.7966099736893,284.1978032277696
2777.1979162857015,1427.4690998725632,278.56250580238134
2860.4639769444498,1410.9783363849524,282.7956909393967
2816.237166017555,1430.0888613676677,284.72748625110574
2805.953103912154,1424.9781276641331,281.2231721026396
2772.299223337665,1438.8997864440225,282.3624778167139
2859.429959026722,1421.9337875134129,280.5271556147451
2883.120629891113,1418.914566684774,283.9876005576335
2863.159456150902,1414.852374720818,278.855106654031
2872.1295810722686,1402.5664472864883,278.44101108303573
2782.0646879616916,1416.8177243524883,280.10280076924573
2774.991545131305,1417.2410160574113,285.9183443709916
2792.1827413250408,1422.6205818255744,271.2631842566451
2801.9286620988128,1405.7689688911753,275.4531534164459
2871.5509890062626,1417.6098778881312,291.3788502414272
2858.2943369734207,1425.7625139202212,281.3759420838715
2826.9234693627245,1426.7550967549253,277.96481976518646
2728.4406617076556,1401.4018482386268,283.9742591774414
2715.598907770156,1427.0640660865322,276.0748649989899
2812.0231372400854,1417.5342608687852,269.48605543902505
2844.0131602800357,1418.1498912250145,281.77399973873696
2796.021647550693,1396.3548463014415,276.3460808297759
2895.74522524892,1434.9357116255787,280.5069488906495
2745.877947810978,1421.767988850113,281.64700394919237
2739.58240252522,1404.685395734773,280.7105808478289
2766.785951276284,1423.7520157491647,271.4550229394401
2764.8851393404384,1423.4447844084702,280.131404212937
2826.314293434099,1432.2254415293298,282.22300970682204
2778.914407407825,1416.9031123070913,272.99970368387875
2722.6079769360667,1420.1199606893858,272.4041322057673
2844.5789228347558,1413.5719219976208,274.654877070728
2712.0024036963937,1425.9794861399273,283.7338236938012
2746.4390888494645,1412.1650965832496,270.00842126756214
2718.8646714628067,1411.0700948291976,284.14886925572176
2810.3560638535437,1419.3220246222008,281.96027874145113
2809.3023856075606,1407.7413622869617,278.71249024734044
2895.8227160508177,1436.0213121853924,272.5968516879979
2845.6913328072774,1439.2726672774188,276.0176622755439
2872.08230916711,1415.4640991457818,283.90952026005317
2814.4304825649247,1406.1340499344283,286.2836260092168
2751.1534089454717,1423.3659203890206,274.8431859117937
2806.405380099675,1415.1789748203107,285.7093175514189
2829.6210503693655,1431.7468113252803,283.42937616354067
2835.1903691125785,1412.128534044701,279.96581401117606
2776.379392794583,1425.4451322242844,276.310724351798
2824.43932368912,1421.139935893917,277.09304989360004
2753.3486014579366,1413.237384893866,289.1146130807715
2747.8361202944643,1422.4004982849194,280.8922090710653
2744.2107644307257,1428.7853255847485,286.64934171005456
2801.23129942784,1420.8684851905539,281.20778991644073
2741.1081822461847,1420.9728466512627,277.73651037204286
2778.7627805064494,1411.2721657214634,282.9204509021757
2845.1458275706977,1431.4420479790413,290.78917536039944
2748.5435160960847,1430.445465781432,276.7794166975695
2774.784398324784,1415.8944081131351,284.56934451723674
2803.5815638388085,1418.75711540517,280.9525449114381
2812.3443450766135,1434.1422067269032,272.7524099181384
2775.035470459722,1408.6642917895254,272.6406307858004
2839.343003436758,1426.0428839135877,277.74008126530725
2829.5226150392364,1414.4138622686887,281.7374429207046
2856.992830218085,1437.7807787675165,284.39186484844254
2795.919903782647,1420.6344672866533,272.1454347300938
2774.359059527183,1432.6037851814003,283.2634876007857
2765.868398899394,1412.3867265153888,279.408098722349
2815.351375896468,1407.5147131767574,280.01656890766276
2781.1422108594365,1417.6574054279888,282.94305923016424
2771.5415111159605,1422.6268345794683,288.73052660058664
2777.585636787734,1414.8926831798358,281.5182090020305
2765.8154757437874,1427.5830742627497,273.2163150864548
2809.9510556381365,1417.9004643218957,279.0645374353539
2729.370840872797,1399.185628382334,284.2606701157324
2815.150814623748,1425.52811979193,284.42521698458273
2833.8274380201474,1411.1746294085285,283.32912187045156
2770.956043091135,1416.3840261832347,277.44984422330464
2896.1018469803275,1435.5313120353935,273.1608735119135
2800.881065548843,1437.7281172412108,282.94753877911967
2721.9328508450058,1414.2450656490719,273.92881570201035
2785.9378546831663,1425.7778663063184,283.4650550821259
2803.13280724679,1414.4772550957734,283.46644679347315
2822.448377778511,1417.131270211014,277.66153531634484
2787.1284737944575,1413.9422458510144,279.4376835500792
2749.4214862147805,1402.7565631960351,280.9933893355978
2745.2509690943857,1420.9505522373372,276.92592663339445
2767.3200357409164,1422.8816538694616,273.09159982944976
2772.111231874062,1413.2899825468887,279.8039036147655
2743.251291755037,1430.877917114371,280.3251630523992
2763.3593419448152,1415.6391978290478,286.80523681826526
2832.9729262219676,1413.6278817514099,276.0900396418607
2882.4206303847245,1425.265031181081,285.34248086890557
2837.773085693548,1404.5731801002746,274.2646526053678
2865.2930543093407,1429.066790317028,273.27698900150614
2848.705923411685,1415.9783084260564,278.4956877764536
2841.6565164199174,1429.892860763941,275.2954549469514
2783.1101868471337,1432.8813052582916,273.2069209631078
2807.0455439193474,1426.4015344235713,289.72165157907386
2778.969032877199,1411.8802670727168,277.7417618182203
2789.0446418833185,1407.491682935156,291.55651793378127
2803.4083550193295,1405.6592733666475,275.02633100550713
2835.6783075789513,1431.029107017013,271.457267166835
2821.166169075756,1418.6519988779983,286.45644859464164
2791.908536849282,1414.0077820546915,276.3667168386988
2802.7769370445835,1418.6791784846112,280.6943289909941
2821.6731837096763,1430.8062120895418,273.2218325749356
2833.369721902892,1427.7873978535954,279.80943429034977
2724.0502418371398,1424.3850615570886,273.1418696507145
2746.130551805053,1426.378860574264,279.63046301144516
2855.365526696967,1421.8017235549694,277.6303373025576
2796.956521503447,1423.0211305729642,281.15133865193053
2778.796170331651,1422.2102523115104,283.1284568555441
2786.825026353698,1419.9993875437244,281.2053999959961
2786.8147347211725,1427.5337388383127,282.25523271081073
2827.8968890762185,1423.612821062004,279.4548366230024
2744.5991803009615,1411.1928496889304,277.82340649217184
2801.2388873248383,1425.2887438552266,282.3505934139478
2812.3058864725203,1422.472470663793,279.4427609206091
2819.813395828275,1426.114134689151,279.6334510894293
2811.1431998105145,1418.9579308638497,281.9887248272343
2825.7953115157015,1428.1174031376715,274.83392200988743
2771.365192447084,1419.3859144913383,287.1480554704722
2752.909863383752,1427.2387968660055,278.7532170972187
2922.850222162526,1415.435284840495,280.6209080798504
2784.9367657712883,1416.1274594590104,279.7774027603471
2790.777276467272,1426.0205252321011,283.2637157695106
2833.892004885894,1416.6822660625526,281.69590835485417
2879.804464609712,1442.0578269474815,279.75038026565255
2772.773594153265,1425.6644498677902,287.2437705806844
2750.0592365905236,1420.249234861542,263.98327195397655
2737.8923324604193,1428.1990077675885,286.21337190233476
2879.655311075146,1415.1931959002347,284.6010770259548
2748.0946506769483,1429.2301481923303,270.82091683598776
2798.622203174222,1428.9523521666354,284.64641608858625
2751.1357583978515,1432.5353405777955,285.2923372277977
2727.5822041020847,1415.5919046865142,282.8088174494053
2785.3812323453158,1407.7726674586224,272.2045627815929
2753.110666682942,1413.8984536079745,283.4132635878211
2765.4185787288343,1417.1836948402724,285.03598428000964
2900.30525487087,1436.6721160085176,277.13896752609566
2821.24480520862,1441.9501202912775,282.2056692799303
2846.5734759776997,1423.4466230464398,278.23396052240275
2841.232978142463,1420.093906080186,284.4268849525842
2794.9569538460487,1416.5009216952578,278.4324665738613
2778.014082031119,1428.2469035021086,277.09941268576995
2812.4467305930557,1441.885813919915,279.8035172866514
2808.422538496625,1437.8585089118826,273.2917393975832
2771.559729141735,1431.3797661260583,279.3070900838382
2806.492391523343,1431.2330253111386,281.8104636867912
2764.6835146651856,1428.3230988625412,284.34979634683174
2791.427103467958,1419.5270935429146,281.244783693191
2783.235826274133,1412.634517774592,272.836991814568
2736.556370369711,1419.7918591067205,286.7613556911488
2682.4420893443917,1424.2233960213134,287.1807925318712
2753.046837503015,1405.463661012817,280.5628362763539
2890.205233229315,1418.4704927063378,276.2402918942567
2784.5159108981634,1411.7406764540872,277.3419103176923
2838.79840804482,1430.1384116106815,278.98238801140957
2693.777742845332,1414.5029159784328,281.3933422809883
2749.5856966017836,1423.28220331981,278.4775735924513
2732.2755191318824,1412.9997970706443,275.7080623304941
2789.8849994956445,1435.9769932596091,285.1150494210822
2921.097774026762,1402.992430634654,281.2864294403705
2823.0119471613957,1424.7584037684396,274.73813988782024
2884.7806266639045,1407.2274233156006,281.45655228142897
2787.278163615717,1414.9066734951514,280.8093541438954
2868.2434686927536,1422.0618670368451,276.40973544027804
2903.6628353341443,1422.5535703131684,285.9752487980549
2794.5315466794773,1422.292668410954,280.6744460321366
2773.036764438632,1421.517491409755,278.91689178958916
2734.1094531504923,1413.5815573812656,279.5825912596229
2784.5469870711513,1418.3594667691118,282.21958397927415
2804.0948337600394,1420.3163401617892,279.6390829273495
2901.5476808674575,1421.9536039675888,279.5972816348056
2735.251301295196,1419.3431952719302,285.3298253416269
2802.9830946848488,1427.2959042098446,272.90797836256365
2709.2845939305193,1420.9338697015094,273.74223430202517
2778.661858558072,1422.0132596762162,283.8848167999597
2815.569767870601,1416.1734765168849,292.07924893541815
2825.629157634428,1409.4755807338558,284.38247725076025
2829.451153982096,1421.5402893073247,289.32104398036364
2819.870201644342,1432.0744604396293,277.8281419314214
2829.021097004812,1424.438612307304,276.8145941083109
2802.286956450133,1411.825060587852,282.2826658662303
2747.6066847005513,1428.147400258186,284.7682447991352
2707.4171518159974,1416.6488293220605,273.44224549358825
2772.6656089131393,1427.1465398048028,278.93390813585086
2793.2692283468386,1416.3120413510385,279.8649141617797
2862.696589858774,1423.5330643982736,276.6056489215731
2794.9699162421907,1414.8150266337566,277.18889086727125
2790.1715482891655,1415.0694750352966,284.21534650529594
2819.276356342089,1404.3373463290427,282.34842240545413
2786.49940062744,1425.1207481916117,283.99225710929727
2840.527099947347,1423.7016963482033,281.68437345186385
2898.966680919194,1424.2644271626095,275.6337166157373
2909.539275710535,1422.7533056113182,282.11551525919583
2804.8520313622244,1412.3774996667669,275.23953548811244
2816.8446182347725,1429.6589926449358,278.4412333048283
2878.942806018674,1429.9277930009227,274.8187567259089
2792.5018988551865,1412.1176253482943,276.94556103964567
2833.959607096209,1425.3212399134995,280.4523942367726
2743.2419935157086,1428.7499118536798,277.7125469775234
2784.45804258625,1415.2990172665627,275.5841879498776
2857.8057308322655,1417.0396431075565,285.6889873579104
2764.0902183106186,1425.3411340821178,279.4020414131107
2793.5974410635163,1404.896702305857,277.3603597678354
2721.289517719894,1409.11482778466,274.5880044464901
2900.2884147254817,1410.1022499213043,270.64002557428427
2863.151403490845,1402.036836351745,278.8897649313444
2809.4049783076375,1430.8493977418748,273.10890648240013
2825.3756436041162,1400.1186818580834,283.5601822968048
2819.7949053471684,1423.4311066343137,280.14745597299265
2869.2155876515394,1428.116833947552,287.7918038956907
2774.059997881431,1417.0640404558674,281.1153713661857
2836.6133809964117,1413.3163237526876,276.3667110137018
2853.8708249426086,1422.3284245073664,270.59996198815776
2860.766298523823,1420.0183300059448,284.03271931870876
2687.031455808415,1430.0350486241641,273.50525869732303
2770.036276086743,1393.7147885960205,277.9592773865512
2749.041468934905,1410.8129252385188,288.37044123277457
2807.4794142785345,1425.6157688391606,283.05491674524364
2699.1984890242866,1420.5044744277445,281.9493272726747
2697.7188554527197,1427.5203415919686,284.72161221560054
2908.504749593813,1422.6201997623966,284.5352490945276
2830.884469413167,1418.6526293675868,287.90473215977084
2806.0504621599407,1416.977115569065,276.98910324765563
2818.1836323919492,1443.250550158756,278.11657923284616
2807.317046187459,1435.3494627403152,275.3880768546916
2849.8675328275763,1424.9550509809521,279.8365118180801
2768.377790396801,1420.784638934484,279.338836354149
2809.3307413036787,1425.3813254935344,271.2252388133221
2811.371063396886,1428.268347178729,276.73049621452725
2747.657102077083,1424.1882668570452,287.19558267099484
2863.8491529531525,1412.4861987661345,281.2210429744354
2777.7161630049295,1437.845107677245,283.5769930904336
2850.871083490445,1422.4620822775403,279.39727666074657
2805.745636318574,1440.1393003038982,270.5645323790108
2881.679241620453,1421.8714748687732,279.3568203908523
2747.9310455739237,1417.5434664787447,285.2084827876049
2745.7620599244774,1433.8414012404646,274.07158104378044
2754.7152204497847,1423.0118695807778,283.7351946337182
2806.664777525719,1421.334226345093,271.4908416535366
2877.07341978891,1407.9963579435741,280.10095619116163
2879.6546809082624,1426.6021780513584,282.72259225073316
2684.501569978078,1415.066896170441,278.43943737865305
2812.485358061127,1415.5220879092603,292.36235770226676
2639.352319474249,1415.0945115459483,277.53404781455697
2839.751589689252,1424.390338346953,277.107918811609
2855.9084707447605,1404.6462372642432,281.02246020927504
2797.9877862653907,1417.8915465727418,276.22513432081394
2804.1990788747376,1429.8027899110937,272.79331203092346
2803.681944647012,1407.5433113066,274.51165112538894
2760.7779040629375,1421.7287896093458,283.7899337977395
2821.585289266074,1413.6860057972917,278.4753022056232
2788.4295999173373,1415.9630688053437,288.5101047525096
2846.514585464481,1436.551522603899,277.7938187746373
2794.3186532740383,1403.49510816455,283.5525517736615
2756.948844675587,1427.6563033817163,282.55420989730936
2723.2067664567244,1415.2207173122279,277.7192459640999
2706.7967587472144,1414.7233601485434,275.6059553541705
2865.6254671977217,1408.8843765751174,271.3409815053703
2777.110532357049,1427.5389963727364,282.76560389840046
2816.9287095040822,1418.0859538371599,285.99129866275075
2889.161494587226,1416.8233058620535,272.0503466412288
2771.8597834351053,1421.0983692920408,278.14777532501665
2768.6261257809424,1418.297128742582,276.6654083490363
2793.391912382234,1399.9931212024649,282.756845751601
2801.4716350209997,1415.0917581702265,278.35673656023664
2894.377567512792,1428.9544089094832,286.6149028520891
2878.2910297047056,1404.9338353588769,278.07803404516574
2831.0437707953374,1409.1006210014364,273.81808270232045
2872.4706884498432,1415.7320860460147,277.6559733739459
2791.0890493716074,1412.7437658136287,278.20692699920625
2814.958228359424,1419.7211451785838,282.6304997274733
2784.9243177730655,1409.0692324832125,278.13240472317256
2735.481580871018,1416.1214547619063,282.20048256700187
2860.19373708968,1419.5200546840067,276.0475786395549
2826.584936699493,1426.4894041620796,278.5266166010267
2800.9036736711832,1432.447893860996,276.0748286164374
2799.876607534391,1417.3845284614656,275.7667920516193
2724.6892564546747,1438.8806024124583,286.37416778642006
2751.1262333423642,1418.1609541945547,276.42435214270364
2816.807658505701,1428.2887514825652,278.26197608926117
2773.544366636275,1439.3150773472678,285.22302229974713
2789.1143479391253,1421.3930840923595,283.75000698135767
2794.767196761045,1406.2647337842247,288.20603608330765
2765.8765615491443,1420.9090385720763,282.4140093225209
2751.6040839987973,1413.8835711179509,276.9980030515697
2719.3821184537314,1417.2556797302755,290.2857232447795
2792.674086049423,1439.8497688249522,282.9104037227763
2830.930427380514,1407.7723657677611,279.2265233059917
2717.8182928890024,1423.0046682230586,280.2873277485026
2798.797608745009,1411.2227871967827,280.8964078972536
2814.057162634578,1416.923420587991,278.81594062605336
2750.520979813543,1427.4484233520448,273.12072199041415
2871.1070905774045,1423.1816394347302,288.1336052612329
2780.7142315480796,1417.7496773103842,279.8908296191261
2794.9370155771744,1413.5019967473538,280.9174825635132
2791.936524970101,1423.1607819215362,290.3907202969724
2711.461278870447,1437.0768671715336,276.58357368391205
2850.4376035842024,1410.9864805737639,283.27742662357053
2752.2240615790383,1439.1166388545778,276.0385065821501
2788.173974229713,1431.9949745072515,281.6051058127272
2829.8830500638996,1433.6935336757776,281.0075287312568
2873.0451713072266,1423.084323809296,283.95300548570157
2746.003385905158,1431.711297755099,286.04084358845165
2777.675820720279,1409.9116871754936,277.10239454400164
2869.1209315003575,1413.319560921515,287.0833742036196
2823.1856939637723,1427.6581381392039,287.4374046928066
2833.5585679525802,1422.9584505522382,278.75007307653243
2747.4434132111915,1418.5162074150223,279.96708709298434
2781.039523503672,1394.9739110939258,277.52824940025283
2791.6082283809783,1415.6452595196183,278.4727939307818
2757.1052621328513,1408.2594621970175,273.9826217237497
2716.271518716305,1424.935343113115,283.88767886164595
2774.4750720618204,1418.0883147143277,269.74853053737615
2867.7144099792213,1413.716994558335,276.51452574618656
2802.958673278025,1446.429104826243,279.7691897446522
2868.714545678669,1430.3817447669423,286.4989866521397
2808.951045711476,1430.5587214135605,277.27377715349047
2761.764613520602,1442.0221514468217,282.1392583555129
2863.880950661586,1428.021917826831,279.59507942774883
2810.616307033395,1412.2904599052713,284.7255945023617
2848.0919416213696,1411.1210364830827,281.87792874478686
2746.5835914439713,1429.6490275875424,284.1510469401986
2851.937814480725,1399.4064572022482,277.24682542422704
2853.44446377721,1419.2222036899043,274.92987552920835
2814.488357217827,1398.2887562244355,281.8356415952668
2759.653895709511,1420.988435083895,277.5613599048037
2797.6995585643695,1428.5407025071195,280.1516193592499
2830.564557361912,1422.7941553460364,281.58637470132044
2811.728500996827,1429.3810935897059,286.2095376532736
2830.054136905388,1439.648269416599,283.93285321695
2850.6122953826452,1418.56461562738,276.59495163613013
2767.577667331404,1448.0765078327888,274.27488881121224
2742.246218951993,1422.1266995617016,288.53690552377225
2798.123059931388,1429.4916506269035,272.0867016401283
2783.5128420565065,1413.8893728543494,277.73748576154475
2839.2923206578075,1436.193139796307,283.22622410161057
2746.2750805170595,1430.4171019854264,288.1938062347502
2851.019093708884,1434.71451302568,279.051692374379
2867.6806054773383,1420.5450442177396,280.1367149713545
2800.0152482131143,1407.4458243561671,275.62486289201286
2803.0368062790653,1424.603974396254,280.63308056067604
2761.6226749384923,1403.029801866765,274.2492301034956
2772.866955051297,1416.6381419637805,276.24857523390676
2779.583165967716,1421.9108043663225,283.8194527706924
2872.1470033918968,1443.7722429251078,277.8321159156904
2796.4064607094615,1423.1854861194195,284.58624461026534
2733.8913521679997,1421.3953746908303,279.23246436675447
2812.7677171056002,1419.3696757596472,273.15579953564594
2841.3145062311137,1406.5790909523498,285.8418263785565
2798.7294315339204,1420.8582584001301,273.42336957474055
2873.4606719863496,1421.0288267613678,276.9910624556969
2838.875433363295,1410.3139150454629,279.0015045903093
2747.5435635056074,1408.1325438557164,285.02914310329606
2772.4283593801797,1415.1842931723227,277.36757588654876
2811.3113140712303,1420.6493297857269,275.3664141876496
2716.6905380986695,1415.4244581861853,280.81336535780196
2816.8178368735307,1409.4912455034848,278.9301713838669
2711.9208786372674,1422.892722520043,277.6630470048042
2851.1716727782255,1425.3886682416924,281.0824267824392
2845.3636842395854,1421.2129770922224,273.98201892303433
2825.2390680457534,1414.3701728612307,271.3907972951716
2766.2060817823844,1425.9484102123226,290.6936505363413
2808.510141230677,1418.09462710273,280.5209304668079
2774.3311256242678,1408.1091629265486,280.8709044098114
2748.4592361274968,1430.362443550014,276.0900530966146
2783.0628494114294,1423.535080192665,284.4884942174701
2834.913276824605,1418.8070969430426,277.33257369927077
2802.190709641588,1404.2894779516528,266.06926156109733
2872.5354962067213,1412.5513972086478,277.1648332974568
2838.2890269740137,1440.1856571238293,278.59293461037777
2832.9345406952807,1404.916579381193,279.14958197832743
2719.5536725277198,1417.4865072035832,279.0049416862771
2785.742073492236,1419.8366423764637,276.7754269151186
2746.78137947829,1423.2047678941155,276.29239470148315
2790.849856018805,1405.0282906417358,278.51010666603986
2765.336193803842,1421.741762564046,271.77261956482045
2781.1197523471033,1403.1389453752831,270.21201853094726
2853.0581366186925,1420.974287961955,280.4902774495982
2823.7624964502916,1413.4760208099042,280.57367437132496
2850.3557214490816,1411.3413073308218,284.39700290026997
2719.9658445492005,1428.3481715866758,278.7221734481461
2802.8987348307833,1417.6439375663613,274.03186393446236
2848.33524906983,1424.7371080490757,270.30176592401017
2875.314795744358,1425.0682691137781,275.5490196202157
2722.5955805153753,1432.699534889551,282.1125987202876
2782.4258181919413,1407.9174225837899,287.2072445170446
2851.7113337002384,1429.1901566251975,280.2704270638576
2790.3860843594275,1420.1646162243806,273.93205054831947
2754.479116291514,1416.218754196304,275.60039698747465
2722.5000410751995,1408.5074948080971,275.75647037967843
2752.5649232668416,1426.0659086154287,277.97005699217596
2715.5549165718135,1410.777754786661,285.6044771249743
2802.9230228417014,1425.1780658697714,285.9945472507839
2844.815509288933,1439.2783077296713,279.13872052612555
2736.9512620545697,1429.7997704035934,280.915350550568
2812.8864870605526,1433.9143432515066,276.0122105356327
2842.2635514722933,1412.8099522277496,271.45045777823145
2799.8645836575824,1427.6273304613198,288.9416917673137
2719.4652852541376,1408.5578504486361,268.3875647470323
2819.3105777331252,1417.665170974254,270.82079841167723
2797.2676527617764,1437.4127205621912,288.98202927579825
2792.174767569957,1413.921577935735,280.08307702335225
2772.658137711977,1431.1135618417309,274.3704254645598
2804.339371313702,1430.1564673299972,283.4135181554466
2825.490895422348,1430.7474125022084,283.8652665302299
2919.5324067167926,1407.3299802387874,273.3365717742613
2805.61660341936,1425.2520096601568,277.33577311765214
2875.557058000634,1418.4340143408315,284.3812293185286
2817.8877541713437,1430.8849685752912,275.91547126814754
2795.0235836176125,1403.4499960027315,281.4108186930692
2807.4273763855645,1423.677878890656,287.12406093183137
2738.9131815153746,1422.2637520284006,268.0375758422944
2815.293013537602,1400.0988326275105,278.2937584033562
2700.3967467589314,1411.1457964390502,281.30817999283744
2756.8666821055735,1401.6984778688316,271.039753070283
2805.4921546566907,1412.736446980771,277.35194304873767
2859.699113658942,1425.4921708466516,285.22249322070905
2871.5312198499196,1421.9536557564861,276.47842425628056
2788.1726710179532,1421.6940008059355,272.5783678205712
2807.785865976522,1409.6025189106863,285.6541591158113
2849.2181234791015,1431.2045049151054,282.2225084676522
2733.525321390354,1419.8118032163866,279.6557185424769
2820.237375265775,1420.337038122575,279.5080408644599
2758.6053566317096,1429.4039956894612,285.1414123555247
2791.408747766164,1410.0865425230745,281.47264162504615
2777.048837475284,1422.2854776987192,283.22806073134274
2821.7679063524074,1424.2346249160141,276.53716802596455
2827.5151837004546,1414.5443184970616,270.41322495596626
2844.55393386987,1426.5237338075979,283.10956850104225
2817.4099414232223,1424.7712317062956,285.50463960833093
2808.582688498445,1418.9882328772258,278.8771901616376
2892.70119002193,1418.6784910986514,284.43878291896755
2723.782046490141,1425.2354765787131,278.32393603411543
2884.780493006462,1427.884710400132,279.54650419340766
2785.50890455658,1420.6289991740664,288.76214394193636
2828.5445793184153,1431.2018946040685,278.54239973146787
2783.71701597032,1426.5852596243058,278.24715303723303
2764.872918522419,1402.1153605027318,270.65010238396343
2824.2288596397116,1405.9510330245785,283.45036579990494
2852.1064154307223,1431.8223521902166,276.4507931727285
2823.6503977483703,1417.532268685291,280.73612505506344
2772.894210665856,1421.6417582279748,278.4248045628364
2980.5675031407836,1431.3929051765915,277.7710364225403
2859.9286835433127,1419.9358878262815,279.4113525506918
2846.6671152103627,1420.3726760958934,279.79573830220295
2782.35178846289,1411.3127076720828,285.8803952981761
2768.741710585548,1423.699945072275,287.6010592834629
2786.008046207853,1425.8651221896682,283.25357551220793
2854.0703272196242,1414.2211816299714,286.35777956735427
2750.4697831462086,1410.7797862169414,284.2707373537336
2746.589808427284,1446.2628925519523,282.4730705096791
2826.977376668051,1419.070915301517,287.2757146764672
2815.959822232106,1413.163076603907,273.4576268453734
2761.484323105455,1427.0658644529226,276.57768899375384
2745.4398210792388,1419.4920596477211,275.8954923657195
2871.8948496684216,1409.142336767379,278.49306041680273
2817.8502212649782,1424.8305357165145,283.42950179042145
2731.8232068135985,1411.4687903092417,274.42448273906626
2735.3187231958855,1435.7645800215564,282.51399598405555
2781.9244013774764,1424.945046297524,277.06469540797883
2836.6420903498815,1417.2311957547392,278.2646797340653
2829.750440105414,1421.0934701802212,281.00207831716926
2856.583926850061,1429.032881210982,288.4062406953075
2725.48250962696,1421.859612535608,276.43826473872934
2811.192334488983,1441.2210945723355,279.5995330325328
2871.295516616068,1431.3586751639552,274.6088738720147
2866.6400865238047,1424.8760736756112,276.3902614182764
2817.9454990706345,1410.6301412649152,274.56329282537763
2917.400925432694,1418.5311189609802,281.22392543983284
2830.464255820793,1424.7887497005245,282.1265438474439
2852.1373316420672,1411.7713858424186,283.4352467336191
2802.222395938775,1432.9342687496296,276.2317514454683
2760.9512353577857,1410.2584265822195,282.53971539272516
2756.2395399610627,1413.627743019541,280.5655003912401
2809.080760739721,1414.377008151051,279.71123751374336
2789.4248996574897,1427.4382446063314,273.79288586246145
2711.570716504326,1411.9506363282924,280.76626749659056
2748.710320753713,1402.0002342958094,280.92478309955584
2784.0798212972954,1430.8803883576172,280.50864222271116
2836.363968796858,1415.5561371489443,282.00025378638605
2799.196305691896,1409.3149236784807,283.47297829534716
2796.3967894749744,1412.4514144679747,274.5098834552114
2750.6543686498344,1437.1676274918434,278.91651956785824
2801.158304003105,1413.429563027271,282.5788380078212
2865.9550513722993,1418.766318946231,278.658025895625
2807.778755637928,1415.53081637714,284.79711778530924
2724.634320925907,1407.6733745656625,280.45089248346284
2737.4238602847736,1412.5728143775304,270.22538679438225
2829.4394438611575,1406.988915929935,284.19714459598845
2788.784226238869,1429.5588127568071,279.41448386572335
2796.2709884948245,1421.008790646136,271.1514458343736
2769.363291249262,1444.8267776217433,278.73855069856603
2825.1706106099955,1412.910892750094,273.6581781069269
2784.9541143377323,1411.4113975385437,283.7656564279708
2790.66933891357,1435.3375976835532,279.82079509926916
2757.4388304168438,1430.5797703206813,275.38127317599117
2846.0845649071384,1423.8476502177102,284.0542402848143
2788.943360419179,1408.8630848491173,282.29262832998126
2830.394016655988,1437.4499626772792,278.8211763148732
2740.3204217982993,1419.2789684022964,273.7720128023182
2886.6941569189303,1415.6932487150495,275.78763103231705
2863.8687019256613,1431.4295973691828,275.71271045146983
2704.5101165170536,1419.7770487874627,283.73248601632196
2759.9031262468143,1408.3432991436812,271.59551357177884
2823.8817195504944,1420.403025994986,279.7638259171846
2734.01356719255,1412.1865119842923,278.7485780461396
2793.4202958918336,1389.9065885731682,285.1776950888771
2821.33158929884,1411.1828980784987,281.1636827883766
2790.7637044010257,1414.7226442913216,282.67605142571836
2826.9419351768547,1408.4435489070695,277.3731999813499
2765.333504769906,1425.7524653211403,273.8450090624737
2687.7909228915937,1412.2255224267121,278.3726201206175
2849.105765608253,1424.7842620083445,283.88581192963215
2848.7907326801264,1407.6668026363168,283.87445315575883
2925.1818321144165,1429.0921892108254,277.8470621444215
2689.6406741032843,1407.235174733335,275.69628097675724
2837.5416054673406,1396.5846959060893,274.71660437546404
2701.5658930958307,1432.3726258516322,279.3168669863672
2887.824664083766,1411.4410619626883,280.68275585859664
2824.3933416848004,1437.569290581994,287.3659575648788
2752.4035576161873,1425.6459190120806,280.61665378809437
2839.0111237300716,1427.9026331838124,283.0688299690357
2772.347749614153,1430.4547250046608,276.0976600604789
2815.0208049775633,1421.1267934624907,280.2085050246456
2810.298035810454,1421.2405541783853,280.70039227768433
2887.2084068073646,1432.813400241943,279.29734736077813
2890.7462955043256,1421.113584956981,279.8909060156504
2770.136731336325,1412.718231532034,280.63109233810053
2852.9052808998017,1425.8575856016223,282.4051840654716
2817.742007778515,1398.8635658561504,285.84559021706883
2729.3658966496546,1433.1955880156022,268.67226104180145
2765.188580981391,1433.4043913596508,285.56868757069344
2916.8073049799814,1431.9816666812308,271.4459594184101
2817.8927200552325,1431.597719623777,281.54381410518374
2849.9889789758763,1419.1582467465887,291.77814484544234
2789.3977843816506,1418.9331761550698,279.7872985578711
2773.002904264033,1407.7035991022915,280.9000956970732
2801.3632253817236,1437.4804125171104,278.44870143039765
2786.6947972376893,1415.1498182697371,283.33631173632466
2725.33735344842,1423.398853097519,281.8110427631987
2749.8337271272985,1422.5404528295478,276.61976377610466
2835.3942257206118,1406.5958081839585,279.4282347240759
2780.9654655448794,1402.5532497587678,274.4078174811139
2801.285244101395,1420.0558662086735,279.4052928938384
2811.7461525248605,1415.462438823885,277.9031390654163
2815.652502440936,1419.1056314075668,280.68270475795356
2857.3289530657685,1430.6541563020323,276.4504305142903
2745.0652092465734,1422.2494415053702,278.927841549569
2828.5126361771813,1427.5852254076474,280.0438638759407
2837.7513896759824,1424.4532816217559,280.3920884897833
2849.2925889500752,1416.8366580676018,281.3714185785292
2729.3541200292566,1409.9819683280693,279.1291616735951
2812.74096091735,1422.6471786811346,276.0665317053415
2885.8037973199257,1420.838926193461,280.4103663632479
2795.043974042169,1429.1515633750475,279.1057108720212
2824.1747350982146,1418.490999302775,285.12322821053607
2839.0197797292594,1417.0265845488448,285.7537075045518
2748.726507780087,1417.705006162184,273.1395978228149
2891.6912364499985,1410.8127336499456,283.08577274208875
2824.9750398484452,1434.4690994482046,284.08872080544955
2825.9751407096715,1431.3962875461575,273.2708435206793
2716.8986310994733,1407.8697017104196,282.89736409456356
2839.7272399106655,1428.0394814197255,284.4797745888315
2825.320517068957,1401.5499493606762,275.251766810607
2881.2095663861032,1429.8528923311103,278.8182918843948
2784.436739284782,1413.0364954889233,280.9315996791011
2750.617083520078,1423.5990055767825,282.8522903004964
2765.8880502612833,1400.7049031045833,275.05780294776196
2774.751088249635,1408.0129576832205,285.78503348907805
2744.057674093431,1424.6870296724942,269.853259349672
2864.5080011882997,1412.9909181661722,286.6187277446275
2866.384893146583,1411.600371296278,282.7513373389496
2790.2104149429974,1433.958616974521,276.891142444286
2780.36200389579,1442.1095921127287,284.3220292135354
2709.2259043340346,1429.370139368195,274.76100478198936
2834.79806276518,1409.0811942826494,280.5746802719694
2882.672005441292,1437.635193328177,281.192524369043
2768.1402641370223,1404.3856774035162,281.1806740697951
2794.16077371118,1416.9550854592467,275.8014122144233
2821.7145730657867,1420.5477776698738,277.5196141382121
2886.2209180304953,1439.2403784383876,280.6337243307541
2809.9888110917545,1429.1265913755174,276.36628128516713
2809.7714958013257,1415.3624230520047,281.357263971383
2808.9659250579903,1410.5504372922026,276.92937015886713
2728.7483746548164,1430.0219265380326,285.00000013038624
2727.6604673085067,1414.6664104277963,287.8134247528547
2759.6002415442563,1422.1674008786497,278.5126791267137
2850.6445287018687,1406.302235107409,284.6012938048505
2783.2321464727,1425.692578552242,278.938477292117
2773.5197975598853,1424.8869514574749,275.3178440162933
2772.6412697928117,1407.5837993834182,277.8714112972242
2793.117156076366,1430.3162311287165,280.4278487037811
2885.105396705082,1425.5474580824277,271.0652116778646
2792.440130715144,1427.400242527801,283.1282838072275
2760.685129731257,1416.2132130724988,280.43010424468184
2801.262281454082,1421.7895641128644,285.00271978734577
2887.754180288077,1420.6337886886533,283.0406877688568
2774.858764053219,1418.5182959524577,280.59974158581946
2740.9497495784526,1421.7050327816585,278.2208253232527
2774.950436513479,1432.5644297379638,287.61430860851493
2806.438186817422,1430.7495063870392,290.8493634341802
2834.412047541267,1408.1813932253115,278.30425297470094
2850.3441789341123,1429.8540181690694,285.21146736851273
2747.7141363018836,1431.9114337274802,276.4662517051735
2752.4577332770464,1418.4882232664763,277.0615702315547
2783.8368870306253,1425.0844710379777,278.0687752425075
2834.2246512348447,1424.9400166730302,283.42341343803173
2736.999605117387,1411.500333833257,274.6254335283047
2769.633654479115,1416.1804371247167,287.7498211350212
2770.3628135294025,1427.5081023885161,284.68936128686516
2847.0874427682184,1415.0417776316856,283.3075760271444
2826.4130380332217,1429.7549955926231,278.53092666998657
2845.185918052496,1433.0497244084977,284.1474379492837
2866.9338987116525,1431.4367184198047,265.41318569348465
2784.717495245546,1439.7980460316946,282.2045068174625
2740.629692257316,1419.092677177089,280.80061033831373
2740.951819107649,1421.7720107396906,270.56892217391055
2708.094621747058,1423.2066304776265,282.03126491366083
2777.0616585166904,1419.3960207500927,282.9544586293804
2780.788869258413,1425.4217897410165,270.7313362758291
2839.3776703402523,1402.88795970988,274.0661429117396
2800.84571085883,1422.049053886925,290.32194575925473
2775.48357778287,1406.225633501171,279.0682322694877
2794.2000636919706,1410.3737672239242,284.8781302974919
2748.051325814262,1427.3288981102992,285.6340096214484
2851.270328537564,1418.0088376155097,281.9696840699763
2760.7042218595248,1426.976144747158,285.0862067559464
2743.0034364032053,1417.7922339639888,269.4355582091764
2840.8940983353737,1431.0640631639117,278.84735294159674
2828.7082104181927,1417.6091929437869,264.5970063641304
2713.8157310720494,1400.4508151043688,271.26953167716374
2842.7500817355112,1422.2539258201127,277.26992751507527
2762.920368045297,1398.3114015429744,276.6730778050191
2781.294773621804,1405.472790974676,280.2070514457124
2809.3510053846967,1411.1705347100144,279.89674744198504
2829.3312441308412,1409.9229052222981,280.6687121499062
2822.2739587343763,1414.549491955837,280.8735482431534
2797.5090834547,1409.579321764689,281.6646136230149
2778.7678335542046,1405.9404733641434,275.2047766129402
2820.6110346782725,1435.4183574484077,276.376038403181
2794.0806081327887,1413.218554536081,279.81560970352626
2890.267722956296,1397.692323468526,279.8932852466354
2829.320450498495,1416.3908162699074,274.5903631735185
2753.829218750482,1408.7526894197244,285.40779690506525
2776.1200024313175,1411.150323727072,283.6240033877541
2802.4096088629913,1427.103424813525,275.70141657318436
2864.9715607535227,1415.5184238121478,278.95816993541655
2870.5552504556067,1408.4740339878213,290.0476982539856
2780.193263981722,1424.4625350995725,280.80288518917143
2753.318289170528,1431.4994083060908,281.9784297760003
2746.9251179396906,1425.3687216263984,276.95532224434436
2812.6214378607892,1395.4644442834958,278.4344394573583
2915.1892154608745,1408.8501049760298,287.556629928917
2826.954705212755,1420.474485306362,280.56647213646266
2720.3043736657996,1417.5570059473598,279.6453589056356
2763.6997948376998,1416.727248460608,280.0382054296823
2768.8042899077545,1410.1724330715917,292.7269139420759
2758.8998739942544,1405.9441591692257,280.1990375157394
2780.605308753289,1440.0778171781303,275.849616503932
2818.4697430509973,1420.2711095313891,276.7232454919238
2834.099058466132,1426.4212178886742,283.9037800119405
2854.5881745458323,1420.0625117358381,272.85759436676614
2826.210128652359,1420.4634869863798,282.25291490732116
2702.2924879835577,1419.3789660019072,276.3809123617528
2747.134770623434,1408.7955414092557,270.70615221773994
2792.0952981570404,1404.8551054196575,275.099638915432
2807.363992788374,1423.86225373745,280.1376690483933
2843.070917993813,1421.8784240727116,286.9758369674641
2802.1592088108387,1429.382808984597,284.5666470597332
2802.5353626931837,1427.3536082664202,278.5315488691462
2811.889868156953,1411.9148780725034,284.8609353490905
2787.2489130609397,1431.3259130892188,278.21610085380473
2804.3442569938907,1427.6502719515452,272.66744207627056
2856.2916089505875,1426.9084156985734,280.1054381781634
2795.8044550607997,1442.4932679197882,272.4703300249661
2798.489363660786,1440.439587625082,283.9570415374253
2798.3207297616405,1426.8991376655488,284.0294004450344
2864.8886906895586,1425.6519720583753,275.6001503023487
2744.597333658528,1430.8165518176968,280.7279875341283
2888.7923447395597,1414.1604623032963,280.6802461709572
2741.1809072742244,1414.3017074240895,284.3598169088362
2767.2889869336123,1426.734214070919,273.7746587300808
2837.236913485766,1411.4352391087243,282.9974376178409
2851.5158347736838,1425.9276948552326,273.41615374497246
2729.8250491500758,1421.568321665362,283.88594368836436
2745.364906837646,1411.438098954079,285.31348700666575
2813.8921404735925,1420.258665102883,276.65204303180053
2917.2209693881896,1433.0508159213841,286.0956443327077
2862.313139049934,1420.8237045065384,272.129835184906
2787.5951475184097,1420.8654764761798,285.4979172260527
2679.043543096212,1423.2898527890459,287.1922811908132
2804.082136721058,1424.591885228916,281.72907597075766
2818.1148401823275,1416.691595339188,279.0223710948532
2780.86524294586,1423.5026104796705,281.5620991004996
2757.4638004726703,1409.5092964040928,276.98120815634434
2807.9582630160694,1412.009289431661,293.12313339581374
2752.886940305302,1413.2885089192437,277.06734354782856
2893.622433040436,1424.697626896341,286.5870058482866
2875.837239876691,1421.6023282755627,276.29386291287926
2832.895631579638,1418.6564042275604,287.98404139751824
2804.485528455966,1426.9076998958528,290.06164290877587
2766.991795669322,1423.7886208274233,281.92995405509674
2798.960640805455,1417.1002322001714,281.43328634283574
2881.964856760364,1409.647691571802,275.2171048760771
2843.4327029218316,1411.8029119877324,274.6216619521586
2810.184613923823,1405.3319053460712,281.4895730258281
2846.19871670838,1421.4056955015083,287.29096238590563
2827.2805331690415,1411.3786121754633,277.2589875542549
2819.8138769943434,1415.0467701801613,291.0396460889709
2849.0281629495767,1418.7240931937113,276.9492703018508
2825.851382241238,1430.439951913307,281.14695970374987
2842.9275735051688,1429.2879059831682,281.1600823320183
2808.0693524817257,1419.4529152874602,279.4923281238224
2787.2937088404947,1432.655034894003,269.7808624183688
2772.5918560529926,1399.8765149067915,276.9046344978455
2766.6345197264523,1438.772205497665,280.99819646151434
2719.7414778779234,1426.9249971430459,279.52007452009894
2754.403002659417,1421.0280328501992,283.1810132970139
2752.957323520891,1411.0864031924793,283.7841795599593
2774.6327402007983,1415.6193263386954,278.7996076941055
2878.1122105319146,1426.0935089557804,275.1878481384228
2792.1219022223113,1426.3207938353141,287.74158852691704
2812.0883444942156,1426.683933705908,273.22268834742175
2813.6659822255965,1412.7150326563353,277.0234638828393
2879.3790456421184,1410.7015228698478,275.750200380131
2771.2207273077356,1421.952052443525,283.73228810901054
2788.873895987097,1427.6985395777147,286.58510987240294
2794.690031411291,1420.0318484950485,279.13153312244526
2856.8267427887386,1434.8148424688516,281.1488838016746
2867.2052846877227,1420.3313746219012,282.14385910494576
2823.729190984697,1419.99291356167,289.0200204929443
2861.645468703094,1426.7055999119266,271.1321327889341
2808.8830498234493,1432.1923013759204,283.72110949563466
2791.3698376191587,1406.5074474019546,281.8826237396975
2858.9362043292813,1408.819882919644,278.1458023737709
2824.38088376169,1416.8673856225596,281.6311336786015
2763.223466704621,1451.5894178458866,283.70414487914957
2849.8710469062175,1417.3853143745907,282.91581356241403
2789.575368448986,1418.7821705698943,290.7925030295815
2783.45882386379,1426.183519298079,280.6374079389684
2844.6502184099854,1429.7692890281348,280.13452591645165
2795.558392957754,1421.6978511645475,279.0935060716511
2819.4479268020145,1431.6434749504026,282.7648941857294
2833.09697920354,1408.0602881697407,279.83970869257024
2760.852846036381,1412.3391157525728,280.0660457253238
2819.24252823411,1431.6248695057964,280.0891493000313
2867.473655263081,1420.1094311478348,279.32695715254954
2752.1766428130195,1407.3754939499133,276.95663598923795
2822.495444441561,1406.7746206838278,282.09053269098456
2758.5266132709858,1411.890591946553,278.5747621749169
2851.06988419202,1420.021255421579,283.06839751410223
2850.5952791874884,1424.673795697268,280.55383814464
2782.283882987545,1416.7094000005586,278.0671256183548
2910.481432609543,1423.849991892395,287.8241520251753
2855.331265456864,1415.629335133064,279.4884370722651
2835.3464492568082,1432.2392020161692,283.11411507280906
2832.530544805307,1445.5184009457234,276.5000854700395
2849.196345460311,1416.0738726791558,269.8723033443441
2750.217879637792,1424.7993281079894,277.1650041616148
2809.7303799230513,1423.9841082415012,269.31275646800106
2819.1595192688665,1421.3869542625991,278.81568566590374
2779.993196834872,1426.532509453413,287.3432350726953
2823.2397634721983,1424.7882118897983,275.47357488961677
2861.5847150217005,1415.289464296151,269.46978071202903
2778.9115456117047,1433.1654577262268,287.50128495506266
2797.278784981435,1422.0166624748679,277.62322618337873
2758.970735207303,1416.1519958016963,279.9213080891566
2710.6505495094602,1444.4320252384741,283.9413998456554
2838.9466090260257,1418.837866228444,282.61586382494573
2798.713310258038,1422.5494384142376,283.75256209805934
2802.3789708576396,1421.7544034458033,284.5021449477271
2750.6613190913235,1418.7010538904879,271.2694268370527
2790.7248235481907,1424.48664705044,272.9282612992999
2854.8296894591062,1411.5500009090838,285.8558483131442
2800.041066838973,1425.9654338652306,276.0913042845416
2801.4591879027707,1402.4164597160757,276.6367707751822
2810.376413893171,1407.0193024874286,273.6857873891784
2738.180893579677,1438.257245471685,277.9752605532626
2831.246023205118,1407.438199732782,278.25341968157767
2737.2400942542085,1400.4004114796314,275.3126965615742
2753.019220936049,1407.6858383093381,274.73458627562127
2747.5392615496417,1437.4005726919672,281.59331546087856
2791.2387516684726,1402.0813825972727,275.96165366555783
2782.377364823107,1410.4418581740845,276.9684387151087
2799.938748084587,1405.4180751568301,269.0686082661296
2754.7371920111777,1417.2587080290998,289.6910012126551
2850.274766015319,1415.6397910181927,284.7091201473735
2841.7013784363166,1415.1924349327296,277.5259697333653
2791.309324355414,1438.5613379940514,275.5045953217114
2776.0816641706033,1408.0092468236246,280.0544439861656
2771.03212533274,1418.978122202829,279.9173320520117
2784.492750249466,1423.3860124632074,273.62016715242675
2729.9877385624413,1410.1979073792786,267.2473188553882
2752.019634389408,1424.865899812466,277.36962046241666
2843.0060195992482,1416.001895054467,272.18312734550244
2815.0906243037934,1423.7430906618986,280.8568997336177
2881.7137242988265,1418.9200074847436,280.89040783330336
2785.0402424915337,1399.494687744337,275.13393650829045
2781.9243386446565,1433.0609871276574,277.32707866172274
2779.6050537728174,1440.7045831535406,288.8152084598904
2784.0417758390918,1418.232458180652,283.8756426313548
2767.00229934267,1411.020479481334,277.7387361464555
2813.54941073436,1435.060127211757,291.4597966346799
2801.4552033574205,1438.9038290286746,274.01531294014177
2774.5042749080862,1418.3120458841,275.93652637591725
2862.5574456509453,1417.8131938477948,279.44742914646037
2894.8291461243152,1419.200889023285,272.3449646731184
2858.32886027867,1403.254511107547,288.9515458231392
2827.90620065417,1417.0887412130678,280.9157601935464
2838.0884863131887,1437.1494188754925,276.050255715501
2892.8207758913168,1418.3131133922943,282.2389347570238
2838.0159657879713,1409.599654721278,280.7302792414895
2770.7407073700356,1424.9668561930448,278.47674457937075
2819.6136263325275,1413.328012015059,273.9574241658926
2831.3122133031657,1419.3354787633207,272.81894037235446
2750.264136298204,1407.3115121945273,290.93400498721616
2785.753459067841,1409.6337583881327,273.23632557445
2855.0195912027734,1427.376592548636,288.48982759675687
2708.8253632475207,1421.1586677940109,275.7762042619202
2737.4785727479702,1412.239426131572,283.9501628377016
2791.1796473185836,1421.195351303049,282.3271654504039
2817.683979775285,1413.9285329127274,283.32709350148207
2732.118377752555,1412.1623983062982,283.66007136120095
2793.660537416703,1431.6403439724832,271.94217188831243
2857.6884269544285,1427.8287755318877,276.6182700376291
2803.432572853714,1419.787271503689,273.15976020391145
2846.9544471815566,1421.443373372497,280.946505304238
2770.3942939332496,1419.9160198266566,273.3832783393789
2759.504157160541,1424.8700925917353,270.0947641146339
2842.4436915142524,1412.0049834154431,278.8126133172821
2818.4632767328094,1428.6250473336863,268.95460473756276
2740.720199611277,1423.5356583789082,281.2936909736048
2759.9579541918606,1417.3694366211046,273.7118523831113
2878.2290620528706,1415.1222196849146,275.7971012595989
2753.7722390265344,1428.411309417668,268.5979201342115
2846.7164373363,1418.4951368384989,288.2505110690427
2776.090665138315,1413.0110690417016,272.6854255651096
2799.8412071616435,1416.1543023302568,278.17999382726055
2814.729631047169,1427.6920464888915,271.04130703769374
2694.9509394750203,1403.8944679875397,275.8216609580961
2726.864133228635,1416.4459109441952,288.759108905121
2804.316650939358,1430.7058266967576,281.4873836763267
2763.784621810806,1418.3178322789674,276.3818450184471
2849.829064763731,1422.7281673227785,279.8291326017227
2719.693955956594,1430.867689645372,277.19720471656694
2828.262752812899,1428.9232965339718,279.53789710086204
2731.188938979784,1415.5994122696009,283.7193435951648
2782.3947502927786,1418.6960644779617,278.3445100504648
2746.781111788102,1429.04763901729,281.09995736962554
2895.12149402356,1429.394694872839,281.18247748824126
2733.025391851498,1419.1194987468507,278.3692717635113
2793.8970152315487,1419.4645434770757,276.3203700516497
2713.658192598992,1422.6768369453384,277.3740832169777
2879.9785061035295,1433.669006900173,283.49592625767536
2820.0641208088605,1430.6756612065797,283.91208352487723
2806.8486544799334,1426.9338670379902,274.31102834365765
2873.715646964586,1409.213307239361,278.69505332805994
2807.3711220711307,1417.2516659345174,276.2353906544883
2810.978567807054,1417.777133263101,283.9997621485807
2806.5862644032577,1434.1848503260346,277.6439848011005
2828.181716272156,1417.6113560882036,291.00461908785684
2775.377930803937,1432.534428230776,281.08948694948526
2789.2856346318335,1414.2930132946892,285.9099822711161
2840.5167314228725,1415.0911604233925,274.92694586598316
2813.868647577894,1424.8145410581315,280.05861074542935
2794.2878042948937,1435.6814670557176,283.0808654918511
2729.9738804484646,1417.8822287073212,274.833498790891
2874.9025142268297,1394.372321381388,280.1017135590529
2766.9272945024613,1404.3581659766112,285.2592951610027
2849.361861920963,1422.9796155616446,278.3627499603826
2808.787682584404,1405.2520397321823,275.74123747713685
2735.3274738635064,1411.3443717360358,289.0147972773626
2862.6137738765306,1420.1234195063826,274.1412734917685
2812.727032319977,1395.5063275425355,280.77945314190794
2866.767267836852,1416.2027421067455,276.458618308316
2790.879564963204,1408.3519144213974,275.3158288057122
2835.2025614983527,1405.0082028209924,283.7082854135163
2711.873644432749,1411.9781556078194,278.9723204416873
2774.989206820312,1409.3079107493056,282.0294323270985
2736.3503333884364,1424.694802179923,268.724271394374
2781.2608074980803,1431.9652678668288,282.5155989098103
2823.5905869753074,1416.3557314838893,276.3970204409183
2769.7709956172926,1414.0387422095316,270.6057402442087
2843.192104681939,1415.857949988421,289.4236977739359
2757.169367822499,1408.9181289206153,283.00506763247313
2844.261830682499,1407.1125810438032,281.136387063398
2865.4878582937017,1403.5444554710666,286.24709424869934
2850.6763067545494,1406.7047904168182,281.2378464069427
2782.7905474085114,1436.3199100711263,276.006929949282
2693.727320102793,1413.0957896463653,279.12516194758814
2829.1083498368675,1390.5837152823624,276.6081689340397
2793.7382642642347,1414.12943061519,277.49823553587646
2751.0803529936325,1404.0958546323918,273.7114816707038
2772.1860467564793,1420.5948493999717,275.1498971209984
2871.72126582224,1419.51646344763,284.4729276633434
2743.1329899694924,1420.5588563769206,281.66037719401623
2823.415458781061,1419.5927392125482,277.4849347373425
2810.8979087818702,1416.2728969538025,274.8598406776843
2782.1306167668386,1405.4410387846,277.9730151059603
2832.2266343656524,1419.2534592802858,271.5807509851646
2881.6122629449433,1430.189245891357,280.6331529971218
2785.2014248056903,1438.136730837952,284.72735740996285
2787.840952596145,1417.62008672694,291.8348633002951
2831.10324524951,1418.7039005471631,274.4837063871794
2845.9121410717503,1425.0042717908889,284.51901222975306
2793.6146396425684,1434.932415594721,276.46394277151063
2784.7313131953174,1415.1370338949546,274.35771854974496
2689.117673964012,1426.9265131695033,274.35550935572013
2761.0995543816725,1411.771807344756,280.7036786321348
2743.0344163966224,1423.298489902655,275.34603188153363
2834.2312498155948,1429.7060417661837,276.96577114353255
2787.804852569958,1407.091393934522,277.7979933463137
2785.8489197230538,1414.7485527798178,276.30016080050547
2799.547186818851,1429.54783096695,275.93707723650425
2756.49117649373,1426.1616123051479,267.8542011874076
2877.6623593344375,1430.3594614031485,280.4347664505593
2864.9096955848304,1428.4843964645406,280.33835744779225
2880.9053391523844,1416.588964720833,276.01327575132245
2834.1708615619445,1441.991901483947,281.80192135194187
2798.526094248903,1421.3690999075338,286.98453766032844
2880.7364651503444,1389.442910508558,280.11789916417143
2765.951658204351,1417.176536276227,286.65128889578114
2756.4395510483496,1415.3082874300067,291.1906596021356
2769.924424261507,1427.9524916736727,292.65262344560136
2826.143563345715,1415.4881468480187,274.05881956745
2761.8947403306165,1430.9896999581913,274.08468496790664
2792.2313505891,1425.5809937240672,277.7778500163714
2719.9072353057613,1409.9990953852994,280.6435760062992
2824.054883271412,1418.5962666438857,287.9332599992179
2724.1448316408446,1412.244665557246,283.1362061054548
2753.391947256732,1421.8475864685367,273.9835643516375
2860.8583567448322,1412.1850913276487,276.94171295762834
2859.0159158493057,1420.7443523050906,279.78999896017245
2818.7156544773247,1417.276942490096,272.55420010927253
2813.7831790867617,1418.4777674532017,280.0683422877046
2773.452017642287,1440.509403797981,274.05782204470376
2761.35481681289,1416.3951477329279,271.74639433221313
2781.887915112131,1400.6556691238281,275.2650736026519
2724.317291276884,1430.1582614473434,282.05510527446165
2812.622427747683,1430.07955901802,282.02057855493257
2802.4415562404206,1400.2105982620317,280.4832695834372
2753.3289366644867,1412.9910037879192,284.95806830270436
2878.434095942068,1424.3581055684651,284.4279161710672
2830.345685514352,1425.2420326121708,281.0219067103514
2834.5920902004427,1419.9527623654728,280.33190925012855
2775.6330036980416,1420.1782537893328,280.64773352610047
2799.933496098684,1410.6141212691682,279.2617741003146
2831.368633509371,1396.0015128654431,269.12828636686163
2807.6391183550118,1440.4950731818353,285.67742422409907
2880.0950392384934,1410.313327222933,281.98761415946836
2789.8106215291623,1421.7650569006448,273.9183627708647
2774.7719733881945,1418.4115200434067,287.1390830963622
2831.7126438235714,1428.9719755227354,277.0501006589362
2736.7676363856745,1421.1489721348216,279.4611549867069
2846.214846615406,1421.53440953092,285.11787797784126
2734.964409970401,1393.6568175199106,281.10069679194794
2831.9292333029275,1411.6666092745775,286.6768792095795
2767.5863222913667,1427.44633046599,278.239492504786
2823.82920734917,1426.5466822507192,288.4558660564017
2845.367147303051,1410.483471763828,276.1109855008374
2807.6710597751958,1404.2197141727888,286.5881116465481
2740.018952417966,1421.2657930672292,268.674453905503
2755.1612377746424,1390.9322595120418,274.49903974332926
2763.5670429483107,1408.5132574766224,281.4898306924466
2705.2496553201113,1437.6016107515532,277.99777286928446
2856.3738929365963,1434.4506732887378,279.6262569004872
2805.5053792878166,1424.8724935876514,280.20825460080357
2743.2240977405504,1423.0733631448127,274.0454869593647
2872.783742872918,1400.498292154756,274.4203519256372
2764.933594993092,1412.5933276335088,281.1606102440421
2812.5286244537438,1417.0483140203423,276.6683352408911
2758.73647274019,1412.805862504988,286.70516929480584
2699.0869923335486,1416.4975666509213,279.0402642228361
2731.777972057437,1432.992244243463,283.59375621553414
2777.5754784566784,1414.5817693872868,282.21425834653553
2844.9148435603024,1416.5906081944324,276.9941947141366
2817.3266573409624,1427.3953128668375,270.09835606523814
2807.0102563085625,1405.805242813972,285.92470683810524
2699.498618862756,1411.5979542116115,275.1054546165143
2863.5043073840047,1412.6227741224316,277.98120972260625
2811.183984824778,1420.5559214655175,279.2457877921671
2794.029116505392,1416.5503793250634,279.7449421594816
2856.6211554994447,1416.8665909065287,284.8097933126951
2862.3748361784137,1413.351460128975,280.0291202896164
2857.7295123804597,1409.2916973978524,279.3632295487034
2787.6456751648357,1426.0914292421057,285.0922797827251
2749.8261719607904,1416.6219588103775,283.0032618594339
2849.4461458571036,1426.1901898014737,276.3221477700967
2731.747277846479,1408.8837266951884,274.26422311260586
2897.362836933214,1413.3475784225036,275.8815011240004
2801.399977259728,1417.7881697215323,279.7539012490589
2746.955787215021,1418.721329631838,273.7697311241479
2738.4065722921696,1427.543687259322,280.45376523581234
2736.119758797197,1415.6949071040765,279.3540084510483
2807.0181453360424,1427.4674224281086,267.2874048384472
2799.6803839970107,1423.749440085597,272.9691240686635
2738.2038913245406,1418.9314738991704,265.57124878157924
2782.177210672205,1410.4870120350347,278.28048469477847
2731.603230695433,1427.5687526546333,285.37006822673
2829.4650902972085,1410.7366253268635,270.54671022286
2797.2703366943642,1419.7871961984272,273.3885659010332
2781.0798747041276,1419.4605955706393,279.18131066363406
2735.5944634966236,1417.9290485738272,274.68123485573284
2784.9922199888615,1416.106802770147,274.65663616466605
2779.2636059326837,1411.7792330503833,282.7079705308658
2815.8863350604797,1403.8306356262992,277.5255227771354
2808.350898905848,1434.0380473284035,272.56637556301007
2839.603005103967,1415.0827653574274,269.5614205497145
2775.771172824747,1418.7188790488253,291.04203885031865
2706.9794248901753,1418.6577261606606,285.64154527281335
2849.554643829902,1430.9560433722875,277.7418332696899
2753.198374347591,1439.3319422151765,280.43929005831967
2744.654147349237,1421.5984741958869,277.55734468951505
2797.8441727443123,1418.4299733154307,282.55228365395624
2815.113525647726,1408.7654299284059,275.7289281614106
2773.458179714266,1405.5641155058725,277.28413391761586
2773.0653659265936,1402.260250703559,282.2770042009725
2780.4486841117223,1412.0415504047653,287.269295522232
2870.8270175496573,1399.0914520268689,283.7070754733105
2799.8660956220933,1430.7882995374011,286.16956938795465
2751.60185802691,1424.2309624399343,278.4379133124441
2752.110832154852,1417.4835948531522,276.8849479631153
2787.4557910208814,1431.093839807608,270.3080943045904
2811.8928967014003,1409.2884392259673,280.3609917867064
2824.1990080983096,1411.8001894463544,281.8952351567822
2806.207930192361,1400.6620671969827,278.499973021364
2757.9063324541457,1427.743536950202,276.1164933695013
2778.802935021961,1411.8965871369073,286.21701719921566
2836.6953940932312,1420.1569561327583,283.1590213859833
2742.695401977345,1430.0257640057469,286.5641272525951
2776.7123303461267,1433.7085075549942,275.23210452491895
2829.8731428940678,1419.7085364850943,276.4588293672599
2843.7640713317587,1423.8423743627136,286.01588621625797
2790.3542314454307,1410.9614975395634,279.76326460122107
2779.439659471459,1436.8337334300754,277.15447944160724
2733.894102927813,1418.3384943970063,277.5024248811858
2826.281996136355,1420.8028495186811,279.9445973693285
2865.9389842573396,1415.9314692773678,285.01475907917705
2928.2577029299846,1431.9924899841376,279.1974357395421
2819.3223091759023,1421.995939230832,283.9526641508889
2797.456017417801,1427.6093457741363,282.33688888423023
2754.009469342455,1423.5395813997889,275.60830479909515
2706.0571543128426,1417.79590616784,275.60435316006436
2808.8479624869915,1429.2946856129959,277.7486670403426
2917.516956007715,1423.453161945754,273.31581172668865
2863.5406114828456,1410.3902093915276,277.42930572100306
2855.82821345569,1410.1078861619062,287.5671670836569
2812.280140852896,1421.4882672903163,279.84304832086315
2817.976158014016,1429.0745790238764,276.1677366695627
2678.8126340861013,1436.394205485064,289.5787232591024
2838.1255290382,1402.227865424192,275.34691340136897
2771.032971521209,1420.2565984909872,275.19058516597306
2764.9136326702055,1424.89647662175,286.1474284090335
2783.83715234757,1422.9566913499477,283.3065902980016
2782.149775527449,1430.093271050337,279.3497057373681
2764.1182204014167,1426.555339764915,284.1595444999458
2800.6936036087986,1410.1449981641965,281.50300000614584
2772.0861201895973,1409.8520831130927,274.0690379213059
2805.0161477878073,1423.1245485615173,268.01207646492844
2725.6411092724984,1429.9050542442253,277.16327424146357
2789.297111468399,1421.434175529527,285.4246241794914
2745.1852205156874,1404.2206693043172,277.8576495582669
2767.927534075107,1409.5282858468372,282.3004859917462
2807.1699421516764,1426.9151585586533,280.92242724222535
2719.800119262252,1416.5135490908287,271.532498526928
2758.879631136393,1421.179573032033,277.9680215314684
2828.448219241817,1430.6541803915177,281.7943966522329
2729.34110790671,1407.9779095238005,276.0642687224782
2888.89335701394,1415.8575734409806,278.18730921486025
2860.220397806532,1414.7712718662606,281.95873546048557
2775.2736457773863,1423.5540253652787,280.3631499957149
2760.639515610747,1427.72888178272,285.2345487046236
2810.096995166774,1405.1973254310121,281.9183545658174
2727.626887148642,1419.9446364083374,275.2207500079899
2699.8928637583786,1428.693291040462,277.6122664303523
2777.0332437973716,1401.4521354853916,280.1014814211314
2793.2975616748904,1419.356075585604,286.6920753825702
2804.7213612176765,1407.8421555921677,277.6323718485885
2769.2629691941056,1413.5843309645047,271.33715598800984
2863.6973364737473,1394.949654105185,282.2028345174559
2725.2430170758057,1433.9273411875502,276.22200875828
2743.0868932520953,1416.4417087259649,273.57349340212517
2824.3317978072405,1411.9280813596408,280.09401506412917
2741.917630718143,1423.2826704545714,284.86433820904153
2739.983977390134,1409.5768976731274,277.13059730169493
2806.1677396103582,1408.627554711187,282.48286943591313
2747.3238689841983,1435.1032916981374,283.40956831521214
2793.3457786039658,1438.086630283268,283.95898246833315
2765.007172017112,1414.0793632771752,276.338638451907
2756.916814831363,1430.6735470991619,274.3945897103331
2694.884730432753,1423.5604044398808,275.076234475207
2806.978157641067,1405.8616870828964,283.95487336061234
2737.6405003943537,1410.7186810615021,283.33696577335405
2791.587889823474,1435.5109979919694,275.21424699649833
2774.394755082572,1405.7320496717582,290.66322013171816
2789.674597065006,1442.8099933807487,274.61818016706417
2792.516231299337,1414.2863782408822,284.99732042350365
2809.681412545913,1435.8081490629324,287.59832719602605
2763.612034925428,1416.9443620535717,280.54878802996683
2862.1348239636686,1427.9990359150115,276.1513807820958
2707.629996957221,1433.950331401207,276.26060986275826
2788.6704440736385,1433.89953817681,278.6895489981856
2841.8115488205435,1414.1563446920702,285.4043538903402
2823.83862765013,1411.4261190010088,274.00062093650075
2751.2582211735703,1419.1878799024887,270.8061698379361
2759.5877253505987,1406.9952037896603,281.8102749528465
2749.66037203367,1422.3926417561056,282.9080637562954
2829.9613815332195,1411.7920334772248,289.83984723399635
2763.0038135742248,1430.827097735429,273.08840512366635
2812.7561544061723,1414.2988758378185,279.32596694018883
2813.2150707037977,1402.5774103051997,285.8091871606024
2918.4196734117686,1434.009147761693,280.60431083801365
2815.662562990085,1421.8336800333186,279.02280405469236
2759.442799262477,1420.2913489042007,283.9495274846477
2726.99248689668,1430.9439478494621,277.00305517896703
2786.2073642681125,1428.7157650229815,284.25705420977073
2794.045707878634,1412.3814645598957,273.7321840390486
2689.4650236304724,1415.5021839397384,272.4028414835855
2764.3072919853494,1408.8704474994065,278.6320599054383
2814.867627141378,1405.3554794487518,267.1835510655172
2773.382216486691,1425.7859253491538,280.4234981835645
2848.431189285292,1423.9218431004167,271.33719328647646
2722.082177763974,1427.6082921152251,281.4121026028319
2833.8441410076607,1432.8160544149594,280.92729719058474
2845.6944870762977,1427.7447479492566,279.6601880691759
2847.824823792077,1428.6345947630525,282.18204333769046
2721.707180767281,1399.2203874182787,281.02098734307043
2815.727639792869,1416.9301475807501,278.53499698334366
2766.5622940739245,1429.6457649467,289.15503490238564
2729.692877900855,1408.3179126379478,281.9665534677622
2779.3066137513147,1420.9167138283776,283.85954043655437
2754.7511004049597,1425.194644406135,285.365398719863
2846.0375234081935,1424.428534938385,283.34074689521043
2825.6531671506787,1423.687963079583,290.314164594624
2742.3777765945565,1425.9891271904557,280.830034424106
2763.7889343084535,1421.8074389492822,279.96519327081967
2780.9651287191687,1405.3707179260898,276.7521395609669
2796.3797426341052,1425.069555354035,278.7186303172001
2850.318913740189,1422.8474656055375,276.3438771547442
2834.5391163240315,1405.5025154914454,283.3860595650077
2802.569598448742,1433.7973521108656,275.4384187634068
2786.967557505254,1425.3383769974805,280.36896084949063
2711.3322982696263,1406.1965167902254,282.7977346715119
2864.599881306303,1411.8277483602785,280.7516194329761
2777.645170106717,1414.3594795825381,275.52042562215036
2877.742012021313,1414.3523656119935,283.4947245700299
2809.8054646065916,1422.9305018881844,279.57330145732027
2901.264210431072,1410.2364824894173,265.63643891776775
2830.316076668316,1431.2813674712193,275.08324154708305
2728.399018438956,1430.4580345136799,287.0056611820137
2769.2792259869393,1426.193173095996,287.4216092075734
2791.543251966402,1420.4424177539386,282.630556050326
2756.3108556445836,1429.3744751515153,283.92034488479163
2781.1469591408977,1417.2405227719598,276.10853009371067
2731.6530420708946,1412.755111386168,278.6992779063047
2800.286064054956,1431.9010964561974,286.17683300229817
2811.870597450547,1423.17542757019,282.1295762128104
2749.7945296396942,1413.1594235941861,280.32474191943527
2897.0127146740956,1415.8225763295843,279.0659572855349
2803.175663064023,1412.6357201623473,285.87236000617355
2759.1629566938545,1440.2217485882861,285.61016076775076
2718.523035001739,1420.0409843745053,283.24835875384383
2802.9971444698585,1421.5777131125367,280.3313753304128
2786.9755733593324,1427.2121904786195,278.21621757116606
2839.152045364322,1407.8463901739299,283.46506859842356
2792.8314867514014,1430.9654726628623,274.4904507751276
2740.3140608865638,1413.9215386921214,275.52715076206727
2883.535914808879,1438.3001628611514,272.7445431960753
2821.7812439753593,1416.873412699854,286.17614888996565
2787.294564420082,1430.3764001476318,276.3966668793533
2808.231926572487,1395.0320188288092,282.02003893375814
2823.702097828083,1408.2486692391403,279.37221239645237
2728.5571693053284,1417.0639284100237,294.4876949506097
2807.8847109981407,1399.692170018751,282.2095272701792
2777.4938263353056,1426.008844488414,270.68929620377327
2825.3649992814876,1423.1295812543624,285.8771787829829
2762.990903769686,1410.0917235014012,278.06424518197156
2769.764907245146,1419.840413701355,278.9953609902547
2883.143554928203,1428.0647722992312,276.63743868494976
2861.545604544107,1398.9695048313004,280.9780625931923
2635.2219410016346,1407.2651098376534,280.9125656883741
2857.8380991232157,1416.6491170077666,276.77261411175687
2796.317398687112,1420.2372362663248,277.45927739756786
2764.5908968550493,1419.4138857839846,280.5064306654416
2749.6412632146175,1428.892947854357,268.2863425674497
2752.5441185860004,1424.772112456554,272.7925126474815
2766.003202762079,1426.9663484057105,288.3499604804901
2743.643370815908,1406.1012426719562,281.6391047216012
2732.270016946368,1421.4482385479937,277.3754550662961
2747.9809924578044,1416.9285749076205,271.51958584231585
2816.1696927532844,1434.6207188166877,279.7184191752676
2802.50450742854,1421.743956373779,284.92596045890554
2827.7928225775927,1413.3094606528398,293.1960305232497
2796.681508039497,1428.5250127595505,289.4602821249785
2734.6660334677604,1425.6329779586465,275.5653098993573
2824.72204617468,1411.7839832735951,277.5210023430785
2749.7655360562544,1416.5151029723083,272.64250384881666
2832.330715099447,1416.6855354039164,275.7917246668802
2741.703999852152,1432.2746109227953,278.93578418437625
2765.626168679824,1422.0324187387844,278.1643150168693
2781.930417971604,1427.2678247856018,290.27283653289714
2833.7202400528477,1415.0672827886992,273.4232152876189
2808.79986260637,1423.3480029113944,279.7745277540605
2801.0000661075464,1433.0336090292965,269.6827011885168
2894.283439252765,1416.3892323474936,281.65445390243866
2708.150841938743,1421.1515480383778,273.29147329662027
2748.0811178649724,1406.3669374376238,285.51313154191394
2745.9405760980503,1412.3444191008998,278.5448705349235
2711.4673845038865,1416.6555710800217,272.99007865858556
2764.0240243556987,1409.3916069104828,269.4864912322102
2834.388458189835,1433.2197367752185,275.10681255695164
2770.4176300742124,1411.619929797585,281.1969044537142
2783.3498514006847,1427.8679859211725,282.1075682357823
2713.8722586059857,1421.8683623753147,277.5078100941336
2760.1737212419825,1420.3085194851046,284.6289852171648
2776.915064220621,1434.8616364496515,274.3212855355246
2832.120021127356,1397.3939970307242,265.36470078745714
2716.254180104089,1418.037951031769,281.4127682537125
2777.2495627139433,1409.1961966343456,286.45047906341694
2854.3409015034445,1400.3857959086697,286.49666836828874
2777.7458357188366,1408.0526826624232,273.50095379692334
2694.2219292940663,1420.1723753500307,277.2765340633922
2863.9587888674096,1412.7465287079356,283.61910007870256
2836.7448471269167,1428.9661358982514,276.8644694602061
2843.4698587539397,1417.8615415205868,280.52692430304245
2712.81081766273,1416.7526164527906,276.4178005209486
2875.6227862923606,1416.797190494939,274.55305621269315
2761.33619574444,1419.0150559387046,275.5181317429662
2774.5280527889886,1415.8152146505724,284.77862596475615
2764.8611417004,1411.4874630243585,280.0689138231544
2847.3468590977604,1429.8918488397603,286.3594081920278
2791.0100823747352,1413.7590494961105,282.6021034747721
2824.087051629381,1416.164733836538,288.0323261574047
2803.7950511442186,1424.294050800903,284.09034096479365
2795.247899815354,1423.1874124615724,283.79670415123354
2752.66079681269,1411.0656193765394,279.3975605068216
2890.6070293653884,1427.5498194411075,295.04603288248325
2726.8303185747386,1425.376703398384,280.5634910994727
2820.612698701734,1421.7797483418726,270.1328831543706
2818.832829605364,1415.686831494185,281.3401676980698
2857.717814307621,1415.932693094786,275.08853878381285
2869.404501618964,1417.982028969984,285.08510760800806
2793.1305700291614,1407.6816805887224,283.6290837909047
2826.519715296238,1419.6073155140305,279.04243175033673
2888.2436855226256,1428.92102040447,275.5605349327842
2796.7411616538875,1428.7637118983403,280.732128633604
2746.678326246741,1416.1914822872354,276.79383096071473
2780.776594365029,1430.6408327272554,283.9390199639192
2734.7677000692765,1439.0590455452943,282.78007857129023
2818.590840549736,1416.8379246473717,294.6798329624672
2853.222810407032,1426.9151470643217,277.7744273067454
2793.9479253966233,1397.371900373092,278.48287185757675
2718.951997527318,1407.4185327181801,279.22612163031613
2851.082541752884,1420.9112102933352,279.4450723286446
2711.185051921711,1409.9326693748162,285.1353946898074
2722.702261103848,1440.3920204472245,278.61827177468933
2791.083080625264,1425.9787968729656,289.86190858071745
2812.589262283775,1429.6583164685812,282.9113755486285
2821.1123749379176,1419.709735938394,277.57131976005985
2796.6930223976765,1409.9679198013635,276.2937715750966
2888.002188256743,1414.8118971782512,285.2043609670423
2803.25841705416,1422.5438047962637,280.14260075943406
2851.7334050876466,1413.6208466159098,280.04530026878376
2839.3477282047347,1426.711919917272,277.0075988678794
2735.3563133897737,1427.1141496920463,279.69277159539746
2791.513475635724,1420.049813039396,276.80522574598615
2906.1660256640507,1401.74364912983,286.80855728113
2774.782457302987,1437.1478493366596,283.585300761277
2766.2689737821656,1417.8732714331047,279.12615580349615
2808.528779073851,1447.0927664847104,279.0526595847363
2776.574003536997,1426.525356963522,280.4608708411961
2760.314771024888,1417.9004492326794,279.97229880563935
2775.8358302851207,1424.47821876498,275.21531910345414
2871.600483568431,1399.807144829214,270.4961293580751
2793.1690654261215,1430.2614240323596,276.01149666779486
2733.5962483622643,1445.6694123752948,279.3574125466748
2724.412673095592,1399.1076652615661,276.31083401141257
2910.3402466027237,1417.125909901743,284.09669015197784
2788.8332815282947,1418.9466187720848,278.85423432049623
2821.728925048271,1428.7522862916308,289.3678678751431
2761.4311386830195,1441.0597567416553,277.19252870885424
2816.0492984635707,1423.8288212259556,280.7035839935078
2872.9664825800764,1441.4179182421553,278.5556912191511
2767.3868408128124,1421.7043247688466,282.19889028867414
2822.929338997429,1424.5142381879623,285.3287556449852
2729.7126862054806,1423.2823556616027,283.04140479463547
2901.1433059183396,1432.202997830051,269.8460186526697
2813.4267965122285,1415.776789418898,282.4993080523643
2779.3603077823855,1428.1828675876152,274.9456092885948
2785.1062938356918,1407.6920339374358,278.4511541079186
2774.498091274283,1417.154958953486,283.4466459341867
2777.0547417938255,1413.632563770612,274.4011954579248
2677.625242882517,1420.8796155861794,285.77974003742526
2795.1017133951623,1416.8392025059622,278.23307050224383
2793.006065969714,1431.3213369245698,290.8546868645906
2824.433076863024,1411.2133190482837,280.3433891289688
2773.8428126779236,1402.6868406418898,288.52671371325886
2761.448184292949,1406.4271618028845,285.98839612266755
2799.611252777351,1429.9416804630132,276.9444745897275
2719.381594095476,1410.3044265668377,273.4915463618324
2807.171159376729,1423.9784441552072,280.56813680618774
2706.909037023914,1417.0521249675191,277.08678440738913
2856.04093244154,1428.2424405475326,287.898593900435
2834.2134977830387,1417.6923429488338,278.7657041416369
2753.6907061787992,1447.6434851611714,278.49798020740616
2833.056900666902,1438.981170158185,273.0205076963149
2805.575711212694,1416.8478981959431,282.0960850653988
2749.549488445757,1415.4786541090502,274.12888859026583
2698.8561921385453,1451.3232615080847,282.2121845644036
2815.8217841713226,1409.211490386714,282.90045863249003
2760.2859076432483,1419.4497645208164,276.2516244401282
2854.748478484804,1420.2244891970543,284.78289965508856
2800.7016866940926,1419.9766210218543,278.6256228035438
2765.020865175134,1402.6128827946948,272.6437815204789
2889.8919366545238,1424.9660240967594,287.72643670156845
2828.8223246301504,1410.296499086077,275.3826471296284
2617.245674244795,1434.3598912416908,282.5353527063324
2775.680411560457,1405.4403495756537,282.1289723702362
2730.795550399379,1420.5946592737548,281.9459233696217
2760.0101031139848,1397.838793530481,281.8593095796507
2792.7633800540734,1398.4561629365928,275.1490618172
2817.7024254293774,1411.6064804170737,288.4567480075136
2813.068287105679,1413.0178991766297,284.7812457510032
2853.89365382824,1434.6572641298944,282.375283656252
2831.829918875433,1419.5940816373811,273.33511882242186
2828.737346456275,1432.9240690091156,275.10816062172285
2810.0746161566635,1416.2021340532333,283.28728313344584
2864.339942636295,1426.0608518288034,269.9815794415159
2784.186172840454,1412.745246830811,281.69351929970185
2785.4848365632406,1412.065269309014,273.34411601307187
2704.7213323513733,1401.791498610821,275.65984111245194
2852.808202190502,1423.3575399385127,272.944661961662
2796.153712211042,1422.6208341470015,281.2305320789115
2946.6802853085637,1427.7731288728585,285.5818072591715
2779.7233654118772,1422.149182871414,281.74008761906344
2804.428906470837,1440.2619597719397,282.28916524461124
2827.3252476804205,1421.760276366775,280.8397944807744
2744.9050013505644,1429.9182671433812,283.4134675543532
2817.9273856939612,1416.758909170009,282.3354280712501
2801.733071602859,1410.915299656986,266.42450903001406
2784.815590516158,1427.1769517018663,284.53153368830823
2858.63019793715,1419.1085201217966,284.0057598098045
2754.812564104467,1428.3204304592962,278.188435846708
2813.7451056541113,1423.5293654184468,270.12896636133655
2872.733214569252,1412.0698667320985,281.21237012817204
2764.6689122021853,1430.7433787767702,281.6333040206825
2785.155700865385,1411.2881004621534,277.7975825871958
2917.2652281735914,1426.253262632955,280.93349862173346
2823.719553257803,1432.8161111152585,285.35920128985185
2774.690126167869,1416.1540516158484,291.9876085914758
2840.131238003924,1431.5599445367232,280.73451836457934
2771.5953224204486,1423.976168340532,281.6695684067662
2721.7542037919966,1428.5194377839625,275.88105562407304
2868.6181972632585,1411.6324430889742,277.4930397701171
2744.847036793449,1422.1430023205376,279.3197868481426
2922.5856312498645,1405.919186899755,285.888590176953
2775.5333812268896,1437.1130051531047,284.0947887801403
2906.663234078093,1399.8600167841548,289.6467667200398
2731.566446573997,1416.4524818037114,272.54886912169894
2851.274679313313,1410.6829140580037,273.38132514675516
2824.9863136492327,1426.7470041520223,285.51041467617966
2841.887311277758,1439.2394594592993,287.2443018815724
2848.401135333813,1426.5491509868752,280.16564060835464
2775.1127428859413,1449.6128369695134,257.67198068235564
2734.55780789985,1406.2205982344117,276.2823541905063
2797.4541134830392,1406.9881586747144,281.67746826074693
2811.1515128792566,1411.068857683846,275.5029350671113
2776.4077689422247,1421.212446952959,280.92563078468856
2813.877698507993,1409.7307762471676,289.4927772443599
2816.481276558737,1412.4833724569498,287.130664097975
2754.4986776728065,1426.2048352392728,284.0444612268507
2819.7485640845234,1407.6082811688618,279.6777536058092
2786.6393988152677,1408.668039870299,277.52665971049805
2765.0009549898314,1416.0146124700993,283.78875657638736
2839.3687569112,1416.9555692916067,280.1269732625011
2761.1504394153226,1430.1001571722131,280.2985221968618
2777.1666205047636,1410.9936025202187,272.24392193559487
2803.6025425093326,1412.797200158791,276.42734808887053
2868.7155810327117,1425.81670116279,283.7593023365841
2809.639203886215,1428.013943237834,274.49466579625704
2826.4144166237334,1434.2872446712659,281.3285354930123
2785.1178732001754,1424.6912035486475,282.0625179743207
2796.075518781183,1421.3036405996183,282.3544390787701
2797.55613832402,1425.7503840674615,282.80132108178844
2814.665311800851,1417.3258719411144,283.13863026570033
2785.201621347587,1417.2523240562452,276.8810345397874
2866.9999942738104,1402.2588968772125,272.6617271816941
2781.3416880748928,1428.9341595668934,275.63232293808323
2714.6379432397316,1422.1145894505175,283.64960598452456
2937.139830218501,1427.770392663683,273.9957670310215
2783.6315654528125,1391.841895055227,274.7969466005775
2865.6584893545673,1419.5289829210647,274.76927999621165
2870.239542097988,1411.4411849362236,270.7701277262837
2847.260715612519,1435.0136250482024,274.264978169341
2790.0986390201297,1426.1421691548383,285.0019845666184
2814.3342409937172,1422.3423541081056,276.4161767364222
2736.2744895347537,1415.6806703065897,271.2553092172283
2899.507388690914,1423.9720831013165,277.44178072542707
2757.4097000908664,1410.718143706219,282.55273607946833
2787.3049518629564,1419.0027465231424,270.8461361755817
2804.9493243520124,1414.2163661301258,284.7665515488301
2794.628012258152,1442.6648965498168,272.7950959232046
2767.1563358853305,1434.6994775619085,278.0225818050666
2869.7169526027346,1430.6304748398284,277.95867445002193
2847.513964174414,1405.0968897784585,277.19279946622237
2816.1023602162845,1428.6415711228406,279.6759915075924
2780.0223472001626,1421.8766667514194,283.8928017698835
2853.2137935922237,1432.2346013951615,279.79599209348396
2776.776568361122,1423.2239509512694,276.9716316995337
2878.519592016891,1419.932823339617,282.28674342380447
2805.5610457741714,1422.3378429633656,281.0363186431125
2861.4890763486355,1401.9436670837745,276.65248220036585
2794.3089836908207,1412.325967278322,280.21150711042185
2803.5766591020474,1423.7333553870328,276.23828748396204
2861.2710530729332,1431.3938835840659,275.6713063580153
2909.696257590222,1414.4950688368788,284.0290060707495
2878.018340875244,1419.5919312013607,282.2347940328458
2843.8567309688924,1403.990075553246,283.8518981761827
2829.46417164788,1434.5931081335375,283.17564250575754
2774.652565487019,1431.1374173223312,275.56390370472974
2814.7614870552716,1426.5210261856719,285.006409650334
2754.347540800163,1424.068061876309,278.5119644485904
2818.7891066842385,1435.5254906514679,284.6460891163361
2822.002533034679,1411.9498900868527,279.37441695014354
2701.9577429265905,1410.8683844367333,281.5658154393966
2801.9369304595853,1430.6151978625644,281.7161396447351
2820.7437449544555,1429.9431338170812,284.06600192642196
2795.814507143049,1408.0650441391085,271.82726939495564
2817.9024419428283,1414.6864011842313,272.1180114364529
2732.913887832184,1436.8909313107738,283.3585543255109
2761.206784721987,1424.1166732821591,281.78181232496684
2851.7469081581967,1427.8716151801818,276.1217817590569
2800.0285832822888,1408.4095345747064,281.8215445450837
2816.9939490657453,1426.5664452453718,272.9601989494805
2772.673941964571,1405.8045845422912,296.32144755434507
2800.974701163843,1400.2017863439933,286.5578569341397
2684.89939099324,1427.2682396018088,283.11151338703934
2842.3005969210385,1434.344451696345,280.3781518533874
2890.3966419476237,1417.4621392425083,276.9063597759735
2746.749122539268,1414.5344931814554,273.4490688032706
2752.9833906245217,1437.1084865624637,279.4308868625529
2822.043994911874,1418.0521663088539,275.7011968215244
2873.6939645253374,1419.3423127644273,275.99279075673377
2799.895134130853,1436.9395722644033,272.9162168011273
2738.5340989593747,1416.4641518697179,281.2483152596555
2789.5691381681063,1413.4597239065513,278.1150324708855
2748.5033959844104,1428.1550822413708,282.67535787412936
2766.5576853565613,1412.8814384562088,282.28549396827395
2784.797945042334,1418.5539846187783,281.14732315039834
2753.5337705879188,1406.808413982878,293.2972012902709
2761.104713791272,1421.8539708837652,284.1185275678277
2803.7267000111124,1420.680974872031,273.69716994675053
2810.7517906068615,1429.6802027472315,282.29368223960734
2728.800983308952,1428.5725653666173,279.72990628515754
2819.819086125467,1425.5151800846959,273.29234714586767
2780.90330684343,1423.94255692781,272.8918355996168
2836.0130761776304,1419.2674588624766,282.26601458639783
2839.024876034393,1426.095559689958,283.4877376743928
2772.7729409522476,1408.8766782633102,274.76871400337734
2830.7073847018864,1396.510339281457,284.8508352659732
2758.1521980150583,1431.619176712129,281.4245719840764
2866.1881031417647,1426.7416046224791,285.9792957847126
2760.0431899571768,1418.730135657201,285.4481019916962
2817.6374804312754,1430.7455860844598,279.20781542298505
2790.619542767786,1412.6850258305346,288.17799865051046
2749.15527428812,1412.9450746791686,274.37941954939765
2845.0457880892654,1411.5586227630583,291.95147252475346
2769.2934095566607,1425.676219751159,275.6060715975705
2714.9963917510845,1404.1704192278526,279.7599863416116
2655.8993318415987,1412.3303839321795,277.16405850693616
2756.2477652786015,1422.8971502323614,278.1160450606013
2868.795420964949,1407.9584892407738,294.6177683125698
2862.886923375183,1413.3968959433882,277.6863965629446
2764.0700798826233,1397.8843242288544,284.2555418614646
2781.277254264931,1426.0580664940153,278.8229854435679
2776.754346222199,1413.121648066577,284.68275214793874
2733.3283927275215,1409.0071874985886,277.27920240814507
2752.558406418833,1407.0497727404143,281.2806604682959
2849.0574759700394,1415.817864877949,283.1434915023637
2825.19439356897,1404.1984441310856,276.3909427333176
2813.6544429264945,1439.4237967714866,293.78862962112794
2733.242669416957,1396.1525538283101,283.40470521616896
2805.0351607016987,1415.4938085021352,278.8701452274131
2684.807751525599,1421.0690692929124,276.51382741574656
2842.1401345630265,1412.2462099586344,280.4586151181349
2812.928745036857,1422.1213173729311,273.9200099469326
2732.7383773950087,1412.0039842505385,288.9114763192497
2880.821277874502,1435.3009446367314,282.1562688620054
2710.191767041571,1408.8112298589022,279.560069662943
2826.5153091124803,1396.4877605865167,285.2298892717836
2827.758588448933,1407.0150014954668,276.3924261095702
2738.0164780323757,1423.8649477481372,274.2202020678478
2798.107465459494,1418.8207562045113,279.34933464135634
2718.158607892357,1427.5213290798213,280.63771824734795
2657.6812841836595,1425.0174461671097,282.65293103296386
2746.606188653417,1413.6371965027479,272.61861041783885
2769.1687528869,1415.1091650620444,277.71841584990386
2832.2128090405395,1416.1467122434678,264.5826760341572
2803.3704042530408,1438.8434608349664,274.08825414546953
2804.6772729693075,1426.9082231468738,283.576307668502
2749.2789188358206,1438.9168689917851,284.80512904287366
2773.4994347979305,1428.407793723418,274.2899773234349
2753.503669506542,1419.3641660507844,278.3769772546281
2738.7512996485098,1409.8063851301433,280.12803077563996
2770.315028650637,1422.0151967114875,285.39055069421056
2803.7256192548166,1419.3913082778377,287.64547433258497
2771.36807402879,1419.0635271466178,280.7654112761151
2783.8248665287515,1417.9090092310075,278.6969167220888
2834.7457405455693,1399.4753729242377,272.78153195649685
2774.962279065465,1432.6083981653464,280.5403461728053
2733.3016684506056,1419.495465107827,290.37461250745133
2828.172676080062,1405.8574688397136,286.4509627496866
2813.292482425414,1424.8176270907366,280.8742914812945
2816.4329749086155,1411.4416383139346,281.51688904350056
2831.2919328767853,1425.6214062297079,276.5574181927397
2822.8320763653974,1428.8165646051245,278.2143218561174
2801.436434623565,1430.1963649066931,280.7379958779217
2919.5726331426044,1418.3908327334518,280.75317170159224
2735.751562684902,1415.8622227198148,285.0537496645153
2770.679136075572,1413.7446163973534,284.81041466370647
2848.366718233908,1412.7744391153951,282.6028339010554
2807.1293146047788,1419.8276993578909,275.00426910900353
2837.896151700562,1417.9065693760826,275.192923394091
2808.4878214768437,1411.7469618417783,275.5605426485771
2868.702827557999,1408.562152461971,281.1776014460333
2749.6244572183377,1418.912439077414,269.86839472621926
2867.1229944703355,1415.6580238205618,279.9686246376769
2858.5498246602133,1408.5863302671814,287.0432135822707
2739.485544288481,1428.305710134214,283.3341301734032
2831.5332704943835,1437.7209275082525,278.2463619452711
2797.8480033881706,1429.6258821398421,276.5087229312511
2769.670899044047,1412.7981198832395,284.0285764238834
2705.569040514114,1419.4977031541007,281.53027683026136
2749.459316444134,1435.4042895168745,278.7678377370863
2835.4056070092292,1408.263003572225,277.05484560546927
2840.692063463028,1427.8259512668521,280.38191494843636
2789.4644759711914,1405.51916791856,278.4848161800651
2840.849257157164,1436.8403762743133,283.92189784958356
2847.263003894707,1415.69685475249,286.2058454798936
2807.7319979313174,1442.290437245238,273.1637508607864
2763.8833188074896,1437.2806379864182,273.8709021373558
2822.0527056407823,1418.9356949041862,286.74028093824364
2824.3492353829433,1412.805946268896,280.82909471331976
2833.6972195175154,1421.9477547189092,274.3417468160558
2843.270163500112,1418.1984103335344,284.9162580333032
2731.891771403939,1415.9843303641442,281.70842549944416
2774.503537731713,1403.418867454217,291.01622880962447
2705.068932715609,1414.8544641634542,278.8234916136723
2837.3498019177673,1408.8952087824375,285.54351998534355
2789.384427600979,1425.5164770642523,272.7558278043362
2821.5407035348708,1429.9107131659744,286.98013775081785
2726.216062590492,1427.406840039236,284.72080029105575
2870.0490424846525,1423.4237508962751,288.02173716896885
2740.283041769036,1411.470929328591,285.55290158754366
2838.7281652191227,1422.054007726019,279.5047590706216
2805.8975085446273,1427.9276514364437,274.14436717981573
2790.527861123691,1414.1376442560027,276.9897354981798
2786.4919946693913,1421.1898642139502,271.1942480640094
2768.0968495341936,1418.5453841073008,275.3955048440815
2864.7598088450386,1436.623666696105,282.1293067460422
2800.630641717612,1428.5154813526453,279.76123560587405
2736.538923482339,1426.091596117484,278.8820492993389
2780.801989898258,1402.8330626603456,276.0344854202625
2806.416951360147,1421.7283732676758,271.1380049457086
2844.8902640722663,1418.4498657107542,280.91041556618626
2769.76901397414,1418.3634288943013,281.89580096234323
2773.1111722097726,1404.3658652725835,275.04218219976644
2801.1716063573704,1409.1223137770244,277.3327986491814
2843.671240997366,1419.3198251209421,287.7106672704471
2731.5622732201987,1431.1435577819045,285.79748976786817
2825.267731549587,1414.0947543016057,272.57787719135524
2776.796873493567,1416.0006127289573,279.57681806384625
2783.7783709125756,1437.8109199528622,287.27477841186123
2900.0787872564874,1417.0317761083215,278.9178950134624
2790.1765387724236,1418.7121047614642,278.6552840579642
2837.734687515429,1418.8475521794826,285.4636881337154
2835.9456918601672,1406.544948535955,284.9353462213761
2740.9988042950745,1425.7179812341512,284.676516726903
2707.7302837388547,1413.4712388141565,278.69007625412934
2841.0491046208454,1419.6992938296025,283.3144400813752
2745.822690377574,1424.443729644178,287.4737275697761
2716.790852271449,1439.425575890354,279.7506315076571
2851.30811074221,1406.8222995545375,277.9829518934317
2749.0286633112205,1428.6498218506622,286.15036319544816
2761.3741262157805,1428.6872325617396,290.2271990144856
2898.718657754465,1413.6178522722073,290.5750244178291
2717.0132319309214,1425.9950384805197,278.12744250112524
2737.1856979296535,1436.434361512919,278.6297987525155
2777.015092876304,1412.3502879078756,274.85418833431726
2787.987158008279,1422.4146979713516,280.59026162207397
2755.3127358941174,1424.0480136393978,274.6294053427124
2742.067245133854,1425.3417885495355,277.3668327914625
2875.4997162215964,1427.69291760716,283.50564899081195
2813.149306205236,1421.6630482825217,281.949887050697
2829.2584372104593,1425.13436186348,270.9463934741649
2793.1387411720734,1410.8852634987627,287.85146149137194
2814.472747442957,1421.6400349363955,274.5650195642413
2846.6450830554795,1415.236587343195,275.19533038060496
2750.185049272733,1407.701710948459,273.80538924117775
2813.2417998258993,1414.908554505631,276.69358330717995
2834.8021156703944,1422.6945639219805,275.51596810667087
2877.239867319213,1424.357972763702,275.6378327940555
2897.394548990088,1407.3154087907724,267.67863974134275
2803.492989849088,1410.6232328327512,280.64963696026905
2856.931947484357,1427.2465627969323,281.1603258390778
2666.4916033314225,1425.0814809261587,291.22203368946106
2877.614145468836,1428.8710266204635,282.4317049883278
2763.70581691396,1433.6783042717657,277.51705490140927
2787.9451275506053,1425.3788710959059,273.9964251076329
2822.055224218351,1415.8519237282912,279.5186177010037
2792.3278816342245,1421.1484945808193,282.2436144469628
2809.822668978407,1436.5989710092738,277.48325690340477
2879.3846484113074,1447.644489977854,280.30508013174284
2780.7889977327013,1424.6309636574235,289.4867704702941
2745.653809174972,1425.3555413881131,278.0794493648042
2890.6731928649274,1427.2570836699742,270.5661222260376
2826.3382108502337,1420.2379284581937,284.3674339369572
2896.1119487656733,1431.6385390234263,281.57160722907525
2843.181495528945,1430.0804529273285,271.45503994371046
2733.820280399328,1423.5437644714882,282.1382183863815
2832.269233587844,1416.819800939944,275.0106822543113
2750.8025967058725,1404.7930361262286,282.206612011822
2800.3715901219834,1427.3241354761426,289.53631754602145
2796.2142798196123,1422.128583152261,279.1151533282839
2719.116809768347,1412.622322693459,285.4163559951824
2759.3594755219106,1408.7007973500538,273.8575634107381
2910.259365007955,1426.6143284938325,272.4029042683116
2811.9188702420583,1403.9876367838303,290.08685236197834
2791.220193266852,1422.996411874438,281.5390750677817
2890.6445109970464,1428.435504091689,283.1833497058067
2780.1882344965416,1425.4989288641661,285.7601115142269
2795.428981901544,1416.0926022564156,277.3609259510102
2849.5401428061423,1407.5062551552508,284.12558179881336
2779.9632100691824,1425.870192397952,283.3677208115441
2762.673963032375,1432.0052309195341,273.5259758960882
2687.312179231964,1414.2726664525696,287.5649265570634
2753.175084330862,1425.0690820029286,286.53430257989766
2752.6986127005193,1435.8151511873182,273.58141380481135
2807.9283347734304,1423.388470964416,281.001432207309
2769.4770867136112,1416.0311985512221,278.8446013154353
2907.90095054286,1430.4085354006315,287.0915373496297
2747.1185534882597,1412.624390258422,272.94693996940697
2870.0323343428704,1407.0180798494698,298.01207512105265
2810.9876477563776,1428.1232119114597,279.12757915314063
2840.3387017856194,1415.9383773651643,283.69222583090595
2837.3009797367936,1416.8347898599632,286.937491660014
2689.0882234843793,1413.7305936444893,279.02000328414925
2799.422366051172,1415.2718260444592,279.4252905720236
2786.8885931383084,1434.0303342752686,277.4858455309069
2743.3510952654365,1436.6249876578368,275.5726718693444
2822.9813018607933,1437.949786361446,281.3592957389636
2885.8270157938737,1430.9012062117752,279.3236665991252
2666.3498178057966,1424.6627125977325,277.4531290083725
2773.276516207914,1405.6771440806688,277.7451802598315
2737.711691794319,1418.1247529709965,282.8811672694657
2803.5888913118847,1441.5675448862369,276.0121823532473
2783.7189358425003,1415.6437842124735,278.76517615803886
2769.716139362141,1435.1414447477227,284.4933369589455
2834.475341416453,1420.5503581903054,281.2361273503465
2881.8090650528547,1393.2185761414685,274.75220366820696
2933.065932587892,1426.4048556366897,279.88064465626513
2763.0185475765707,1432.6625469617832,282.18510810571485
2708.9562224090964,1419.5100403135946,284.9463609561812
2827.959821703917,1432.3305100448542,276.2231066662755
2880.5242367661604,1403.3217248558292,277.20735138649434
2840.6844983520364,1406.1443573610063,276.524200056399
2880.3173519765155,1422.048643080857,276.7723990030411
2788.725666469894,1424.7711472781752,282.02502357848556
2769.5212780113434,1433.5657886859228,282.97244564941826
2805.771795370066,1426.3892446674856,285.2545174644154
2783.4723406316557,1408.0637091063495,279.54412545462117
2833.1547010670174,1422.1304562207438,272.9733852261026
2848.4883889001744,1426.0072744528816,283.3473508222873
2852.4041832285943,1401.2576600130287,280.79571839203794
2825.5296335402195,1419.56366530262,280.29984739658
2812.291116333765,1416.6441745606178,273.5829825584439
2839.7213344625425,1413.4530692625426,279.0208206819733
2701.850404617364,1424.9877705175268,274.0317260693714
2810.528537616697,1408.5031847344208,282.4098249422288
2802.6239028585223,1424.1687951200365,277.8505298564808
2810.654019798578,1425.594911292089,277.40232801817723
2795.6188226872882,1430.8376331026097,272.31422258455484
2821.592774673081,1408.765807372074,285.13547934842023
2771.2698539232993,1404.9476578164545,278.70717684385323
2856.4761714726815,1422.7890360733902,280.4349038516888
2823.6824888706738,1417.137287661323,276.32254954653723
2807.534292894193,1449.0265026249372,271.74712470016675
2765.124171468194,1424.5849847624293,277.3418720591137
2840.765844260395,1420.5816171170418,278.1422933111364
2810.3329849247248,1418.2717204432358,281.4638001045742
2762.2258303231542,1407.8193815456054,278.2248379455543
2797.166922879338,1425.638815529546,276.4082557015136
2831.4541309620618,1419.208549737292,272.4833030142883
2827.578676940991,1419.2168631657057,280.2422674771137
2824.3504483904076,1420.9444332549865,276.01719903114565
2804.626569587054,1422.2121252991724,286.6040326688285
2851.2909766650946,1402.6074435408248,280.7507333066905
2861.8898251905807,1428.3702300637094,282.81051420016496
2836.866130783777,1411.5355562518407,278.75605666855415
2770.627436257215,1418.6196780253138,281.00640144883954
2747.096914135474,1432.8590492066528,275.54642342114875
2772.80301165142,1437.7944859227011,274.108905871652
2897.682837398836,1402.995055613736,280.07565538674277
2814.0847956913676,1420.3024482767464,282.8519582760054
2906.3220913763193,1422.7291318516604,270.27094114969213
2793.9900828206282,1404.9246997380856,277.5044825459798
2787.059316475354,1428.0259136441816,289.210610539442
2796.2971731677962,1421.1626267741417,282.39613775834977
2795.391295997335,1421.9415959569499,287.6882301684525
2761.3174544066137,1410.8244708165807,276.82977524105706
2742.557586591666,1424.1288664338135,277.7104711750278
2825.066831359043,1428.3822395638995,284.83366660172254
2852.7450358798683,1421.2729788372594,283.1176017768916
2922.24906503332,1414.8606409903696,279.52807711970155
2778.3143546654487,1415.6393068195364,273.68742095365747
2782.367225656796,1422.2039570712598,285.7842598111346
2761.4385352774493,1420.4879737838062,292.55114073763855
2856.286371468678,1429.048221191194,272.1406690585162
2840.749372739813,1415.1974171247584,287.0180957487472
2756.1532709062735,1407.8161939725917,277.65849428671316
2754.890095651353,1423.593860773205,278.33265674480924
2847.625737929795,1415.2247014700129,281.3481974376917
2819.15980756042,1427.8368194903637,273.97238360430003
2837.9194356505573,1420.075386304576,279.81430777527805
2755.8615760830544,1426.5481320436481,271.94373186098915
2706.1137568044896,1409.856829532692,282.38041244889104
2756.2517491659914,1421.4338626322983,291.16861018981587
2834.3883365005613,1413.007367926161,276.8023425541817
2905.5528989317445,1407.7962634692378,279.15628330854145
2778.5268005236194,1411.3889212192898,279.4026091196363
2913.7927940938434,1414.5552290822413,284.932342969955
2841.4909883745845,1432.4469452702385,282.027861845259
2730.3483849145587,1414.2905960050734,284.60173005175966
2810.7016918905515,1407.2845974972179,277.46882332398815
2843.198713920593,1421.3147742249666,282.167845024099
2678.7258550723654,1420.2918066067768,263.1609713353207
2832.222557895669,1415.079469879898,283.33731285994514
2858.6360589911556,1418.3877653415386,273.9110364560237
2819.943406206557,1429.7622708599656,278.3620305925004
2796.9139394659287,1426.7070576539918,283.72625554322104
2791.3536708499296,1425.8423020687374,272.3195508369005
2788.433883615409,1408.1632121547977,285.44716399111013
2741.2010098116443,1448.8654806171533,279.3784759435564
2765.623808404752,1430.5125221027422,287.2655774314362
2779.170297717392,1425.1702856319087,275.4857792048211
2805.674717311287,1408.3568822560278,270.93606137826526
2772.1592621171467,1429.477301127341,279.8552664233098
2756.5435378751035,1414.9887148970067,282.9353803392362
2837.9885429562923,1418.0572919536403,283.3546846940511
2818.530698597393,1403.1922072394073,274.32255932036384
2773.0385231605214,1407.5851691405949,271.87683464940045
2825.3139235743793,1424.3854649882715,278.4383801304922
2777.342105315703,1430.0623467527048,282.58221995237795
2803.153251474406,1426.8490441979504,282.3289339105316
2848.7522027361433,1426.5081899674294,287.86063168236075
2769.812945341687,1419.352335430403,278.13272399291293
2741.3794196083127,1415.9329298463379,270.77551780887654
2792.7432708489328,1422.888951435654,285.9833321914212
2731.826749190727,1428.2140832310026,280.97597657055377
2786.127574532451,1420.048622549336,281.41093955250454
2785.9681260343273,1432.102520199134,283.8354519605329
2676.815793804722,1417.84930736184,286.3182179518433
2826.5317581872255,1410.1972106470396,279.884900079249
2790.865511665934,1419.89637757959,285.8827581666404
2859.0948226385967,1421.0597227825956,282.7606813207089
2810.7765989897043,1419.179699327236,276.72208804346
2836.780428515777,1432.8065556088227,278.83380763915744
2859.5019376603523,1428.0530198072404,283.08372011699254
2793.4141458614627,1405.690590113783,276.4558761787805
2799.9588405568047,1435.3436701419828,284.43229551068225
2721.3228388304883,1392.5858293917083,280.790917504236
2861.976887261712,1441.510243728525,281.9080911954991
2792.715130013922,1417.1269448644312,287.2025266177508
2749.713472482601,1418.104322633485,281.782834387881
2836.9861243243713,1419.3998376102636,280.35705926957655
2691.0109404017876,1423.852054328402,279.5870576844594
2778.536288856341,1419.9973679873315,279.3267152010963
2845.415552060592,1418.6660481116273,281.561496821018
2778.1139074017046,1433.0891830935618,286.8166149205821
2764.1039024525708,1425.6559607975084,276.94111869832915
2779.1922601443525,1410.4119614562924,276.5627143066452
2699.5035367765713,1427.4067391433573,286.42519947599015
2835.7739215891515,1425.2410700318335,277.16926530070725
2793.855697901154,1414.5472627441877,281.0804743317635
2786.3837695002617,1427.9213842636216,277.0410126759207
2786.566569179548,1418.4242739877695,271.6025777082177
2800.703989923229,1417.783265278749,280.99112596645983
2832.671868533603,1417.5108688256707,285.57583947013023
2797.3968229400375,1395.718819430476,279.6897257410364
2731.9181725910094,1414.733006670654,272.5917071837189
2828.7758060772035,1427.131732421256,280.54535291525207
2824.928484550211,1419.7758875709624,276.22024305677303
2810.2763499108232,1407.1481357014425,266.9024745837712
2853.762065348066,1429.6463125519203,279.5955813913823
2801.518933820648,1417.013998404566,282.58842096944016
2855.5688044494627,1407.7842450933847,285.8885273906596
2870.36055107392,1442.0601246167103,288.7842736998107
2829.115644276224,1409.4682740551225,283.25467838693254
2762.603318906103,1428.794915112857,284.667837043028
2793.460714074878,1412.306858991454,273.57717274960964
2861.9428017029186,1421.3582683457382,288.10912900773127
2725.1186066965247,1410.9781903663181,286.33680090785776
2780.4023165910694,1407.6069581872634,278.1644225751674
2782.8517581776628,1425.222025446714,283.4083006264392
2756.7394699823135,1424.052905451344,282.90534091724305
2843.6439474959393,1431.4464944421907,287.35106755275194
2818.8407535520387,1419.6561806970415,279.24446113920055
2764.4470821699756,1442.2035179412649,276.26883681149997
2830.275646011792,1422.6834666743703,277.5500081516933
2792.079188266589,1425.6677468123721,284.48397991681935
2755.490271338883,1406.4157075489277,270.4006479492883
2764.354079487857,1413.8591568487748,265.0146328037825
2821.802553738797,1425.1967970051599,284.4712450348399
2846.950493926092,1419.157722375864,281.3740273207765
2775.661588352261,1421.8768313503463,280.0923166815159
2827.2220666834505,1411.835062442858,273.47226686005774
2879.087707878874,1421.2194697347163,271.45055117702356
2737.056472181487,1421.1854589159173,276.8273545825091
2817.7834936419313,1408.1956498011475,281.8084754968484
2841.5327845647703,1426.425498446806,277.07122143616397
2795.2425091700584,1402.9993505308203,284.5005010012101
2861.914160542782,1421.8423808059767,275.22970328989857
2909.941851913064,1437.655926938255,277.4032746342021
2817.167767419315,1426.805505378191,283.51600527342185
2788.3205133861,1426.742992460371,278.1154249175772
2848.8491403830976,1411.0257332505132,278.363250198387
2842.103443018895,1437.6906205315286,276.78255773175596
2674.0584522540908,1433.7671809460228,275.85529629598574
2799.8632221954445,1411.5640997710443,281.770886769481
2780.2700266630445,1415.2523675818513,282.41853147322314
2819.835284575696,1432.546560449267,281.1357421877564
2790.3170859853103,1437.9614737831675,276.9190819722328
2795.74119538645,1407.353139649097,278.99254050043317
2756.8393620269458,1409.9628923027542,287.97967391710586
2836.7264609212243,1418.5621324357783,272.89458311450215
2882.7521110734365,1398.2890597055748,289.4294564021432
2757.616402539248,1420.1904516020943,280.49859923058773
2730.147248842651,1431.8574351403,279.0993680501175
2801.0001609913734,1405.6136298376425,284.7668916940084
2798.567216948237,1421.2710696497509,269.66366965470814
2858.546639306018,1414.1822929500468,286.9015978728988
2738.5402523810735,1436.3994594875392,289.2886291447419
2773.102241248795,1414.3020813786695,285.4398643372955
2692.614838036657,1435.1899308774857,269.48857315544643
2868.749181810591,1414.0254492918878,283.8208389890024
2812.527231416168,1427.7117580533413,288.22999279009343
2776.82835430096,1422.519456183627,287.71374393867876
2733.8864260704413,1418.617273334857,272.95955376386803
2738.4761970911372,1412.0947143094602,285.081784158015
2820.7133449895696,1423.2309542131788,288.97785201389576
2744.6287477199644,1415.5946473751508,280.1473285932301
2805.2002711574287,1413.1023377519186,272.7364938860514
2902.1472430567514,1434.7272274137572,284.1432629636247
2782.620618852759,1425.4753022749323,285.2692898432588
2751.927777801281,1426.436389519072,279.30395917837046
2819.100360272638,1416.0840148138773,274.04638272068087
2738.710412960914,1418.140216529167,284.9093604201808
2885.99922651647,1417.514233326489,276.1559556718912
2870.180983426417,1423.3723891250097,281.9867336326944
2791.791419052318,1426.418034518425,287.7908317750647
2755.135340928789,1419.6974862968843,271.7060095152399
2778.711506361232,1412.0735500581936,284.5388199898463
2785.2167193957284,1427.6057045702655,278.967089848401
2819.1783565853534,1420.3340386820835,279.0967335800771
2851.9816164650556,1405.5916362122903,282.57158217266414
2748.1743684620706,1398.647052499203,276.14307984292924
2850.5454782671372,1422.9789717546048,274.1249043153568
2830.884280640565,1411.7052620112229,271.07902613984663
2774.6105254596696,1424.3106212939645,286.1588135470961
2745.6644052161496,1412.2438169113607,278.14163907445516
2805.8116358646284,1421.3318577249502,282.84970206178684
2747.020575814896,1416.215984720379,277.5748396255917
2851.18404245813,1437.519208102733,274.1911974831252
2743.80586139339,1429.5031565781865,283.2615630496957
2827.385309658157,1433.4729690018783,281.6398128686241
2795.969181759246,1420.2404776911906,278.81550423006286
2771.96875578124,1428.2236093911488,281.50948031720736
2794.8584246840355,1420.9165007760114,275.19757721878
2853.99915848171,1434.6959136743374,285.3029988727766
2740.3871295503104,1419.2743793474372,286.46197319267236
2779.3921722404093,1406.025106596392,283.7965228566846
2762.4128217656407,1400.0137847474607,278.14007120453164
2798.0691433225643,1436.683111195645,280.296733973417
2765.7659553743674,1424.7850447415085,287.84418224067383
2711.595937880669,1425.4425685004173,286.4058310880559
2747.2431226533818,1434.8964784229158,289.9693454525436
2881.8877509269055,1403.4826505627404,276.09740573343413
2812.3364105643136,1416.413987847682,275.64893858006434
2810.6181026904037,1417.6393017038497,280.67185143791056
2785.8693804995683,1427.42275233207,282.0344787864815
2797.4187287945415,1413.0735977489912,279.2885541747022
2778.509403858431,1407.986262564852,278.051577860823
2826.3464265520533,1407.8965134900288,286.3369759141456
2805.040442712969,1431.4941807627201,279.5463395472643
2741.4365894920693,1412.574679061969,273.92394291040836
2812.6862251552097,1414.4798251567818,274.50155456532235
2677.0629038364223,1426.344981507279,281.2353216256675
2820.692959983889,1413.010545917651,295.01326242455843
2729.532157158174,1402.9505157724436,275.1202812812741
2795.1972456914964,1404.182988262751,278.4256296566347
2740.2686198401907,1419.4319260328455,292.0240238763302
2800.1411599766548,1424.9732843036522,277.57859635080763
2828.913925963811,1417.9775475614958,282.27730420635703
2875.141354262479,1424.3044270380906,289.37955361295616
2722.932117249426,1403.8716247399236,275.2426065954809
2848.773647783557,1404.546964590319,278.4536988898922
2806.5576352688736,1442.5393591629424,277.5781703318273
2777.4666423587687,1432.3278427213668,272.41052318516404
2837.992825252973,1427.6897189189851,287.84682972844314
2788.2037574457395,1413.4027532926557,277.07297830765066
2835.8765258200337,1417.6199380926955,275.6187716208905
2750.3865143436,1419.983226828664,277.7778305596479
2768.3501483851855,1433.1434611371653,284.64415702577054
2847.18000263973,1424.027827664451,280.5644676850394
2874.270026178521,1425.259138012878,276.0416684728482
2798.2484050423577,1418.323450648825,282.0457492245753
2660.635553732211,1427.926650668401,284.06297348874284
2790.047535869577,1423.0232274743128,279.8811770604862
2801.6213058911217,1420.4402273274568,278.8261953556717
2788.361331165341,1412.5691582781374,285.0793796919111
2816.8169280832767,1418.8642825789836,279.1040737674328
2776.1545036201337,1409.2046729622004,288.0409575314501
2841.9435430339013,1419.5986099401305,276.21182563954847
2741.664336363448,1420.889113579649,276.095432671196
2861.842435367707,1395.954816153937,275.48101609957826
2877.5039411980547,1417.696604608995,278.80576771655006
2754.3470130969845,1408.241197953954,280.0125203068316
2754.320008719847,1424.986393255167,273.3718204521359
2820.5347656888766,1426.37159743551,280.48378633957094
2740.6389795128557,1415.7366018233467,282.8267709364298
2775.369856444884,1425.4902208712192,272.67254222603486
2855.1263478228007,1425.9106693633505,277.39414286809557
2836.880338223848,1417.7028416058822,282.8374286428449
2899.0098170844794,1435.3428697530367,274.5529036706204
2808.5392073800103,1412.749250629935,278.4201073904327
2769.4580998860906,1434.7136570325317,285.440917844669
2802.562175582651,1417.748005708168,288.97591381563007
2792.4705830295684,1411.5667364677404,282.19957605624563
2793.1721445398434,1416.4845152419562,279.15373357086196
2798.8098145952135,1409.0061077227067,277.4930098968214
2753.4116645576883,1427.845578673892,284.5537704938577
2814.110887748532,1403.9723102192472,285.6670319955783
2729.5668366120703,1433.8960855376884,274.21782101441175
2764.1586696045943,1410.6413279825354,284.5521340797197
2794.056061843009,1428.3665337184596,276.9647684913689
2687.0223343672205,1420.2422586106047,275.7022211302388
2838.449576817246,1422.708152830496,279.2317789822479
2697.3422745076246,1414.0995662872263,284.95806621281184
2833.479384544909,1423.5280800033313,281.54702662419834
2735.359535503592,1421.3497428855087,281.4116583239541
2779.754065464825,1405.4208893183068,281.7622082699984
2825.9565323474717,1410.3749999706674,282.3382900934518
2909.906975973974,1414.590878889902,279.42924391236767
2805.8225988853674,1412.4500348187355,283.15944382695994
2700.8686835900244,1432.5281094538366,276.7015890201248
2847.684756631789,1420.070141838475,283.25503825472765
2788.404079757049,1412.2132865236013,284.2849267391699
2803.4953327229414,1415.0923017599696,283.4956829728349
2827.8931514943806,1414.9553691645294,283.7551441584705
2688.7311021547143,1417.1195052799494,282.3243282011507
2800.32684238676,1409.246705952804,285.8672145767131
2779.515305502365,1411.860688894027,268.6419310801067
2861.0917453002758,1427.6660691116422,284.2687297878258
2836.355688166937,1421.853431033669,289.8772876357894
2718.6499038609227,1418.476624534598,276.89052262520573
2863.1312926174523,1420.026228173151,276.3313507081875
2822.4762544080104,1419.544392434246,286.43159506486904
2722.637920127339,1417.9086889526836,275.36630330260357
2802.7876551746385,1425.1710483870747,276.6663784371227
2851.7413056927926,1424.4315998584793,280.849742598489
2739.2978063713304,1404.2823702677279,276.0052439492347
2868.878866792271,1418.6843781409075,284.3751225099678
2724.3685612936238,1404.9418060065923,276.0459893887141
2760.438641167651,1426.355772034557,281.8031667385334
2752.8564582305153,1427.6766655685028,281.4224123149825
2868.846686579433,1413.892211023583,288.31944036204237
2775.44919317254,1418.8324104466528,285.82650933147863
2741.8591498669502,1398.8855970287775,277.35236229273175
2822.260543945703,1429.7278981409202,273.6775379676388
2833.059049529636,1427.096737402514,284.18984420988716
2833.3768047397066,1431.5008526173754,276.73304582623337
2786.4330417386996,1434.865441403371,278.32161631048126
2812.7267150518473,1407.7589070702322,274.7008615496818
2767.488345688536,1428.8804420163844,283.39505965393414
2883.7400838967865,1434.7930444441845,276.76753441781244
2857.2102579328966,1405.0542212897076,279.8247915584861
2854.147841452034,1418.287887881543,279.90248467053766
2839.7057967286773,1416.3659801677059,280.91780309956954
2825.9866652997503,1428.5546186419149,283.30819250859827
2737.7818757925106,1396.0605893365591,278.7858981405289
2831.6650618127824,1438.159576962322,276.29286209056727
2805.713261503166,1418.874629358054,270.7022768312228
2863.168204247546,1429.1609440201714,280.5131481468384
2840.3709591191214,1419.3976276230842,279.21500479690985
2827.519023507651,1424.9212505097967,276.44763584939506
2715.788760123492,1396.7858174138385,280.3127623107627
2795.5499731695763,1416.1511762719929,284.27991336307446
2772.105387004817,1428.4776121134369,285.5594404247359
2812.618296209154,1422.8873234671369,272.32431290787804
2779.222586427868,1403.6315890727324,278.1956934949233
2786.202711195335,1420.6142489387662,284.80512606199215
2822.951695245335,1411.8125767413849,287.9802051726151
2778.3930943215614,1410.9458074882657,275.9136817342079
2806.0795769787005,1404.7930572668329,286.8916146461629
2724.0294054562846,1426.1870262190714,273.2495185888269
2758.379926161997,1431.1301444393564,285.7414228155997
2832.802178360148,1441.2014313416284,278.5912183389733
2738.4903941651764,1405.2595160825708,287.81411632821874
2862.28625388015,1427.6737216122647,277.6798439187235
2848.719967765066,1428.331713704209,278.4505463661983
2786.5885032330107,1414.19495322782,279.3330368539808
2949.936705275123,1410.8242161459068,272.3147492263855
2862.155178892415,1409.1425767903306,271.1876366462067
2752.5360246647133,1414.7264675653978,282.5507709652036
2837.3087026850026,1422.0262159585595,284.9423117367668
2803.2931533159876,1433.601120105068,283.0378875142055
2761.1643954570295,1431.0533833801012,273.7301219291074
2746.5045428416897,1403.8458305573133,282.4009437253602
2849.7446667444187,1412.111567513995,275.04898013148147
2770.102726768793,1432.9964037430948,282.03826354111834
2794.9061822481476,1412.6890716740493,285.65649572601217
2753.9487035886737,1419.4308583658983,281.8373342666751
2762.5921031350704,1402.9471106538592,287.34266951120964
2793.6535399964264,1431.5303341551294,279.2500626432363
2819.4091146362075,1400.8725179414862,278.9167533934782
2670.5820418224275,1403.5718941921339,280.3367564889039
2800.8459899583377,1430.508170608367,273.2867945810063
2762.693949370748,1439.2006167956656,277.98524462191443
2870.1181326725114,1417.0938891527508,278.42433415129966
2947.137632300272,1419.5313718813718,278.5800002835656
2782.0360482523142,1429.0827955978298,281.34145583581704
2713.8885719643404,1422.8944781469738,272.5983544008835
2805.8438484959283,1416.2678182062334,274.2719300806975
2789.7285335253396,1415.1454637861432,285.66034798319237
2898.5675324500644,1404.3320204251502,269.96375887968094
2883.3294671687772,1422.3294177212022,283.0818553443642
2843.2687485298284,1419.0808317793053,278.13220159601156
2770.6652959393673,1415.6215382088733,280.80061240831725
2833.8883283090404,1409.9818520443762,287.7904939266697
2813.250317953415,1410.9946914670656,279.34408607067337
2812.0661601649695,1426.183769205067,283.12694002752886
2722.0885075716064,1428.8166364840904,280.2928348384096
2853.0897669226824,1416.7288384370938,279.45311915123347
2805.390416415562,1415.6752042675362,278.8341235107982
2794.9579326227713,1411.463519533858,283.50529174253114
2769.992175249559,1429.3682004357427,276.3419906693933
2760.319175017331,1420.309957696559,274.3398840572437
2815.862929063949,1423.6790097932726,280.37237486715543
2712.541859907096,1423.5847013009347,280.9639200179425
2839.474937982502,1416.9229837946607,270.8792091730052
2747.2947281502156,1408.3463990015657,279.94756285694666
2697.0659656897355,1410.0386684431408,273.86561539392744
2891.094765796301,1431.2788553264745,283.13421553723913
2757.095647532721,1412.7431568514942,270.98157572051684
2763.8920419239153,1415.8963768025164,289.62537914931545
2856.7269165504035,1408.656094646288,278.30900791682086
2892.7215450258323,1407.8393348107359,275.67519025756343
2723.3499210698283,1412.3083500297128,278.58513769815903
2752.1915969874667,1436.8840718424447,282.78135429316944
2755.86605889197,1426.5803739119242,284.4523504461747
2846.7400831347827,1414.7321112857637,278.6284434498758
2881.9566063964767,1430.82876794552,272.80654792593907
2745.987371921096,1418.4770112670356,273.9385143318891
2870.737266898411,1433.5434004699184,281.43193849370374
2764.548294423565,1442.1173035039621,284.93663564755224
2816.8061451472786,1430.281617392662,285.5873762579206
2736.427315028609,1420.9455095522258,280.8404628770539
2793.9034793209003,1426.9930987351636,284.8364978309071
2794.4443642963643,1420.150712192822,289.56174608796
2784.2420846842365,1401.6400163602495,285.9517385636815
2819.2485490659847,1413.4537458578795,284.61018950702186
2749.648456757374,1410.4840840434679,275.96721408453857
2755.813835090658,1413.2320895816913,284.81309810214003
2821.8936072474676,1437.9367143263944,282.3061623894437
2867.1017665487866,1431.2214974285466,283.2532281418357
2798.8593152976036,1424.4088480144164,286.30553139472255
2825.1835386731086,1428.1234295045135,281.792789241841
2837.904000514867,1401.0788651409414,279.4872683466927
2841.5252594316744,1427.2818371308954,274.6506709616954
2752.323763708168,1429.3962431620216,278.51741841177335
2761.1494884897547,1397.6025281231273,281.0642613358134
2765.496270302823,1427.652367537794,281.3880967009126
2896.4316900446984,1405.7592635733292,281.21938149335165
2825.409646958595,1400.2999464355396,284.7975492988052
2823.165786019251,1433.2631821685957,284.3268235010856
2818.311787659187,1409.9295095238765,279.68955879271704
2733.960329819025,1412.8405326061563,275.76368946272027
2896.9095235388518,1429.8960454275734,281.9167896838879
2823.959376539348,1416.947617277476,291.23168773807726
2836.1580056327475,1418.1983462627093,281.6062138763952
2711.7239355542097,1417.9791309356208,278.5203802381339
2838.9821926180757,1423.4759877097479,282.6791807623358
2782.189377493619,1417.7366558360932,282.97868129380635
2733.8608512636883,1421.141260743591,282.9232530020289
2752.3118167064104,1414.964418745873,286.8644009752285
2736.7552895773315,1423.5181958987937,281.93046478476737
2735.9107902442693,1423.1384303190457,286.62706117705176
2803.0273910182104,1438.9788583768418,281.1511705686876
2780.6618605634176,1416.187490503263,287.5624913375444
2816.7034681080695,1418.15834482195,286.033675978698
2883.7987935534,1422.3882432593705,284.6089970577645
2793.524814318633,1429.6443564431472,283.9459286788145
2687.7555353020784,1409.084148468228,291.5075883853521
2787.902089422609,1421.0357652177506,285.38308794333216
2859.6697218198938,1394.9217396394492,275.7534149768774
2795.7030263751585,1417.284680832776,281.2295027573416
2876.466532684585,1430.7272703009935,278.6764161588637
2822.647079656891,1412.7385756365268,290.32238158398974
2708.0865132801305,1421.768376152853,286.2571877979773
2805.479112521918,1414.7109442561639,290.1597551231054
2814.8500647132364,1411.4059780226632,276.2000273588261
2854.0177900636822,1429.714859982681,285.50837339274983
2890.9818285805786,1409.5474131015435,273.17735508481985
2845.386275985435,1422.9296529386309,272.0393383293101
2822.023989869361,1423.0835162076617,278.0152193376295
2833.8094135789174,1411.4820048296137,287.5618756874785
2791.5996596775217,1421.5568525695762,275.03692479523045
2726.8561081596285,1410.6505216253202,279.91594076588376
2802.074804311143,1425.2179187490915,285.9442143410294
2818.2645163729453,1406.8505428535711,284.23206580579654
2739.817118704404,1416.6039449680816,291.0809328935643
2866.3310819749972,1417.472283403421,280.0168599610493
2850.2705507741216,1431.1295533821067,277.79185227684667
2731.4119292356067,1421.400430717119,274.5275945946051
2868.2916144394935,1429.5501349011206,278.160000299413
2784.5842815395076,1425.5469104848987,274.4820052040705
2761.0754217440826,1425.4830300089575,271.0177736004519
2853.9638846373264,1416.6806680976993,289.81696290671044
2797.447279361997,1430.209058835249,280.24453399637696
2894.9592660418434,1416.4382959069799,292.9573343561456
2757.3555978056625,1402.701745200699,275.8035578166376
2713.4171238013673,1417.8521283153311,277.85595695647993
2785.978085941693,1424.5347640464406,276.12315494121447
2839.4611249530235,1403.933742812872,276.7962196750362
2753.6428507232226,1411.1489764127962,284.36801872104724
2733.494980860006,1407.6941155982265,282.83161983132186
2811.446370135138,1427.8671710470896,284.3770471270888
2726.815639491624,1436.7286263701249,286.7113579607597
2815.3346349806707,1417.9030084578678,285.5367752208374
2782.968847438591,1425.3153036306826,274.95755127779006
2824.7233244176186,1425.0551936589973,277.3809071816549
2730.80855980377,1435.5379694643996,280.6074140503582
2864.9081575721953,1413.474470960474,298.63916672381595
2790.8482757503157,1417.8012103524168,283.8620007106569
2838.1761333952413,1416.5923135057594,280.5334440420339
2847.9937730642446,1420.7536724004026,283.36637360872874
2742.127752381702,1445.0431680211682,276.9844297279457
2844.112875480404,1420.3081111519732,281.3121275550115
2728.746661242784,1411.4528934739294,284.77331092405035
2731.4931128620055,1408.4550277310689,279.8550215772933
2898.1999617994215,1432.5264500731305,276.2172337297641
2855.5926684398314,1411.4074549602192,279.61062973660154
2903.6832087716875,1426.635869591991,278.4021169570191
2781.4892984696044,1413.2030867074138,273.21436290164553
2805.1214332039003,1407.3330726341683,277.14223919903696
2826.367737337618,1426.0519960030183,273.0359360683478
2799.3902216703054,1413.6925513323647,273.81602554751987
2762.693198965205,1424.254256392389,274.29527756066767
2755.1957651059975,1424.9928294084605,284.76725649112933
2810.6931116414476,1425.4626524501248,287.4458253167975
2746.6570079168846,1417.318513160568,272.31960161480885
2745.2568253816576,1426.8618355650472,287.90091833137245
2819.6786005577296,1410.7745367155192,274.36702913519724
2795.242032425719,1395.4590974893586,283.7344004698618
2846.860313529084,1427.068921731201,281.29279285383154
2778.754429495858,1421.6559050483747,283.17925772356426
2770.937202501223,1413.8992175598603,274.17128473594516
2821.1776698017734,1405.2884723802495,270.93821358663945
2759.3987562723087,1399.6342170116466,275.98545794933716
2767.0936137221656,1420.5174334820897,282.1343432498033
2769.0772804810294,1436.4878596572996,289.7845208774293
2789.5148946852223,1418.61442583569,274.8513820115696
2888.621827164795,1416.3866461330845,279.50581256675844
2731.160558752142,1419.7563215750415,276.2546040074519
2864.775379105873,1441.7920511190878,279.91386908611827
2836.889337814496,1427.5190422665314,270.34607319485167
2878.3489423684996,1410.6642474829962,287.4902166769495
2956.8343024161136,1420.281039039021,280.1201803914315
2871.572651039393,1423.3243691115495,284.58582831993044
2846.283347395393,1409.4366113342116,278.83898988315445
2734.3751824187493,1427.5913662234257,280.9531403806347
2740.688886924448,1411.8219120285564,285.64436246323373
2818.009509218261,1404.8905423265992,280.6585841154711
2715.096192604022,1420.7613355383978,280.83853162057727
2830.771962564561,1419.1784414050965,276.0302947868725
2693.253905461949,1419.989780977973,277.3278821916045
2857.6116692782307,1412.353553823372,274.9359218107953
2783.91498440332,1413.7488738212896,276.30991205760165
2806.3298472735096,1431.284466603691,286.25614555232085
2762.581385178976,1424.4108561500075,289.0430465500357
2705.073679488871,1410.432539234227,273.76362557685303
2861.7347639597133,1400.4930310557988,281.9758589251839
2866.7850697477356,1410.8558359788778,278.41154304899777
2782.425611739815,1421.5729907216019,286.9848428335788
2833.0964782367005,1413.6806828164556,280.67430109088957
2780.45542898948,1412.9034979482317,279.9626214762957
2814.4244922133125,1414.1083956106934,276.2761534392013
2837.9569599460056,1419.2729243726371,272.3410998045379
2827.754246228694,1427.8462791295835,283.80469241374743
2867.048480670467,1419.995807960543,281.7648928737572
2825.9440337852666,1420.6193702151766,281.8872207026021
2801.4042308519297,1417.7513963611718,277.003364486707
2761.9290516061287,1415.0064316784526,279.2711577724498
2776.074730983804,1428.9424087131993,283.9553549305679
2840.5025698362506,1427.424020678442,284.91056314865557
2724.908674054294,1440.4527991766604,274.10764192040733
2855.2903651706397,1426.1056429838925,276.83325964749304
2785.9428136992733,1415.0158567819253,273.05058288963926
2759.0697047796057,1410.9534869088982,281.00632206296683
2745.0637911609265,1429.5294526071161,284.42169156051614
2833.718389282419,1411.850131156899,278.6064224147529
2799.267932309834,1428.0973668652207,276.6857168450014
2879.438261161491,1412.400860061074,278.32349073097356
2736.8462174737037,1423.491583837873,291.53156657488245
2771.091818846907,1409.4024878513364,285.95964049961776
2795.3889420936293,1427.7988535433208,283.6549858636483
2762.407162801503,1407.6632834449076,281.60033947791334
2800.30593320709,1422.729573295067,279.93629267690477
2815.975038320776,1418.0216006577298,275.4668391795231
2824.224211956487,1421.0180643722626,274.69154787845986
2875.308356544223,1416.0419616583836,277.16044661743393
2734.826378560921,1415.8074005262902,275.2311006009898
2816.8880159967657,1421.5478120400978,276.9609351899008
2767.6528590205917,1409.9786162191015,279.49052186940213
2821.500669001179,1409.9197793833332,279.8734920571852
2821.5666093176524,1416.414505003616,276.8980936230776
2750.6540308383833,1416.02529860281,282.476047773201
2754.9423828682957,1409.9460353619563,279.0549681392581
2825.5821531734787,1429.2421469291467,281.0734931558909
2801.1702255372065,1416.655265815684,276.2770480753321
2789.0189079634197,1417.7333779700389,283.46436277255003
2832.8993414887486,1406.7247167403045,277.3257694987421
2836.5859237931068,1440.7163585461212,288.0427711836933
2773.5184943649147,1444.2706739555492,278.8750432295442
2757.397343117875,1412.1960142159564,279.5265796925274
2736.904051158118,1432.260863811691,282.96794243171115
2801.6727060100743,1419.081866162624,284.0592509672749
2728.841986142572,1436.0376959281311,284.59796840095663
2804.9714229114516,1423.3623308640038,288.87794016506984
2860.841839571222,1420.997621687674,283.30942761702016
2782.327011485686,1395.0073046038142,279.66506755577643
2773.189785972992,1411.213940265733,277.3517704229909
2899.8922386813574,1420.2052066957494,279.3308585840016
2875.4850909593824,1421.9866625270397,287.4200824521444
2761.770106472229,1407.8516628606262,273.06516848488815
2806.9506590529486,1412.7122847132373,275.9049594177045
2816.433912117404,1425.5344701725082,278.9050662823322
2810.183021136309,1406.1678927026664,275.8384226522663
2890.7336723856392,1421.3372972372354,277.9561400757893
2804.361494620971,1432.3795353148905,289.03117269173254
2811.861743781551,1423.8546962911182,278.5095348018502
2834.4331147573207,1423.3548674316598,282.0582428258147
2859.4959858023835,1399.7984855082223,271.7090157500213
2846.8449597152053,1411.780872235821,274.48781365340767
2826.904239315582,1440.5420183359104,284.66341804811003
2722.0650097303046,1414.0083808245406,288.34014219272444
2775.593113797079,1432.6447620954707,281.1070529864426
2840.9710603602634,1413.891591106437,278.4699187030517
2812.5199348639653,1417.2217949849053,282.48080815444405
2841.3064316911477,1425.1558684535353,267.0128274189062
2894.3583030835625,1421.00693015994,281.1456067175902
2741.1518397470336,1423.8151245100107,274.7694469994625
2856.895508740229,1411.8160974527302,283.9704649111202
2783.4818268753183,1408.6372981053125,269.0385054590953
2846.7674909637367,1411.141283856095,276.8581201204536
2797.938962831594,1414.6768185853764,279.79512080946
2906.35022694465,1417.707186179426,276.19104408522026
2806.504346813087,1430.3727538063981,278.1225779990593
2767.974288782201,1420.8734145602505,284.52217175338257
2820.9937311395884,1424.8459710250859,279.8775199274137
2816.1971390359136,1421.4160101258012,275.3470959751771
2856.904854705522,1408.8456574647123,284.70200033003897
2822.402639930246,1420.1726952600566,281.25490434535584
2923.753231958465,1421.3078211019154,281.462437397925
2794.4297932298864,1427.599232213413,275.5374448738595
2795.0190025109764,1409.3141193035653,267.26196663668975
2769.8056974973474,1399.5958913485165,275.46934383321815
2804.283416917709,1421.762638151705,274.9606571098226
2811.5529560541477,1423.5385000158838,276.9335152140964
2814.060526497794,1418.2061519368294,275.79072167003847
2803.3593837747,1420.280209007268,280.56349254523485
2769.508939163635,1428.7877237858281,284.4043873552285
2755.916743595882,1415.4119442347248,285.3808071367644
2781.241313758222,1417.2135915784143,284.18605929181814
2857.076883011756,1420.7903644461383,275.51187512094145
2867.839984274574,1407.8018532083065,280.2945039665992
2796.151773177978,1418.4810277495224,287.8258292408503
2752.920851676629,1419.362566826658,272.07632833513543
2795.9413194841604,1436.3704221432026,286.74115022212567
2904.583271763504,1417.0188434237155,275.0194833180516
2849.948391765831,1422.0001123994446,281.4688264379204
2827.5371345766275,1429.1861760538975,282.06392558484515
2848.1342458526283,1411.6251527468958,280.9495651828474
2877.0283305670655,1433.7574038687617,291.1423644710129
2742.356689922644,1437.6387023205727,278.49584049764354
2780.398006565144,1419.7110371235133,271.8025606253818
2773.5639183581593,1414.6057393854062,281.78223533763423
2829.355719853549,1436.271194243904,279.1498000763777
2808.00554453198,1427.9563087276815,282.77400604109584
2837.8155645344705,1420.8196920466385,284.41047620936865
2774.655632506639,1434.268438196157,279.8315516414777
2868.597602533958,1433.2099218854933,282.1815521532115
2796.533314592535,1416.6374304604178,280.7211896611852
2834.727277597909,1422.4872985329914,288.95943722037356
2859.770324946147,1425.7679248792595,278.1471912356617
2855.7562157747484,1420.2873002988786,276.5646490099507
2818.0414204200897,1406.0912940909573,284.4036545155561
2840.967345319127,1410.6174049630176,275.3541009232864
2887.0830331986144,1406.4173721453976,281.9607890279127
2825.680061698735,1424.92924303024,279.15205423165423
2763.517679896921,1408.1564768287626,279.49339657729035
2829.1525365481943,1421.9241807081744,292.1865231200508
2798.1359390990206,1438.3190382627515,286.17043372461114
2682.5999432797826,1434.2777018491215,285.1078976665972
2823.0999011851545,1401.6258335306602,282.65285320238485
2805.8325325007804,1407.2129852922899,276.54242939279914
2857.820888574872,1412.2348357582014,281.3074084336886
2762.4953171255847,1408.3097631078062,282.91662150414334
2724.714516881035,1403.4618562267826,280.99492715069687
2808.4340429705253,1419.8915966027475,280.4737516367198
2819.0088693802722,1427.0510054941656,278.012753506053
2804.6916472692783,1429.540340387229,281.36729324840644
2801.0354341842703,1415.255238292562,277.37214324273236
2746.563652289684,1417.280962996844,283.5171158978363
2793.054143151254,1423.5567724512475,269.92114399421183
2782.579708524779,1418.9151443816086,286.79371783224974
2853.635437038372,1428.106067760958,273.44167049066056
2818.9662682015305,1424.3036486283452,274.6637248796522
2786.1001439127404,1416.2369557648597,282.0442709281084
2886.194243821138,1401.4336368834656,282.69970915177333
2786.5546161892494,1434.99031605482,290.3913898820218
2827.8893361943083,1413.1391771055569,281.48142264654564
2791.653933320536,1423.5755864573025,279.79772617003584
2881.5576257514003,1400.834083312809,280.95649689271414
2804.3429887906805,1419.8868341661419,287.95243880643886
2805.8207113945336,1421.002619608622,292.1219999533219
2793.0064820613643,1421.4860207254767,279.07599850545506
2809.8255963000606,1450.13793282718,282.71386208086057
2859.9768919323956,1413.6888162620658,279.6280540775224
2842.2921922342343,1428.2066422695668,279.5286682937307
2801.4038090558083,1425.2323245220937,289.39525311932385
2885.0662553228326,1413.2136100733242,275.37134138068257
2843.6492820671283,1428.0566940318092,268.32859395558336
2778.0909440401324,1418.3567906306919,281.5872217952328
2730.9825823133033,1428.7524321757671,286.00503264381035
2779.2493099101716,1439.609626234217,281.09948313125517
2820.6674389275126,1421.507988906341,282.5110177560401
2829.8600185315713,1417.1887477093155,283.7619669056345
2867.9568841651007,1430.515561838104,280.554555367048
2745.27270124405,1433.9665316593434,282.7815381172416
2778.0422333026595,1411.1674246060795,282.6980594932683
2741.1178665062744,1415.4704291046191,270.20697701380254
2733.060039421028,1426.7542327184126,280.56933446864895
2768.609062702334,1418.6796798958528,272.1360858352025
2818.330612214701,1410.4566798701321,279.8091424744629
2838.569721744516,1425.406948278954,277.52359525580283
2752.5822946689163,1426.7148971570678,285.17005627183914
2759.536204030638,1416.6561424410302,281.22206379605
2711.008841233828,1420.6134876533124,282.36596423044114
2810.71761041385,1414.2342693105388,279.0427464101887
2763.393054901463,1409.0476257408802,285.2609063130318
2883.1515689105922,1415.029353933718,272.01337329738635
2820.4904399824795,1420.7393235017591,275.5224877393933
2791.427712827161,1405.249107785307,286.431535608044
2767.9443786227775,1415.7598706874785,277.8217575043391
2725.2664889902885,1420.8783013059274,269.2708399741456
2731.6064111527285,1431.9465991012487,287.2632063830694
2768.8929522713934,1416.8740764519946,285.384680356799
2765.054855898785,1407.5409764989079,283.55484703305365
2750.0414078577005,1417.9033998730226,280.4720300347585
2818.8547363721173,1414.3343069590992,288.3037350907935
2825.713279620743,1425.5217855505737,286.2930921453125
2777.0683801349137,1416.6209467363776,287.73928034396005
2896.757613413266,1392.8943337842072,283.47750240223615
2712.6635316741954,1456.916245011978,280.6139792562554
2802.908194948613,1421.4236329159094,278.004175644926
2789.070989795604,1420.8919151030857,273.65538078767065
2772.464955901637,1404.5859002800296,282.5102280773317
2765.116857699347,1405.354307340384,282.92678667397803
2799.652005854382,1419.0805104232697,278.2510933404634
2788.7236086339135,1423.3617133231164,283.0684051405832
2780.406173644372,1427.0211413917675,278.3391108420043
2735.0640182505313,1422.3743765731826,284.3371384567348
2719.0944091094752,1408.1405779683187,275.5894635342864
2785.5741762402217,1394.9553339091995,274.7244423249565
2779.8951947751734,1418.9977765062179,278.7971063639068
2790.1481569861585,1414.6602532939087,284.14392697751146
2794.5689101055245,1407.3742827588771,274.2060726767049
2773.874882905859,1428.2805822410562,285.248435095046
2789.37962880909,1404.2442325082002,271.78705932807395
2757.323584594825,1426.1696883945658,278.76627062202857
2876.1972904581644,1405.8986202498252,272.9346193644868
2760.0129925925016,1421.3408868558333,266.95050317908385
2781.450964526733,1429.3397432201862,281.83225902387625
2763.810560544306,1416.6206668439772,279.11094445684444
2762.970922989755,1436.8991983450683,273.01450533584756
2801.2320783318974,1439.178863255935,277.4169307100761
2794.8882895058496,1422.3717500001965,282.20912613464657
2777.0269804812397,1425.4138537059027,278.15925166505417
2785.8262004222843,1430.607088663165,279.006594422158
2764.0093224503366,1425.4442637248549,278.00771714838476
2820.086281886308,1424.3724321759855,277.0884893428502
2902.759637129536,1414.7593059722392,277.0233136262846
2756.257936138339,1403.126438248223,276.87651316852134
2819.6981611867304,1406.0990458675053,276.23428561963465
2802.2474478510353,1443.8236735876153,274.91352701154597
2833.4314879066296,1423.22458957805,278.10143841141087
2834.8396480248034,1417.5431651860868,276.8003607383599
2810.270634860933,1432.633272591179,274.6415068474215
2798.008971194245,1412.5054202713818,283.8300732767848
2778.2774900175777,1425.831082674132,286.1631798595836
2761.751982344568,1420.7719203356003,279.999486126983
2795.1577169524107,1424.600275011036,280.3323649396542
2735.770558429116,1416.6359013070614,276.537180170652
2770.3072004941264,1410.3530569270963,285.335156783955
2855.3426812236285,1411.7712892686036,288.6909055753817
2804.9256110539845,1412.1611579773971,279.18103085487166
2844.6332209467773,1419.9702968767785,277.3927673580374
2873.482194332921,1404.4386481952606,281.7073763297742
2791.148527204259,1407.525713849779,280.64465522019196
2810.366291709682,1421.355242975292,277.49922262271355
2784.907705292362,1418.7232495558608,282.3559791651617
2759.3697119762196,1421.902315342567,284.69078803694947
2752.35158703338,1419.549564656669,276.0709079933761
2842.1575186298246,1445.1895020688821,292.71016989857804
2810.4313640242826,1421.2673843399086,272.33528921451085
2892.3301536040526,1416.2092035051273,275.7415463682955
2848.6026006461943,1421.011317853615,281.16984015151183
2763.4393505231815,1430.1995504251033,291.23436559188275
2842.0171090113386,1419.5037161062253,277.1870465415969
2784.7462230448873,1426.8472835863624,274.6712684370221
2860.84298545645,1423.9604596440222,282.74620739214373
2775.683306137849,1417.0958442315737,278.7570279614096
2747.3787019878664,1421.1087579888194,283.32627847477215
2760.2122461469294,1435.9892211419208,279.6460972504979
2762.766754879254,1422.4307829503796,275.7141672893502
2757.987411769067,1410.1397897582892,291.7443798520712
2771.3695862197446,1416.8048957286712,265.2280470045964
2842.834593516262,1398.857527502672,289.10119375174884
2889.8022104133092,1421.3739870675288,284.66630952116964
2733.490524222325,1433.120623437828,276.27205354236395
2863.1756521416573,1406.5859423186614,289.36210052416885
2776.1148142012785,1421.4973273450805,273.1429040037787
2817.3941265601115,1429.8543180586928,285.04055481003763
2717.292698471335,1430.9113863319649,269.58677443476444
2826.201750867243,1432.7980117227582,274.27060903514814
2699.734380159197,1401.317461686545,274.25819087176063
2815.6967536155084,1425.0493095461181,276.246716697856
2812.8628023514666,1404.944348149054,280.0579055768933
2809.5503817147733,1410.0166786342752,275.8701181794592
2763.2544924683534,1428.211222596085,269.81794524151104
2827.476333721482,1421.580471218516,282.3172538435034
2819.554075470836,1427.2633607423938,280.2447546146374
2789.502360817944,1410.708833951983,282.0446367044909
2833.5925153587596,1434.7360311016287,280.85958954632986
2795.219792671725,1426.8833393384105,284.77117640992583
2826.438857945438,1428.8929811929345,279.6225882341945
2793.7060336302957,1409.1983322388487,285.06260317405156
2810.835099555477,1431.7140124021262,276.1215167594939
2828.736147053763,1416.838384233596,276.4066481033057
2780.1043713190984,1413.8877372985462,286.880196976991
2738.3081706872904,1426.2546354004567,286.7783432911364
2813.8039502774077,1425.8321177478795,282.86871071390414
2859.4695689306463,1411.5318115224266,275.55446043570095
2814.9575486478725,1440.563010101925,275.1518378235212
2815.9071157348185,1438.1435057638978,286.64031981180636
2797.8911946751678,1426.0503514081176,286.3633246378908
2836.95593263866,1424.3040342273168,279.68210321164935
2790.703229193103,1423.2978622626028,291.70942463484926
2777.305060943657,1404.5000337398133,282.2945003597307
2855.264912643743,1421.1280738792145,274.4640031298444
2773.473084085366,1420.9954158189576,278.6218445016605
2844.4735473225874,1414.2398831376163,280.02735289002686
2855.2967730978853,1416.906508279984,280.4319931837456
2828.340846603103,1396.1870760528452,286.25001608925857
2737.5382240213685,1409.02727069875,275.21855543667823
2801.357745461125,1429.218262915073,273.3424385044389
2789.900000147069,1437.3119690163935,283.01161841502545
2775.2000372332345,1410.5661931470422,277.4650774553707
2807.1375793673215,1421.8284865497594,292.1175306173341
2838.4603173748774,1430.9838232939733,284.7161019073782
2777.07236699344,1414.7978497410525,277.3730177382988
2791.4308662863164,1426.762481772346,286.064268693921
2787.9470533084004,1419.6621030441984,283.652053975415
2858.1935522772155,1431.9040198842536,283.1684857373164
2787.144969109471,1407.1754926033138,279.38878034205754
2738.2797171119128,1408.9542337123235,282.1022542581923
2721.3282580504742,1422.795391689428,269.4852104970367
2818.1364783282984,1420.9620609990043,286.58544702111027
2761.965913005705,1419.4367610350666,262.8196880516599
2833.436225263624,1425.7583416020448,277.7893845298704
2733.4390005746436,1410.6935043544227,272.02144723402984
2773.0543916694696,1406.3056438837857,277.4957442938424
2733.4715575239925,1414.9989189197127,279.6294136379395
2821.730535777446,1416.117214413019,274.01603233041897
2832.4423770312324,1417.162528189421,266.1276137868038
2816.93125788183,1432.6904571135387,281.0353286207053
2745.703183979808,1427.704172467992,290.4321989101395
2762.711812794467,1425.3323986915543,278.24359916574997
2811.715699430578,1422.219995946293,284.796654781129
2715.6129295937817,1415.6581154428445,287.5219241877844
2787.943252780605,1411.4605484321655,270.499810377271
2875.845267666794,1408.0284257930798,277.7136242426084
2791.002222540981,1413.0549314952932,273.61807194155597
2725.5727680484024,1419.57078011639,275.96861481010916
2769.6295376161934,1408.4501579981734,288.5100585057331
2768.4653837161213,1421.6951975773661,281.11839743212096
2907.015438991828,1418.0556187276436,283.94411800522585
2883.2839540256946,1416.027015884568,279.7805044701811
2836.5467717050788,1431.6153290121163,273.9472367713223
2782.84620346293,1395.3938137777727,283.39057848609355
2860.031483048986,1416.1627045471507,286.2628768572141
2743.327018047477,1396.4756255437053,281.5868710808433
2853.828765762213,1422.3856267292945,282.4456218087997
2846.3986768710024,1427.6218158319894,273.8259930681661
2792.4327132675357,1406.488937957862,283.53431816574613
2856.9593156675387,1407.7694241610861,286.73006911463176
2777.6389435268075,1403.0170016828954,282.02292737135724
2736.7457200950885,1420.6364199271318,271.0160837706155
2848.898250649996,1416.5921172379597,288.1781475038764
2795.737853543027,1417.213452696084,275.2758805317812
2830.0890301649333,1416.3202836051412,281.93893413444954
2891.0443295779705,1410.2640093563207,284.7648813428046
2763.887296380185,1431.3187402389603,285.398091610255
2792.831024758001,1422.7234068013163,270.99971594110076
2878.481725228886,1408.1533646322239,280.58608628036467
2833.436586542764,1412.9945318416749,280.25510805441303
2765.0108627897703,1411.2793122553253,287.19514093863256
2752.249114823026,1434.0592790347307,282.29361771205316
2773.595967994833,1427.1121927268287,287.2405883052248
2763.079264759856,1418.7351054307744,282.6995879994258
2811.8674059744767,1437.0722118495387,279.6291689771939
2803.92172535988,1434.5204359519919,280.9692971076908
2813.9618877137677,1417.6928910585823,287.6179845855123
2757.9593599220107,1415.894346778762,273.5153408224937
2796.458304623737,1416.3763604410265,284.5297725506027
2697.215011302189,1410.4725340403106,276.8619200438961
2807.2503158680684,1437.3397444846717,275.7876045787565
2858.772032247793,1409.9358749694113,285.11713183308086
2728.762704532691,1428.6830431542744,275.58456372494504
2824.171411532373,1426.9054313090883,281.8853735846266
2769.449282411972,1416.9513402177643,277.55529288920116
2840.1250576846683,1438.1004510366445,268.2153165205176
2807.932372560614,1404.4090367891847,282.38857990052173
2820.235205633022,1419.2030869902112,280.6316063647839
2803.241194937772,1415.109598350595,270.44959742792594
2866.4165903192174,1429.6059315027085,276.5070522923057
2817.370523884755,1423.5356586437517,270.96503941643846
2764.7288142998773,1402.7270482133351,283.65844943648204
2804.93575261605,1432.3947944374645,286.9399660135505
2781.5559478516975,1424.8546172292456,284.2474530252309
2808.1199953259793,1409.6450813803706,284.94565078400046
2779.0115143816593,1416.503208952136,277.41084797166593
2766.1594632226843,1407.0011508502791,282.7346400555519
2809.9636106374223,1418.291619743835,279.9546568492892
2802.789481430828,1421.5011796735982,280.9265725804441
2853.1977922522924,1416.6535284136605,284.7871573022726
2779.2522060433594,1415.4953550012715,285.87743710323616
2700.9573076252345,1403.8725963094882,278.05121805180744
2781.8064600768344,1423.372414615032,272.9617759432248
2718.678462054171,1400.7554540313704,279.0629773265357
2820.783598704829,1420.3107951823727,278.90363357343057
2716.3051035825606,1402.0084417596754,281.4229894000708
2750.581446879295,1420.5050489048629,284.1649795923206
2781.883277086257,1419.9388099541225,270.4270901725797
2877.1975302380574,1424.0334496767855,276.64543224404264
2746.355494214254,1428.622857168016,275.1805590534128
2800.6202491573295,1430.4758842225094,286.25446894345896
2828.998828847863,1403.8995740062408,278.95814553323805
2874.203027661035,1419.4179394686691,277.43558215219105
2838.8897375860706,1440.1094088456005,282.6915084622329
2854.695347581623,1421.191005684977,277.03496824541986
2843.2153529425773,1411.6865185969868,279.92402611601574
2739.543851430193,1419.2029887356066,289.07035600056014
2817.9846052158523,1416.1633405968594,288.93145161943323
2842.433047608611,1408.2354184286785,277.9630783846859
2752.174985516299,1428.69104188207,279.08819098920213
2771.012006163799,1425.8435255827537,276.904857496346
2759.8403852436472,1406.6549092788787,270.37067362479917
2838.631149298402,1419.067254161831,285.1809467254836
2796.5359439835433,1414.3353635081787,292.10671058335885
2783.957705283245,1403.9840748547504,277.78275281174615
2735.9165041673505,1405.8518054252402,275.91603136355366
2796.6302873403106,1407.3404017619966,278.6357660183
2771.6205822507627,1419.415702465572,280.42523023914293
2812.166978263208,1415.4204699979664,274.3223494489656
2742.8516400677277,1410.4081203790408,277.70760769507933
2808.89531297531,1416.0811697037905,285.0744862696901
2778.052461475059,1427.4753497184547,280.63690317233636
2737.535153713243,1423.5669609727206,286.3519301406449
2733.635798106093,1430.018688076219,281.8238392643075
2741.1489805988654,1417.7168713528074,274.5554136561354
2789.680047127973,1436.0255719068164,277.1199301164012
2806.049771718175,1423.4807988369848,281.2420603177724
2813.491181618859,1415.110825766586,274.3870536201945
2815.377645886422,1420.9295180969036,273.73840133544695
2762.07383695104,1407.519240474102,274.03899723317136
2852.920145404759,1416.9381486375223,282.5790219390691
2777.8887236995924,1424.2997423022662,278.16879992288733
2822.5074880029865,1426.116695080986,285.9122081554647
2791.792228325309,1415.898377771688,275.51789808526684
2818.781061585152,1447.3389042752262,267.71299866023077
2789.283596692754,1418.2779225684471,279.34647440598394
2819.6817438287285,1403.2160595785685,288.2377751519691
2799.630556505984,1432.132671920085,280.172847084743
2840.6920285325346,1426.0712730384969,273.13953378433564
2759.06574783944,1422.3168882095524,271.8786170189663
2711.505433205471,1415.3507910890821,285.98950956961744
2751.332129028295,1423.9334651602644,275.9628161427904
2853.4459207619016,1436.1901624599764,287.70897663828265
2792.272059005613,1422.0163293734015,283.2704672442564
2804.6031147773283,1405.2996641318907,276.1521564279766
2747.3181692976805,1385.4664591681224,285.8356842215582
2803.277686257514,1423.8455956063838,275.38051423368364
2748.8593677963654,1410.140864587399,272.763314437775
2756.210936247362,1419.002872826042,275.6662730332778
2779.875815858806,1411.909223769866,283.8436832579511
2822.254862892107,1411.190910158034,285.6898349450067
2827.5923790321253,1412.3472586671373,278.0198636856604
2828.952244896892,1413.2512464008344,270.6584434443043
2720.595794247781,1427.7623598848284,272.21616769435974
2799.666774980487,1425.7364379313658,274.6617721407032
2790.160908330863,1407.9201117718883,273.5300156037494
2723.390879195927,1409.28265273633,281.32715188032284
2800.79918833611,1423.7912190446937,289.69057922362225
2787.478639128162,1430.5250236543552,283.97888287012796
2825.5762836058943,1430.3714135991413,274.3588457750463
2804.0623538119903,1409.9709115921976,276.52812117166724
2772.533973485837,1429.8931143190023,277.503546603506
2846.288122522849,1402.2373036568115,281.94607083496544
2688.938324961244,1417.9711558298995,287.85627367926
2796.7867435785197,1424.8702644260866,277.66299810274575
2711.8374534004033,1399.2119498695836,287.69388645534093
2754.390336439694,1440.9285692408546,290.51955479211114
2826.2406851504675,1433.2669518297662,278.2504656685564
2736.2901259779596,1426.4700397236059,278.1217768946935
2728.8141090648032,1410.349717924351,278.1969031630444
2919.097249170781,1419.3189637542287,280.31244992843943
2732.035547428992,1427.9042016976302,278.20910451609086
2882.5260451543986,1408.7733843300018,284.42088730694655
2791.389891771037,1418.19525768762,272.2558435980361
2773.758543928051,1429.1038384981098,277.3268895235194
2828.33931952941,1405.0540499822696,281.6458733653612
2866.829703777225,1423.3242471102046,284.3504225358026
2742.6966028945835,1402.4523037037882,290.9764253184037
2774.4875105135734,1410.5615324442135,273.5548738618453
2842.3434867342125,1414.954073943239,276.7397879290637
2814.39971562135,1425.1355561271878,268.6679671338633
2855.0958915320693,1412.992108974938,274.4506549632357
2825.755597721589,1421.2554839132915,271.1553735153298
2890.411200457457,1413.1277186219177,277.3935130246784
2808.9294299416824,1414.6938322788485,278.85817203679187
2811.090557416548,1432.5066150778614,282.3472711991878
2816.08606860079,1408.4977182175776,278.5070023484004
2792.875557413672,1427.591539739472,282.34968540206074
2842.4043579400463,1419.98936114525,280.5703708354697
2811.8520611931513,1414.2444631109202,274.8333839712491
2839.409000457257,1407.8247716758988,271.5686314707956
2847.224992681208,1408.537636929009,282.91840999948033
2821.422734078016,1412.6135497524206,288.2325149250725
2825.0858162117097,1418.4994559277886,292.67692505841006
2749.483510620173,1426.035096361564,284.6772735061731
2772.482320609009,1416.9976074007764,287.2875760597203
2842.1691726495364,1417.6668914811778,282.30729852019465
2871.1815590909255,1419.160097766777,281.51004692795107
2702.978488724582,1424.7677769143872,280.55500511895764
2771.606842637429,1426.448028191965,279.4709517798957
2801.1810301207324,1406.1303452442814,283.0353827771457
2756.0362768959662,1417.179252902567,277.3970145931764
2758.874017790916,1432.2740401734793,279.26278774206406
2823.7459936896903,1406.8388004628005,274.11016858517803
2879.0687984585716,1420.7431289044896,282.3746333453245
2698.408822183893,1418.2915599620321,275.2045122942675
2791.476192550915,1414.333244100634,280.1687249524011
2823.1640170895193,1435.9078265104336,282.5024554682119
2839.0106986100122,1420.3683580886786,282.9294571568491
2815.956367153452,1435.1114507194432,283.85754268907715
2888.070127496806,1420.056272052444,278.93354237425973
2801.4453296662896,1424.6025588931773,282.43031889694845
2865.599639519605,1414.2277849107302,277.566873684439
2767.6816164827014,1414.3390632470225,270.1456314349489
2802.8991473294427,1424.0934753024885,282.6515463687078
2739.3642462100574,1424.276974576336,281.49244053432074
2845.0432220274497,1425.9798706659185,285.0666175144957
2793.9778568679412,1423.7667828695458,279.873556435642
2817.891053125995,1406.6357907299591,271.98418317141295
2784.3315684357462,1411.9363132328758,279.5418460781789
2829.321425082951,1428.4994288614869,284.43290282369867
2819.8716986927875,1400.4153463459666,282.38017404398215
2750.2674285014396,1422.926072415056,279.2662771355258
2753.1616283708495,1418.8811990093081,271.6822038604341
2798.6115634829325,1428.4958186747235,274.8699152254804
2832.978697870333,1424.1662118607076,282.38619430925684
2893.1447776556925,1413.3601972029153,271.6742142396286
2815.1495428332864,1412.9064996169834,278.4087754262158
2850.376570124427,1414.7721652700309,280.1921108948821
2719.3574532617918,1425.8006304737062,285.7496857792003
2900.647792471699,1396.9778632044477,283.0724527556527
2830.28431055646,1421.5737944435707,284.81405616411985
2797.519774442061,1411.1696541277263,281.50926662016303
2791.7651976271036,1421.9083529780726,275.77294508894255
2744.64001010705,1423.4449778650337,276.93169766045725
2758.9356602139915,1403.3767341707132,275.33670180379363
2895.5217816066706,1417.7313357299936,282.95390420963105
2750.5497780856995,1421.5557035680024,276.5303889053872
2749.586612106683,1420.8795009527514,278.0299984348576
2764.888975696221,1418.7779904688402,280.11245619093427
2740.0909623519365,1407.79112480186,288.2065622329064
2800.7653287422754,1409.3137196935345,283.28566953971614
2854.445525633262,1406.2195267724614,276.13573287699444
2769.4753836863983,1425.5404557083975,280.7592382861645
2731.333786011959,1418.844291581934,288.25655880247916
2814.5930656507326,1419.482467607073,283.0758966421447
2797.2112831160093,1402.945065561551,272.0087382025047
2850.136227504081,1419.663972027388,275.42380285681116
2777.2745850348865,1426.3363707198268,275.0403224874844
2786.992161018666,1401.5816042542572,287.20364912679986
2792.5234817728365,1414.6459374125502,286.28140617931825
2804.450205527674,1404.296508684552,276.87481511107194
2780.3719161321205,1415.7971792527012,276.76709890096333
2772.2677945977,1410.9900810242907,280.2234589133114
2707.481115755908,1423.809088336416,280.3733452304673
2771.730639543994,1421.692395634264,275.18837035338504
2835.7611634040877,1432.9150440563405,278.7543466255073
2842.512275968444,1419.4592215069952,272.731983650734
2776.444348820435,1423.3848780210428,286.36160352455516
2864.974299909088,1414.4229251835152,271.1983474358416
2798.564796414982,1408.9693534877142,271.14280289053625
2733.1076814092025,1428.3476243469008,282.17519727255967
2717.380797177287,1432.432550535471,273.81561881082973
2860.912896130986,1427.0565569923826,277.49517520932733
2781.349813736946,1421.3122812312954,280.31586430551306
2739.2967738463713,1410.2590644551472,283.3765041493342
2687.0361914282234,1431.4162817342694,278.8945894102556
2780.2141944562427,1425.79509315637,288.895858986399
2820.237542949818,1440.2487860932945,279.99780505670043
2765.11544279769,1408.455760497601,285.9539735412937
2747.3377419933063,1428.6256650124737,281.39277890183246
2772.531211569664,1425.491065048748,290.65604879003666
2862.1596009572427,1416.5797279975195,285.29181751962096
2730.3509191162407,1433.638348802031,280.21734887736307
2767.914948478874,1424.0234514842455,283.1441535845374
2860.5378869808796,1410.6310697153835,278.69592072234536
2824.7088144711875,1418.816609837256,278.6455008082244
2808.956390688948,1410.511411928969,273.48294585982205
2767.5776932291874,1415.3148428461448,275.95869198766434
2801.5252407250214,1427.0382615353974,290.3048569257786
2773.108546577335,1429.8927404523422,273.9798431436071
2757.0306934464625,1422.2121233378937,276.7225364360818
2745.997126234913,1412.4992512341046,279.5314066152045
2839.204779818625,1423.8160842039536,279.69795352623714
2796.979693389193,1427.2339963795764,281.9186290986548
2815.725687190135,1400.2788825476027,277.6543964594297
2807.58365929007,1421.1647877503092,282.22688183498167
2822.045941390418,1418.0981020160066,285.7119272057336
2787.2640605007055,1429.5371125540958,286.3331617199075
2775.9171274472715,1423.856891648615,278.6624409968158
2759.2359835304437,1424.843517014728,283.05671714451483
2729.301543329644,1415.1808903361905,274.26933188929405
2743.898341468854,1420.0165171713243,276.39141977363835
2781.729113944989,1429.436849698039,274.13133300654727
2719.848025778226,1419.3512026702972,279.77127655620177
2730.8857047931983,1421.7466955573157,275.7039036182003
2852.106994631759,1404.6404270155792,272.39653220597603
2811.2089742426897,1419.3145996367277,278.06997388709425
2777.4081635898237,1399.880000318939,271.35708112109523
2913.578722945228,1414.8385513064175,286.6359655182307
2717.5875140643484,1420.635155577269,277.21238469378363
2848.780563823091,1427.6703079448457,284.9265803681906
2794.426695861029,1410.0084005654803,277.53966254982515
2839.2523511456407,1423.736841434701,274.025310870247
2805.4476858635403,1434.6849340436213,285.8776198567796
2706.387746887737,1413.5925613428437,280.4435179155387
2804.7730233779416,1404.5294707827734,289.43454642956146
2816.77779273198,1422.898399570571,277.66738536883395
2690.4007350737793,1408.080029934637,277.77534850216784
2897.202414690095,1411.8100142652647,285.02395421109554
2815.5603797086387,1429.233369417025,285.0587632524952
2833.5993870068246,1438.7689927537667,280.76715193257326
2741.7235305211843,1409.9930988365852,296.6763409490407
2834.530876107281,1412.6258025998459,278.59719603839824
2854.475222978153,1415.601310375912,273.6526838151549
2812.6784114068923,1414.5219194647457,274.9872247970964
2799.531422073962,1439.3329251381203,278.62630255320386
2755.3205937550792,1414.6943217031221,287.59387502745824
2789.1896541108335,1416.1224808547388,279.0682806892666
2774.398524287036,1436.1617747317482,287.8302604918307
2828.599781869634,1425.766763115393,282.1721255768906
2757.50620374413,1429.8589923294924,285.41684648180257
2828.232536075178,1410.938871269776,281.93584313313403
2758.050721863517,1414.6982031682426,281.8962400331097
2786.882372291999,1409.6028164232105,283.76355300553035
2830.802219850641,1428.0126154603581,277.1664575895713
2764.810164000698,1432.2524320778343,277.2214322772626
2832.5268244488802,1414.0022563081848,281.74773493082296
2827.649707883568,1416.3575867709571,289.7055573775301
2786.4524663311527,1416.7950993496133,272.2962338736651
2858.0891600677896,1404.5277600672182,269.8540719027999
2803.8892170988556,1413.2617792224034,278.6812808188569
2855.1138263292673,1427.7326621476361,285.1542354024687
2889.673246243859,1411.2458149555491,280.2568804284009
2787.9349489149345,1420.9298186220499,274.15335076592476
2832.24774920137,1406.9198102553585,280.39546748433196
2768.1216037338563,1418.5599908887114,271.3351339355842
2748.35927952459,1414.3667884541399,283.1445853043709
2790.2270171306786,1407.7832851621624,278.45445991773454
2731.869986012527,1427.9038609615511,279.58983750227287
2753.1196110176347,1428.4662736120101,282.1359273525557
2829.5716299660535,1410.3046128776402,281.02844458688054
2774.317549227558,1417.8381653580627,277.29370213134445
2835.5257043560932,1420.4431868307245,285.16806418823234
2814.970596900874,1401.8523821287215,283.98466282319526
2892.5577031009557,1406.0290727360598,271.1285790388787
2826.2168642788024,1432.8628443636678,278.848786642637
2855.7109035139656,1409.3487310349742,274.5985660315186
2820.0942331563774,1432.581831082517,273.6597095040229
2815.5696750539037,1406.5458632561667,282.6756681175581
2858.2366521056656,1426.5882777714041,277.9036935966738
2833.439873293263,1416.8869689248966,279.286141755268
2810.5031806478714,1418.2923373084564,276.6515753311147
2810.2827332964857,1438.5593591353397,281.85087726409915
2826.911465591521,1407.4581336568133,283.3917344265952
2766.4313240270058,1425.9479819626108,290.8512743148816
2764.310026693065,1425.5348966355782,279.09512867750925
2871.2702966186466,1453.5457338916638,272.75791262612245
2893.220683193,1409.2286917976812,277.4805315478424
2753.555877079492,1413.7401520649657,284.23529960690826
2766.550278378015,1428.1592228583256,276.13677404934845
2857.1261409752074,1417.9973614079813,272.5893620027251
2826.67599965712,1415.3694904326826,276.2409115685596
2833.821405266046,1429.5751148832317,277.33317041125343
2844.8300647426527,1417.3343156369629,274.5866522601767
2787.9633919127964,1411.0814092961857,281.0873825705822
2816.498496249509,1427.2621015476197,279.6048885939664
2812.6096075349046,1423.7528800802786,283.948526204094
2757.075419987727,1416.8715340439403,277.77070082537205
2815.754547160785,1416.3969848123998,282.7903238428425
2861.8855348074835,1410.8509339505945,277.53864602988165
2783.293338057832,1427.2509685511534,274.35193819095633
2807.628462437047,1416.3989218274562,277.2849043237703
2810.335445800543,1412.3015409642633,271.9086640547485
2785.7667724782364,1407.1444483280814,288.9410781999149
2833.845061884718,1423.9215435790884,280.71249873893004
2765.996718437251,1414.91417021087,276.0229655483477
2866.632275934797,1399.8732468601092,278.1117791885897
2831.310278081612,1407.9673121035596,267.74768008379965
2753.1615699663553,1417.6640306434101,287.1717661253591
2884.900484244313,1417.9446233508284,286.6827402210712
2808.4050730630797,1417.5645774962934,280.5377095208005
2763.8526241382474,1416.1724388843245,281.59731148031705
2855.2277262495595,1405.241462772636,273.6616161153717
2824.7335759724015,1411.2545147585095,274.0251505236974
2711.402014788298,1431.837769864841,271.51351925406135
2773.7169841378072,1430.3622812685308,279.19465957113204
2813.9548668610773,1425.7795178234405,285.3051770243297
2692.021666117867,1424.8950260404067,278.0839268564883
2804.25350426937,1429.047559080655,281.7384791508881
2807.898968635263,1408.792052625079,284.89416947446784
2740.825405881209,1420.3292836675696,271.8794966101098
2813.532244312998,1408.7973284935304,289.2278271268964
2800.3731919562515,1408.9708553023472,285.7866019371563
2740.435294705749,1423.6806493774693,282.56946358880214
2845.978027343141,1429.4675043913587,284.62047265268035
2841.8926897383903,1418.0615086557746,284.85538151637536
2785.5131456573818,1436.490004322095,281.46319943294907
2790.0709338304086,1422.1178432704553,287.1413897644629
2836.3131968797675,1412.232144675835,277.73669825691275
2789.9668428444097,1409.1327144812633,282.309056025977
2703.4545899739924,1430.181314841847,286.6082140062503
2824.3468278699966,1421.2845911573982,266.54400121970394
2759.3370339630746,1426.7604737816948,282.1898167298708
2780.50784727912,1393.4203673954676,283.6230248922168
2872.893528397574,1422.4467203434695,271.4577931705778
2793.30107629956,1414.8822581150375,281.4091004300829
2800.0867467936937,1406.0624046408313,276.0314700982018
2825.48336377318,1419.3731765705159,281.9840314079562
2825.2666971937015,1430.9181353365445,279.52500351794623
2754.040111631111,1442.662282864197,275.2683591541485
2796.985074223281,1422.421524073225,285.54831831800726
2801.807626396291,1412.9085341003847,277.90817488005246
2813.6013448314416,1412.3049744348152,281.3498189701079
2814.461097045831,1429.631323620652,286.5702381174205
2929.372061438873,1410.031258808471,275.4165275280841
2741.2070114706376,1426.2242737952777,280.04024623986413
2849.0045810098977,1422.9368118995963,277.5233642747833
2859.168790291653,1421.8310139188288,278.6391017773114
2824.639198696176,1404.3188141011922,290.7804260395323
2767.484230256346,1416.4304179777369,282.2838794203514
2883.2334015133815,1405.4184220864238,281.567963383111
2690.4008567629903,1414.1175259868323,282.6204366696573
2765.836665139109,1429.1713866152052,282.1512981379123
2858.5841098611404,1432.3105790335555,270.87093230507406
2781.494419828874,1422.1394864949089,291.48380410261103
2879.8232262400093,1414.29659487566,272.67815237430676
2724.40976276608,1435.8809933236041,288.6629713301314
2744.3949053025995,1414.1640936624383,283.0900768251113
2773.4180914936514,1408.64313508191,280.90389509067234
2820.8699638768267,1426.964829679168,278.4725751196168
2788.898992480999,1424.577340425697,293.0258027554665
2775.480037371879,1414.5742408907415,283.02244780087216
2871.0198215549262,1421.0022522956956,280.088440324592
2875.6722487694574,1424.4215998885177,277.3236864774483
2779.2810117146223,1422.036788410518,276.72425865626457
2714.511609633517,1424.5893895496458,280.2530542358611
2692.125808540631,1414.9428513844002,275.34698484169377
2811.964505739018,1425.262450442396,283.3982552397237
2832.79778111094,1420.1755783758329,276.7717881638183
2803.1498892789273,1415.2818947846365,285.02477757222914
2796.454594645962,1417.5411523776672,284.9129369065564
2759.772869265296,1419.0209816407557,279.722821604379
2832.7489896956918,1405.5462166293871,282.9015111492749
2883.9092689449453,1413.6334075343007,283.151819547634
2689.156116133222,1420.649055155928,272.688341954276
2796.124940560614,1406.4900896461115,288.65846494326814
2751.48258252932,1413.8007633818543,278.7212814285642
2725.4767002973076,1443.8464497837188,283.4778675670785
2743.501206460779,1408.707416351788,283.6181175552641
2818.98364278422,1416.1618608734957,267.55231454232296
2820.2481098795583,1411.6628272147127,276.71535402625267
2873.01438805874,1418.8312999604666,284.2018441021303
2800.439077357273,1411.85081656865,280.31126229717603
2712.088918506521,1417.5675687670757,283.44484668169036
2788.0915228812014,1412.814529648501,280.4618328072259
2730.6810463892107,1430.5512781636983,286.1469089690157
2739.6602056788997,1420.8163703771954,280.57016944222204
2829.027952920325,1409.9702734303678,287.12044548390236
2809.709045279721,1428.4079652383268,275.0998571139398
2829.3782797717668,1410.4173338396988,279.36179965260527
2782.125357636414,1404.3591981108834,277.0330021570898
2839.5264781712676,1419.969575125672,281.94318032031134
2779.3298550854943,1439.0726442433997,278.6066602755871
2855.834141637112,1401.7233587108412,278.8524290645318
2817.231946973577,1406.690120784309,276.47616818374877
2789.650156475769,1427.5252566316085,277.69632241535726
2810.604652208805,1413.5767860038804,279.9486146804166
2799.106964951254,1426.1194856724655,269.8932742440841
2879.805325765646,1411.6251109305806,268.4911807198441
2812.2718811289396,1421.4196217740919,280.29572971153743
2799.9193663802744,1437.4447392538548,266.1541171738323
2788.07545714746,1408.0541035297813,279.03428861595967
2842.1592109622507,1430.237608101373,278.1141811940439
2835.395666952675,1426.7970679663208,282.71018934930436
2786.3079184843687,1405.107557489011,276.63990810474036
2742.2179242688594,1425.5890052374177,287.84757384645985
2754.9015930810824,1420.7280612886261,284.24081436615216
2790.7918730228903,1420.9109400991374,272.4385298417424
2867.446375305954,1423.365175664517,278.5782682126283
2787.491168537654,1416.496341555842,287.6359257209194
2770.293819501722,1420.700989589424,276.51184047300234
2711.9640343375677,1422.4145242504028,279.73553837487293
2875.6770717801146,1427.4605793888552,287.02063787927386
2828.451407299073,1404.7283896662193,277.29702191968613
2839.800498500293,1432.9088589649111,285.61489970041447
2848.084402596469,1408.447096569408,275.4500019869319
2791.763488562052,1427.6162846414638,265.5619307492694
2804.229531687377,1420.794450992728,286.14264658220316
2874.4300970975996,1407.188436572013,282.1936752002874
2808.979044465957,1425.28145469704,282.5228213766723
2829.3762645031998,1410.5459336080482,274.53518604347363
2843.5275358600256,1430.6879555515764,274.93323691751567
2832.146566621132,1412.8916516149875,285.7521825986807
2793.5915414866754,1405.0501390239463,281.2160365370213
2798.305807859304,1435.338451050363,279.4127197133112
2838.882021898797,1421.8132367123692,281.1046333105708
2838.800142996736,1428.6719112576131,287.5425276500615
2858.4116299509733,1411.4852812124664,283.61844113526286
2827.5548491654918,1401.081894632918,277.6267740130742
2829.8302806796028,1436.7520242408777,272.98256069439975
2777.6883316607777,1419.9357318782106,282.9402688091389
2770.942524446405,1424.9135189416354,275.3801599468289
2839.031533717575,1426.5659578059826,274.08811531190617
2771.290746599181,1416.6460894698432,286.5787459343703
2798.9649498441568,1422.2622954761553,284.36202873379074
2868.9511620485646,1435.9395259250543,281.9284296334025
2861.0285146172546,1419.6755877112066,273.8080146953138
2815.0894415398593,1429.4210131641958,288.9463303038354
2785.1930210083146,1400.0875301996937,285.14434157357925
2793.8310544828246,1431.2376063031923,278.481071994688
2843.3830070527806,1404.7799570199402,277.4235997091957
2798.175036127692,1430.094088240335,280.39244870654466
2772.0858803494866,1423.9063122045127,277.60790666730674
2860.7887378203986,1419.0407932392611,291.0592697839255
2809.080006956464,1419.0041177879207,278.07235812647565
2771.1372089504125,1417.4726890664267,274.6605856422989
2823.9470094466315,1411.7933048055643,287.9420792916654
2848.5609206596255,1417.9402372136994,277.1546908335645
2749.616346760612,1442.080590775091,283.9321505405836
2789.9773043323535,1433.0230671078473,283.3769380304304
2787.6658316205794,1411.2899682147756,279.70718974727475
2822.6143582891737,1422.6768740232728,275.13501617738655
2831.600416142993,1420.9597916323644,279.75908536510804
2772.426304436026,1418.5770655699032,274.1506944683389
2725.362441204699,1409.9722244336251,279.8814111873155
2851.58993772997,1424.4589798480665,283.8639073322983
2744.0027364711395,1428.4607162991463,288.58890033096
2813.5592102521937,1411.6610131493321,274.56075442027856
2793.400955063466,1439.5554141728921,278.7477069800204
2808.1221952602036,1435.2200324923556,277.3759445788736
2882.561698585343,1425.4816555895122,281.36869688753745
2951.9140806810915,1407.682802973312,272.3909581184459
2718.3281294300696,1424.0140862598457,275.3566866143752
2849.1953077666462,1422.8197800156447,271.53991720965683
2792.187611366118,1425.131552762185,272.8084772966745
2852.3927256856277,1435.9046427228973,276.6978110304396
2847.863153808958,1418.2402594538337,288.35441306412946
2870.4872403599084,1440.4782657965575,281.73800238466316
2814.248245758135,1424.0650434599374,280.32497936799905
2755.521175752249,1417.0953682433874,286.73443002014244
2846.382474435481,1443.9937720670641,281.91798940591707
2805.899878807203,1428.2989190002008,282.387880556985
2788.3078392432935,1415.4526611304252,277.634877674101
2776.1888059647517,1420.8421658894645,276.8133582219546
2850.3167784552566,1426.3523302185454,273.4443652513429
2880.168474600369,1418.4913897321467,276.99455216979305
2740.2323720650184,1421.3390786904495,278.59738292950476
2831.0976121239464,1411.827963963373,281.7235947375846
2781.3806407288675,1403.1480546919208,279.8162079247765
2726.636380090394,1421.064193227447,278.17465267066154
2807.3852910381506,1421.400278222259,275.4416162405162
2758.343110990522,1425.2711959155786,281.99563403977606
2721.1123386099903,1414.2381029289381,277.5111695648308
2760.912976388773,1406.5944570545932,281.76898253995995
2748.6113041043072,1410.3467553025266,270.4336394520323
2767.6656573468304,1430.5563375683982,281.6821058148495
2733.7057961523155,1413.3338868779242,283.7345345139812
2780.2429945686895,1415.5791901419623,283.09765429681875
2764.3375435958014,1416.8758643616889,279.01639787324655
2818.780693857283,1413.8072383071321,284.57659157712186
2829.676949319916,1413.0678917246717,273.6352055852208
2813.007428838922,1411.288764353662,279.55396967396734
2788.2277771063245,1434.006565745682,279.0330209941965
2786.878620215384,1426.8010068334293,285.1819984452054
2758.1462506294315,1432.4782077315024,269.89753414737726
2759.3502670295034,1434.4933975646084,274.7093514103635
2835.1801934039368,1396.5012020256702,288.7362540431526
2712.0148700674767,1423.4345464202809,267.8471693807752
2795.963753084353,1414.1382136610168,284.07211985843753
2783.82354692194,1431.1680964435334,276.4983641848643
2829.9566050687445,1412.5852879675745,281.2735130182305
2728.7494008288822,1409.458502436363,287.06891201929676
2800.624035274297,1405.659541393469,281.46603435539413
2817.1492170679553,1416.973250890212,287.1726668838051
2704.7634390688004,1429.1494526252832,277.538254096066
2746.283601356913,1422.561672168613,278.19911872078546
2795.4105076593605,1407.9735173486386,283.9342112442386
2825.707345381715,1441.5265909036189,277.8028476985883
2809.124965555635,1426.4953863949156,282.98673190519
2828.02271264749,1427.7741011575768,285.91902108288843
2746.031374367967,1432.8502882734765,284.34168447143696
2720.5624825135988,1403.5978441137422,272.1054421727671
2804.2252902878395,1410.8856586141212,278.2930961147524
2738.532338089294,1428.2301135692428,281.40916242027413
2756.73388369761,1411.8926167197853,278.78053230185304
2846.613917741319,1417.2498652774495,280.39683006695765
2809.4549778383425,1419.222593471687,281.4753537213463
2771.5927547372294,1407.2259461137007,277.36715939641215
2765.0984247679517,1416.3918281786637,279.03280559772065
2831.046077844458,1429.1450321735183,274.09482635996574
2810.598546782499,1427.2945388981784,277.6107910654634
2739.272167883865,1431.1301466196746,272.36660698617095
2702.6088133449525,1430.098758737908,280.5824834784635
2894.0900916320074,1424.0587392570258,279.03388897820724
2738.876038734122,1423.266784983097,275.4210239397569
2826.384825165006,1422.533307601066,288.92629904414423
2875.5346466169085,1413.7295283274605,278.7729425847658
2807.3798784416576,1409.700552762794,281.4327647203981
2769.9781661766397,1413.104026538801,276.8068341757727
2728.6975479152143,1416.7397068344253,277.9282598963135
2727.9994731839984,1413.4417405525721,281.6220673542427
2818.8347424338194,1424.1383173848392,278.3387447509656
2872.548816147499,1422.0189521606426,280.01651678444136
2780.2270451647737,1423.093234987202,284.03412307676734
2772.2139768925317,1423.5140806591578,277.40986910240576
2834.8740545405594,1431.9566393778452,273.3391940838106
2765.7026373047624,1419.914271076129,272.36867855160796
2813.724145381421,1430.083694338346,287.1921951819343
2802.0900725042757,1425.1658535797917,284.65573350287787
2779.526597071097,1431.2963353663508,283.2789983359387
2799.223092063174,1436.1462983438657,277.81973597063995
2888.157605732499,1425.7664957997906,273.33459994506086
2830.226647205048,1421.03768249672,278.5884919325193
2854.625040212799,1420.973078174433,279.5332281435698
2754.065281953997,1415.2983392043816,274.3422416662636
2854.7968073803786,1414.9622785342394,272.6517184347569
2831.9510237734494,1429.0211716331153,271.3484369679803
2725.0201951720314,1410.3632970755245,283.28696593771923
2826.989536668555,1436.1477263556224,273.97320842398494
2774.336293160266,1418.4827674709597,281.5470516035797
2722.7098161837193,1448.6207789312282,278.01100073296374
2806.488786616381,1413.0688457317037,282.9481895438807
2826.9521295531304,1422.5018891998034,281.6791225598451
2807.580403432228,1416.481507297516,278.84031291054356
2794.543070757712,1412.0691590845672,280.65226712604607
2783.4707330770834,1430.6380035087873,279.44831945811643
2923.329400467078,1408.9444580560219,276.92326424683466
2740.8715305735677,1413.2392549302576,284.9004139272893
2843.64609911786,1425.863197089149,277.88463123379
2800.7711485444493,1427.449608109494,279.5657492687426
2757.276674686648,1406.0811457877248,272.92437450171246
2797.580047468571,1425.8167688521537,281.37022301922406
2730.353368120569,1421.2889991341633,276.9470920142727
2770.225479659657,1410.8227664213848,277.61575670421047
2797.6532837082195,1412.1111846466445,275.8021956955778
2722.4441470700435,1399.665485720516,279.38001776055825
2825.319126924403,1437.1744442779757,269.96763692481505
2751.8119479544234,1430.15420414977,283.4117850645663
2727.413952099322,1407.108549898218,279.80667612660386
2745.9791132085816,1427.989076727918,277.66357199398897
2908.7977080917744,1414.2597765605033,272.25884667104543
2701.096792906558,1429.148105363497,282.16533343239985
2821.8061544384896,1415.0392643084092,276.82836219852464
2762.4181864490356,1416.3664590489204,286.5304343512416
2782.493591424122,1417.1165273224233,282.4315948116489
2830.1965464340165,1413.426446583387,287.6732784434356
2827.740935741946,1433.992713752333,280.68485020394286
2765.9651790419107,1428.9852699308149,285.3891138058108
2732.1087996683355,1421.0994853833329,282.31385522649106
2831.107048685032,1430.245681639858,277.74509293898103
2827.618859650467,1403.7292828475454,280.93605009242066
2785.7515245605905,1407.7154122144898,275.8300686677053
2822.097219190419,1424.7455476235796,290.34389716487186
2777.7085259512232,1427.3553655580788,279.49567445147295
2758.6481217482606,1422.7940754625574,280.13105145759323
2800.198109056054,1401.1730532492168,281.9499293081676
2825.9516370545757,1409.3766547566224,274.56527337841635
2815.4625134776215,1424.1659186650418,286.60685552833286
2825.4581340038335,1444.2647228924127,274.87335224615975
2761.971056335544,1432.1791266505843,273.742647188193
2879.094056237913,1435.7730429847077,279.16737993648485
2782.880957233069,1423.397254221903,273.6035125110521
2794.0542174261705,1423.3249098078938,287.8097026809569
2734.0672045391066,1409.6651453274392,278.8464836515847
2790.3072421851357,1429.5182205305161,263.89416251079786
2826.611886842576,1419.26818297459,280.9997425906252
2838.1255306346334,1426.9273237546372,282.7675299342702
2878.097036859339,1420.3068635288093,277.8928387580489
2826.011744791273,1422.7911842475073,273.22053487119393
2813.8456597899853,1419.1227188370137,279.4834649166675
2777.685244424284,1422.246246978229,277.5914726638658
2766.9129795883496,1430.0007655754523,275.12214040070484
2848.512425733408,1407.3377047093077,274.68087464952623
2847.5535175869454,1405.0707757368489,280.78117874468694
2746.1493649575614,1424.258645776389,284.5151090019483
2836.1547943576743,1434.4057429790762,282.3077191899855
2832.5191845697923,1436.9274461680109,271.3600107070581
2744.30955574929,1407.7558978228992,283.0773900227799
2827.0228402394587,1415.9712616459763,283.8623700601352
2747.5226770259096,1405.207847455551,286.96848375423883
2678.5353516163254,1414.4938837361287,275.25056121954054
2791.9948793153976,1431.2284809504936,279.71698680317684
2812.8907352627493,1419.871082164416,282.8376212515192
2794.246459755844,1416.2612592037622,277.3622315093019
2943.355340859399,1425.450857564112,282.7595492517331
2818.942561461749,1412.0494791019053,279.8798683689105
2807.357090964935,1435.9297836488186,275.76772591672227
2821.4795651657046,1420.0728497224147,276.1937888065473
2777.934049779995,1415.982057570401,286.2464467813743
2846.473953104677,1425.8684923479561,275.01790668801664
2818.050097308855,1429.3928616021105,274.15999857915193
2815.7585851946246,1435.9597524014926,281.72189432365906
2768.793988856653,1417.9003109374185,279.8471360782875
2721.7834836775455,1430.860565226937,273.4418931128663
2774.9306955461357,1421.012116119,277.4028991295524
2814.1316928129945,1413.8861997902632,275.9160926086972
2777.7650260127525,1412.2318847099577,276.7916622687655
2814.5863583533687,1409.03016556367,292.6248519840332
2788.381906157185,1412.583060011109,278.48710047662985
2821.528974231326,1431.157066217601,275.5937452791393
2751.158793706234,1427.0670960178604,290.10893745399824
2809.644500594254,1407.5878834405805,284.441273990962
2767.95229268243,1402.5360907978506,283.62412780292703
2723.085852893468,1408.8770684420358,275.83452852849314
2791.742293848581,1412.2326379175286,285.9574167884325
2876.8158786909025,1416.96734289423,284.0813729411642
2727.0711796077007,1431.728635230087,280.7354479091901
2805.96961251971,1414.5228314110034,271.41848438563875
2839.8788531632113,1436.8049996017728,279.90039998761085
2915.0015342572224,1403.1980010767863,288.6496535708269
2775.3533508776654,1416.5136747923768,281.1019140987102
2768.3999697697845,1427.855486691364,278.11766736459066
2741.6653902030366,1428.4720525236644,278.85771328455667
2857.025816742311,1416.642860436116,279.20373846593094
2756.6292835380464,1430.0175343378419,276.0019289311153
2781.4701784112326,1428.1219644250689,279.79377585318593
2707.5531061314373,1413.1788534068749,287.2136726477278
2844.1985921339265,1423.1492846844442,286.64727439455487
2857.9129140389014,1427.0361328407685,276.2283204483797
2842.2887531792185,1413.8946523242716,286.3794869227535
2719.733735932314,1436.9432545026916,283.80570656326375
2830.3575520389654,1411.6463805338235,283.16669268805833
2716.3664807638,1421.440928832945,282.15955940820066
2802.902015103212,1407.502226835805,275.34811810610273
2810.25387899919,1421.0336019866256,277.9721090752144
2815.5091609054134,1409.3292678392918,284.1645920156066
2826.7318266318734,1417.0587085867073,273.96564828062526
2799.5983198220365,1404.134024386789,274.7961244730206
2701.8785243635725,1427.9981340032573,281.5309871238295
2826.7560504399767,1423.562800497416,276.05233669670446
2804.8804070563874,1430.874105536367,284.11947176850384
2754.8690104314383,1416.5219483536016,276.22891021871726
2721.5301289431695,1431.33847366881,281.22190072431573
2877.001109296218,1420.3927964539484,281.6403578232537
2861.565026914534,1421.1316745942875,277.5895266105126
2835.2978703653725,1441.1405332535194,278.80176685172705
2766.185004438265,1415.153240350614,276.5999425998002
2674.150222389424,1432.2745903115485,279.9069764717388
2838.2339587717615,1424.7968494054762,275.19156379956036
2818.3343386927536,1414.280951077545,278.8824612425147
2781.2668845463913,1406.8430910953653,283.74245503897606
2856.2403153348937,1409.669149495445,274.31624460469664
2842.3998766981426,1431.3067479785452,277.56465294011053
2808.8047744115424,1437.3439952683696,282.59131204992474
2801.7529208935557,1420.9143990321022,269.6117760915967
2802.548385879984,1421.4388176262112,289.2779201819967
2833.9969936417374,1427.7645343315648,285.2262895701547
2757.1261826728505,1420.7330202935318,272.3083220988134
2821.299156089252,1430.9970003797032,269.4790210003412
2753.9704527765207,1422.9162225066318,280.1480879366703
2866.8277585876117,1421.3554131365245,274.3987790204894
2826.6064285787616,1413.0078715250588,284.8074664509921
2765.5885869180534,1410.5473292052673,281.97001081065844
2804.0297912014876,1388.4091198645476,280.6168950816864
2757.310680998598,1432.3411679994188,277.14871807488197
2875.2056418850398,1418.5339294477767,288.00003819894675
2881.1437992235606,1415.9960265526422,283.76726050360844
2834.8111841281425,1400.4829270361456,283.0158290451032
2877.832828382729,1413.5988723422765,286.0002798231372
2807.5897974436252,1412.283135417171,274.9056956825357
2838.1756283587397,1412.0522691276922,286.42368934519544
2861.236226095488,1423.3283614315262,278.67695851818684
2799.7128202242043,1421.22248553196,281.67364848301224
2803.5551928658674,1406.387040663803,279.2176849516403
2846.682830071445,1407.0215890009267,270.61067196813207
2832.3248982797995,1407.0032144766963,284.78674130486127
2762.2269639899473,1438.1052608756718,270.87758338546274
2690.6585314364265,1434.9272262869163,275.1673969999371
2791.2235968701475,1411.477010009004,277.7358768478594
2695.154291038741,1400.2340568000427,270.2319222699536
2750.4491331947224,1421.2804424301253,274.49688688598144
2756.285652139981,1420.4694011623767,281.22410045392013
2771.567884452994,1423.169169869884,278.26674404232233
2841.0219072081773,1427.4137389247733,278.67923563137424
2851.883977036513,1424.5170395339594,275.4249677450571
2825.4370359903605,1408.8356046849974,280.23090661878945
2831.62534880309,1422.94041087164,278.373759874017
2832.806022818432,1428.5382357533565,271.79517299490817
2675.158500438954,1412.7599827699662,278.99540665214533
2800.509884100356,1422.9995646875586,273.7904408654093
2710.1770639415,1414.4721928253218,284.48848555971284
2825.456973783577,1439.9616972094123,278.042466326507
2695.344592634015,1406.7317286113298,292.60762215365395
2790.9780732324652,1431.559489365286,284.8345126826073
2827.3884888009793,1403.2918723857474,279.34865412356413
2744.1121025841844,1437.9305268521662,282.89739416611957
2848.085798025661,1408.584509325756,269.55100405644185
2825.331108497587,1421.8967154398933,284.8118970345488
2819.0412347918955,1403.708068133032,275.89854751421257
2834.9000793755267,1406.500188829783,280.4486651852218
2782.039995611667,1428.9774704762463,276.36188743574996
2807.5959431878405,1430.2816231146946,276.89340812378316
2800.50257861171,1422.3935893236765,279.09433955010286
2799.3725527691927,1427.4108166549024,280.3841638750331
2766.398446167646,1430.4487874265396,279.8654205960535
2737.8733942638646,1413.1582313620067,279.99007687930987
2783.157082535526,1406.0103856568319,271.8715864625928
2780.4026046402864,1419.862966137972,291.66024802132057
2763.1634506241553,1414.227988141028,281.15990164534
2842.6026890905014,1423.88621480201,282.1878367281857
2741.3896691072196,1425.4802861208793,278.3000444460247
2791.424542055438,1413.1834920943072,275.62922652721187
2858.3169855780625,1427.0410854296645,280.75517865485085
2845.4564676299774,1426.541383759513,281.4463845532051
2860.814694254864,1427.23317578889,286.50904438727366
2770.4609711312887,1415.9220762298942,290.388088417574
2839.2144062863854,1427.7992216482858,287.38511201995107
2746.8514801510933,1425.200022806752,271.1673553829002
2786.206302209173,1426.4018464475655,277.69790929595104
2790.91220946099,1436.7778856308853,281.67908559977184
2771.2079893900996,1423.2777418992541,277.9985717379378
2781.909300595774,1413.9303777600253,279.7808659162713
2775.3312036251323,1408.8954546900054,269.2743187795341
2750.8803094449154,1431.2793615999383,284.57106500491653
2842.8206753002896,1423.5730767603545,270.6227238059677
2790.8774998562867,1436.7002198832022,272.13755237926335
2810.0718271958644,1399.7044780879953,274.92664607854175
2808.188843559643,1429.1066708778644,279.512330231156
2802.736321255501,1417.3886266457937,271.8863732241057
2804.6402273028216,1416.4647900511882,274.69803882967585
2784.729138998449,1412.351921598514,285.74472521154775
2870.9198434257432,1428.9957101388513,279.43819823487286
2838.037238081768,1426.1353617728323,282.1677348934903
2800.919101638551,1408.5761797496057,273.81878607875126
2777.6472782016967,1421.6492143792507,279.73081987721383
2794.058957863546,1427.0611433068048,279.32066696844316
2820.8810758185873,1421.780105259259,276.02364764546803
2874.9970046268154,1431.0784030002694,279.7446144794107
2731.347622766748,1417.0996145611082,270.53937353588543
2832.988737932089,1397.4564232689552,282.1930437216807
2856.3361818389317,1421.8671756076824,278.0025364122343
2725.664076504738,1421.8062576940508,278.7139030408826
2790.9424561634364,1423.1118649670436,284.2588290105839
2746.774101345848,1431.069790979677,282.1601673872901
2821.526480583852,1400.475367467067,278.40830405469444
2782.0824533822224,1417.6151669566734,274.41706985443983
2793.4930466559936,1410.7734219199845,286.64330702393795
2779.4472096360764,1407.9196961188152,273.2993899903616
2836.0081716384134,1419.277010004371,283.14683451300573
2811.451648029907,1427.0182203028069,272.0130302789682
2811.546338201983,1423.0094660485915,284.5893665157256
2808.0310912540726,1413.1247757750423,285.05300426441784
2828.6245440226066,1418.5452840045627,270.4369457840577
2786.901407257184,1429.2989644462962,282.24667526343967
2885.038739377046,1426.8312924506001,281.8325182387493
2738.260262439074,1414.4722998677337,283.5152465234301
2713.7040775915175,1413.8250362433603,281.8262013750916
2709.5659715695715,1402.83515839401,275.1884215360489
2696.020594035378,1415.7058866641764,278.9138351626506
2833.6584907410124,1402.6421106956147,288.3232326821699
2827.568384964132,1440.670696873861,274.46093262025215
2860.3888245887797,1411.448818431333,281.6142897917559
2747.1680892647237,1431.0898085531321,285.7562693697752
2837.273072737275,1438.18106207892,275.0462359556968
2802.8412031074654,1422.16201408528,272.9160667644209
2808.329324957793,1418.999857436131,273.6694883317444
2831.2811447674803,1406.7763474394492,281.974856807882
2762.185912446878,1414.9539987835121,273.62698113504155
2929.3624567702245,1436.0396504786902,279.3231997968396
2866.5940152137678,1423.5125262962226,286.8563569815161
2773.414702300232,1420.2834820745884,279.74345937795687
2745.4630971138326,1433.1212320917566,276.110936059196
2795.6047919097655,1426.9629054845573,280.6270483635669
2809.112922179102,1418.5212685222023,279.6566357296584
2853.2807629854155,1422.1625583567359,282.2632881940162
2741.5639544215837,1412.319349625687,288.09572276909427
2814.2743471599583,1414.3895935363641,281.9838442941849
2723.549248779261,1417.9370137074134,290.1689125588295
2821.817879670556,1425.5747106237368,282.2765095173877
2794.6247889770975,1407.5263702730995,276.16334353645976
2896.8339881142883,1420.7624033042273,291.441514971143
2722.6998727890164,1416.1013783993694,279.3759099132739
2868.530419074505,1410.990707815338,274.72553884054497
2714.8084332416893,1416.1550845050836,291.6186433181497
2733.6394862796747,1396.7859673694977,276.3344155690976
2716.145272076392,1412.4241132597163,276.13805283982055
2812.517630422553,1409.0051311792404,277.24264745977797
2741.3150594623135,1417.2008395739924,280.82313206661104
2732.583424735973,1397.2021017703607,284.6543069872444
2810.138380081169,1421.9089274350947,266.7560419315591
2822.5887692937345,1429.0942329640686,284.6325024265575
2801.9924652075165,1418.827036277701,277.2273269883518
2791.889042548922,1424.9879187340437,277.93552778419934
2891.445481621859,1414.8726944359876,288.5759590546066
2807.2918133120984,1404.4537887622412,281.066540799345
2840.2845736961126,1420.0169132128565,282.2385067393255
2807.146106284498,1426.803783769852,279.7571994259022
2745.106185587266,1406.7561187439235,283.8182129194117
2827.494384095101,1415.3477272367816,288.0900528647744
2767.21013442651,1417.528835990956,267.6246735846348
2795.4506930980383,1448.5140764528494,285.4230899536812
2815.2701340946714,1422.233711947199,287.7351653193768
2702.9290966556678,1400.9442642113622,282.505316239503
2719.5248938054137,1398.471490981578,276.61318788647577
2845.472958624878,1427.3049883026374,274.2386377604991
2766.812677670053,1444.8503197599653,291.8092284345663
2769.1839005445568,1417.190255153993,275.4750815668857
2808.321919868541,1416.591804079415,287.58820785528127
2780.7163701439067,1424.3077417619759,281.95255662237884
2820.8794190821395,1412.0170359165488,290.2291540300741
2797.443910563348,1394.5584537957134,278.40869917845066
2809.9301475090224,1430.372643892757,271.96209538191556
2764.9070804878875,1413.8681787159817,280.0108542359797
2809.6797411640464,1430.5011786582138,272.5677618104979
2855.254454341772,1412.3901320968932,293.385302656038
2771.61258919429,1421.2177912746054,283.14749112040437
2845.7659150136074,1428.548319474887,283.8906522467723
2797.4219840838678,1430.7035095107187,283.89385141513026
2836.7240827988967,1422.3298866748141,276.5320515968834
2806.4385659176555,1421.83239095799,279.3398475374147
2798.329453995104,1426.197061801791,280.55182315679883
2817.4864841038184,1424.6416953439416,289.7194423170973
2860.6798781151124,1407.088194658287,274.2145410070883
2811.804864710754,1407.2791764569615,276.357080551226
2823.9265415454197,1398.9094089697912,278.1853444688699
2781.575754321165,1427.6650800083964,276.6317667044468
2878.544323699751,1416.04270226289,272.70536772741224
2832.0168555464834,1428.2019724537631,266.4764773978754
2803.8854230012503,1424.0371057345449,270.86577767164385
2793.8673163872663,1409.9757331842902,285.49514966290747
2848.8954134636556,1418.7977756646521,279.9589054951039
2769.689796147737,1415.4517794833591,284.1776945812704
2710.856249186433,1413.9077651973644,277.0874320204582
2803.6199799712226,1429.1528732549327,279.50832169870455
2859.5002286557174,1445.1074347054766,288.0657875047944
2879.5654405592336,1431.1620364174355,287.76361302828707
2794.635302828306,1419.730436326426,284.7098606629614
2802.179383197089,1432.5950775995611,281.0120889364521
2825.976521625798,1437.129026503108,282.5898471377462
2786.7825290568117,1406.0762921768971,281.853191493227
2825.8202974195574,1432.2485476136253,279.16536603172943
2795.7299124465867,1427.696820187432,277.978150952798
2850.568412859509,1431.881190566565,285.61183972650565
2836.1490256548914,1428.132874560169,273.5218622555193
2840.5113916151217,1417.7227099246586,287.4367913862432
2789.7341177598955,1440.3287064418278,278.62278596626095
2896.296366025113,1423.3959860858215,273.42973247651156
2824.1955971189736,1415.6567297930574,277.27247571151696
2812.3647026743415,1425.0597801504036,275.6279605645436
2761.9528509716515,1429.7239590172785,277.12162823948074
2795.146408992572,1420.94761075862,277.03023240656415
2805.7189880351316,1423.9313638352223,276.8315261431239
2760.616135178785,1420.8836708210365,278.46021465930085
2785.384142711546,1413.3992426689936,279.6761333396946
2791.7099990948495,1411.7817554137223,283.81929817590486
2802.796033046161,1405.9718371342842,278.7752368400645
2711.8646504979197,1435.1802003404675,281.63010403313797
2793.2364729647866,1417.7658275187034,280.0376565602427
2781.1326908460032,1385.724248982447,282.7029038524648
2798.955792518755,1423.9653307927952,280.2333766982793
2851.7638283090128,1423.7582710450731,276.76589112341514
2902.61977460606,1401.334323171696,275.40900173679705
2833.9188599822314,1411.6760379166674,281.05114799252107
2738.2788913966833,1411.2371096543907,286.3668924495032
2782.729652408373,1412.5773230920772,278.85437686495135
2829.7981654415544,1432.1277586170356,276.49568173085896
2824.1645248214513,1418.5112245193316,278.71914662364213
2849.366286772654,1415.7276511518385,277.19302744548753
2795.13245028547,1431.223899422206,276.6650974044404
2781.8249877817248,1424.953477451837,272.78202709249877
2887.621200195802,1402.5902174202345,278.77795856869056
2802.933530168482,1413.833763608321,281.17888576921695
2749.1662811989445,1423.2196208713394,274.59047921400975
2873.756682851646,1410.6610986598796,275.6083012486607
2725.195225430278,1440.2955478842114,275.2596900275589
2625.2477388755697,1421.1287876365259,273.066610164769
2838.4693379018786,1412.4662366042248,275.2220394818037
2845.5350485512317,1408.7705635666396,279.0107178558702
2820.7006470972347,1429.275275880357,273.2897109697758
2734.8771958003977,1413.5213806300603,279.3122876626758
2797.056507237884,1423.799241782917,276.4826660376979
2786.0915713223067,1408.4848064312557,275.35508970589854
2773.1355494553804,1420.701977915245,281.8860440818657
2870.603471540464,1413.6411410211654,276.7993719734305
2747.6666970684155,1416.8460558652494,277.6499306696617
2815.80522265532,1412.0371919961453,286.4900340500011
2859.7023491831287,1430.2562627780826,275.39972183129015
2819.072076265952,1415.0899602487568,287.8293727379618
2862.0559186247688,1418.565428050803,278.26104435473667
2828.1857361214466,1419.0485771920125,274.3193268356402
2821.4674835246014,1436.1227012163363,277.2302582946899
2818.3417434416074,1428.903085873914,280.34387453311183
2830.6721633325074,1427.9068075827795,286.27251929920357
2780.723045129387,1404.221133769737,283.9941240428164
2734.9063074063606,1413.4360761239745,280.31953424917856
2847.7021705731654,1431.8861871582892,286.2997799074456
2858.0871150252883,1408.2906918457836,270.5948147606626
2812.598940545302,1420.8401354812172,281.2472076502993
2772.5812190182814,1409.347384957392,281.549698633128
2722.114144173518,1410.3509274459059,281.61071233789494
2804.2903549961693,1436.807856528642,271.94924417005643
2732.5524827641016,1427.192706415764,274.91543799160763
2725.5506248681036,1429.831402277946,279.16762788921136
2798.9634235992153,1427.8374148016378,285.5739575248074
2761.811524940599,1418.6071163777049,289.5763224785883
2817.2654778082383,1413.0840329209611,276.67782374208286
2792.035219871906,1415.979097405825,273.4507660401445
2769.6682716888695,1418.0817354561325,284.0788071821256
2714.7542459635515,1437.7628606932792,293.0718500565044
2757.355593708482,1406.6364356897047,285.53470316650595
2759.1931754974453,1414.463385513812,276.2568363800299
2738.734616324252,1410.870366336946,294.30569646608603
2783.547785237881,1430.5662319752048,283.43399810234456
2742.6374004412673,1438.537882593391,276.04493393204154
2791.812862635439,1423.087863598264,289.6715108316886
2812.020560683433,1423.9101583484357,275.6500409430058
2758.691502280541,1420.9132092304194,276.8945574066903
2821.2704314709295,1424.3747898928114,283.6331041117056
2731.932106437615,1427.7315516235763,279.87547341055375
2744.3911300801856,1424.2564051288682,280.18503566002386
2794.3391351187615,1424.988343282783,280.193457508214
2834.352054594432,1427.7541436349388,285.5723996293508
2843.3699770744633,1402.2172189874493,268.3780468014419
2880.619531107878,1420.0200893014573,281.4225694294324
2781.1705562591246,1423.0520904208452,278.54898311459743
2793.6249340660847,1424.1614818051928,276.2375198373469
2748.3662235491006,1418.2911373821605,276.22431791033335
2737.311683400449,1421.6075149979715,266.8144516539039
2811.428604316376,1412.8009359531923,276.00790948199403
2761.206425027688,1402.2515526430227,286.45231362469667
2861.6189600008647,1429.8313710130565,284.1602743901377
2726.8807134066305,1408.656283966805,279.0430911880275
2824.317660291235,1418.3954613688625,272.9437213907967
2749.7130380591484,1412.50870367098,284.10934886129564
2758.9775766613957,1435.8700927987609,286.54924205830207
2826.9556032626015,1419.203552854913,285.1709733539883
2766.2059781946045,1416.8954353711792,275.15637222506814
2774.210796624005,1427.47865868726,275.6756065956866
2759.3920818224215,1441.564741676082,288.2795562942211
2889.251489580672,1424.056895270581,273.9536447925152
2769.1256844459995,1416.2258053836817,282.39106682757784
2802.577610871638,1426.9659398135468,271.111319264634
2789.904319985946,1404.2732093141844,278.49842316313044
2811.070853086213,1420.464292600644,282.9257520036718
2769.2631526517034,1439.9395765495642,279.85017021428945
2789.9591382729177,1421.5774739668577,282.6195666052755
2819.697600449697,1421.0777765615765,273.8689746217313
2756.8496430998503,1420.206365403575,275.8999901775217
2854.4660678314076,1416.045237195738,282.40909189249436
2859.2740259520815,1423.1449067236488,283.4844407102619
2830.324631307937,1427.752730116603,281.0990642653143
2803.493819179824,1416.6817994750922,284.7352887082916
2650.4699275897733,1395.092482616992,271.7139603071436
2821.214556632723,1424.6561750527876,277.6690102482657
2780.433479738557,1441.331260765201,289.1134188661309
2787.686279429123,1416.2373859194388,286.4173441449686
2705.1311334738593,1405.288366172434,283.1681908250377
2824.6794242937094,1426.7741298473247,279.2231651332225
2727.570947658652,1437.43832264184,285.1740781417498
2805.9212272995696,1425.2937356971524,282.14570759830804
2845.232874095492,1437.247000541665,272.41279817696386
2776.5335909341225,1427.9366854562572,284.97881223528066
2860.802586261422,1427.068509856777,275.6697829283888
2762.650481089641,1414.819993172579,283.7984412500909
2830.0216538365503,1422.854068907532,271.9201360562785
2734.7607124270735,1419.7052904328223,287.995096660501
2851.5565217340263,1419.3626427943334,278.6255181059894
2843.7995191289647,1417.4613487204892,274.4533183388941
2823.4178961481866,1422.2561346745856,276.55747383464615
2780.3357931693095,1407.0365501586327,278.3157545134315
2729.8999688285944,1428.1171839928159,279.97115141786367
2780.467984239027,1411.222547072198,286.59072818169835
2855.515358787406,1417.4972877499529,280.350713082387
2806.4980935784556,1423.3055989303516,269.1454160113874
2722.3481535243777,1410.7272658160448,273.85130743915545
2743.763618029003,1400.3353693769475,293.7876739620805
2862.6575700426138,1416.169533223025,280.6769439783146
2824.3956376063943,1405.689025074163,284.75395057005244
2738.2999939630035,1427.1231093267047,278.4582693025308
2711.70842519127,1408.4649642745787,274.9769434289657
2768.747893269997,1434.8515556370917,277.593588888091
2707.432064600504,1419.9420711076477,280.641630420292
2792.20827549965,1420.5917419459422,277.69881831386465
2922.5812685918154,1400.1936867145535,289.5923388326488
2720.1521962150414,1421.4486262885052,276.9187360288669
2790.698716839689,1419.1982008312675,274.7258219487487
2865.5963287665627,1407.0091096507454,284.04401379851157
2837.454392915005,1420.872683387968,284.6600125192247
2792.562964260043,1416.0207698919257,280.14988560769245
2792.68256649159,1417.8321218210465,276.9892818872964
2742.204510878771,1420.2588176219404,270.4967059291349
2786.6172114997225,1415.285457868418,286.10360761222057
2812.1720357120066,1422.4645662694886,284.34280454960856
2855.2556771637046,1419.1344451764903,277.80055840125453
2768.991218824262,1424.7276846838658,280.29786239214866
2790.508243596827,1414.7132540602802,278.86661408739195
2752.539325962166,1409.3508024706605,288.1436512064317
2811.2662589770252,1412.9113147156186,274.8104084852289
2839.1889725154483,1434.4265676885177,276.8996925299004
2831.482400671495,1429.5596652620675,276.41636880468013
2741.4906462278823,1432.133791325991,281.55080643221135
2807.3431604728207,1432.827139581702,280.28064726848635
2766.1343735874907,1415.336819428268,281.00034081731405
2850.552500782642,1422.9581193540846,275.59696437229417
2791.934363861323,1420.7583900284797,287.42448415205195
2724.0243330879457,1426.5953852559142,277.7297744638938
2789.0098647196132,1417.1083175476904,285.9379497469826
2822.923628459944,1420.92974157091,295.6955699864067
2812.20030315714,1420.7227147761969,275.6333197309281
2774.410199317401,1425.322623999157,281.7119244993565
2770.7363305064428,1426.557172210716,279.3419818087204
2750.6247800891842,1420.936710323402,290.1544077746141
2780.2625189832347,1421.2399078406581,278.5967303625745
2757.21605167371,1422.258980207487,281.2434573875904
2848.504299308866,1436.4655142062304,281.1343415975566
2754.943130463419,1402.7000220868306,279.4980061502608
2806.11422311811,1410.303203387822,283.7773688393342
2802.715195166317,1426.7367959644594,280.46698200227524
2847.2833723942454,1422.697843988391,282.4092586902254
2854.4684144479183,1422.6274955015087,281.0680135242848
2834.7984971640662,1426.6749549871336,276.97731137144683
2817.6464171645066,1422.1399289312376,278.65518970137396
2747.567692695297,1414.4071752155078,282.7771142637148
2746.556495613087,1426.2880914010825,282.7568015095167
2757.7154590117525,1420.2088716299909,286.2250452440585
2837.596049981396,1415.5242282111044,289.29622073919336
2803.6664964125316,1426.9036062457792,277.39465561379495
2843.4328620367783,1426.51033858282,280.6743707913982
2850.1401367160042,1422.147664916008,279.032970952241
2763.7024049850374,1437.1711915399455,274.4634618130056
2801.603716377859,1433.268267347703,282.8227756940221
2799.3503160658206,1430.018571940538,283.8891858200293
2783.610615518789,1445.6636557280874,274.61504386906745
2773.2578572737643,1418.5353659800228,278.1275033041234
2859.237775170553,1415.3519967068391,277.63955238785326
2802.598586335775,1428.6036309930337,272.45787648387414
2800.6572394279883,1417.473657020057,279.8181133491744
2759.8611162565703,1420.1192771564781,274.27379161780715
2833.760621520675,1410.140800342497,280.79496845627665
2749.7446249580994,1426.0665945771314,281.34560762479896
2822.745276442234,1405.2899275446239,281.96511391652365
2824.111468002758,1419.0356177884064,282.2066108886494
2779.3742475338217,1419.8464426248424,287.6547035829877
2815.882604059159,1415.6396115758016,275.9567692959221
2809.2834779522245,1402.427852413385,276.2075909199138
2798.0319687594924,1402.3536890622554,283.27581948588073
2800.6471990072614,1412.538275933282,279.34009237342144
2803.089091159676,1425.3905032876207,285.6266330352914
2806.4955836336026,1422.8892486144193,282.8084439618302
2803.0121015671853,1419.8356464116887,289.59055664146433
2744.806790489393,1411.1541151398253,279.54335775113657
2792.3894524497196,1423.4113222126111,272.5898021400671
2813.2474300598437,1402.0097072196108,281.7033070998957
2804.8644364269644,1396.0345051762802,279.6416292104296
2847.687512969757,1417.56928448785,282.67243743257285
2831.0043294749726,1414.5394861990296,283.313035933376
2756.4795232473434,1430.1317129764745,277.3272574245204
2791.66864459728,1421.5798377777282,274.9549717073742
2784.4331673276406,1436.5073530999985,279.2702832499381
2799.7825756686407,1414.5178493130454,268.09404232112774
2799.850930008065,1424.8677229152215,280.4033362939311
2830.5760834619923,1417.4772287058438,277.96280962431916
2808.866418157057,1433.8171972413113,284.3083752224634
2861.5272502604275,1417.9594955287591,270.0707573322844
2812.050156883118,1428.5440678014577,280.03172654900317
2758.4704739831363,1409.2238103547584,287.8811214235857
2776.635968991589,1415.8478735686795,283.3770066397551
2830.1894535365877,1419.1595658807253,284.9033599784393
2719.2915867747156,1432.634175399628,281.6986676131497
2732.7059792619975,1398.0281305899196,271.69232965049673
2800.5348603562616,1416.6735555355422,280.8326458655124
2847.5461059260583,1416.335198735727,282.04244680032
2865.3517715977437,1399.2302647760562,274.6088772790461
2789.1447126489115,1415.359642392532,279.36723078320335
2853.0414343492944,1404.593328688087,265.4946468547804
2803.613395488445,1396.693365219626,278.32950912029094
2723.4292508878384,1417.3768717150467,277.8181202859185
2799.5961731760817,1417.0385487919614,287.01119677806673
2769.0545937689226,1417.5504641704067,276.98388448685654
2845.911544023887,1422.5285824589835,278.6682147070226
2798.716236982276,1411.2060317678631,279.60385611361596
2736.1043446721765,1437.908560134459,277.0483998803481
2725.014259454572,1419.667059918685,283.5989571091608
2798.9510021292776,1432.864304630615,270.0380399307156
2678.9891264270145,1403.2010075851128,285.6828835207206
2774.091735508605,1411.6547034990813,279.94060940842064
2811.551516287142,1426.8631480504423,286.50823567397714
2747.1491747972323,1417.7343572432208,266.26383928942863
2849.6993578452666,1409.2682061262703,267.81885339694446
2859.5503274875346,1401.6137010135592,278.5401072020725
2749.1649523624023,1427.3320367224037,282.5295769400028
2785.097791290176,1426.5160225494885,277.2253364199841
2849.7346575660736,1422.4332069141922,282.9192291504126
2799.9346232872454,1415.0409380921408,284.90654878721483
2730.276071095049,1408.869099723702,283.3299977351068
2792.8339465717822,1419.470184601033,280.5163425219004
2757.353583885208,1406.846813963546,280.47801424827026
2855.409894821294,1412.484159194354,276.9260245680581
2830.2966047162295,1432.6125058139955,279.72312837898113
2784.3121527367184,1401.491642368686,274.87884556382636
2807.107400626502,1426.7752782690036,276.0763526631947
2734.5939211513755,1434.9419595144916,282.57182099773377
2762.3111270721192,1428.1625971938265,277.6855943423433
2877.663959384625,1423.982128784265,276.3121905291533
2802.6757326289835,1415.3642715382887,282.24615506592494
2846.504290239568,1413.5411194556598,281.8994982846521
2811.6006544204015,1397.5186913393668,278.92350207275695
2865.714092151476,1420.3700668026731,279.25532284639183
2700.058123370039,1415.977595512709,282.07973944939954
2790.58912079905,1413.019655913181,284.84478558191944
2882.2390823108194,1419.79918971121,281.0054282957688
2847.808671778032,1420.6236948020467,274.03983044811446
2866.2686129395097,1413.6444270263294,278.89286253618275
2799.6617703171755,1436.130807834768,277.9642508110329
2773.144679229331,1427.3060277911243,274.7350694681278
2748.6417770156036,1428.9627855837327,282.4896638280105
2745.1535954169244,1418.966972163606,282.8742628969767
2840.353028110426,1425.1123573226114,283.6310421085298
2825.6605525210425,1411.0429539940144,275.04543522958954
2796.671327533482,1426.662585402503,280.78725468539585
2825.409532742584,1417.9559739268625,279.96862383577934
2807.122587952603,1409.7801646498567,281.5370154667094
2848.1108850699743,1419.7723332878077,280.648632457491
2847.6343377454086,1417.079459697501,279.9372702754185
2746.706294975758,1443.2306932722092,279.33638120262725
2813.6822993734895,1424.353942484799,285.5342030501276
2716.556662490296,1435.7971746744822,275.6909299624036
2806.65103690453,1431.3128710635872,279.1341456461748
2830.215213985079,1420.377805997975,285.4068533340298
2734.314032760342,1415.5628079706996,275.944720379843
2779.176863226958,1402.5977341879968,276.1995603612801
2800.47631886099,1411.2905644933526,283.66970472225904
2811.6957458186694,1426.627534577542,272.8804307967648
2786.0698148387582,1416.978696148793,283.3031556151325
2741.3855923797664,1423.7582032573844,277.55182710376516
2797.299639904037,1399.6972484865266,282.0500030776021
2717.387821652951,1424.5351484909738,273.89632716472187
2788.367928165893,1430.9648155719929,285.92538133279186
2777.9313193151534,1402.2424171019375,273.9138067505523
2793.286716328029,1423.715639063568,283.62475176773324
2772.033901126216,1433.4353465360846,274.1226880811201
2724.61595809219,1436.8008664933946,289.04150435544534
2781.6828339705244,1414.9650092914203,279.64309109072434
2846.541006251866,1427.7993034461153,289.7542854749849
2863.07304019944,1434.297898200054,275.9055625629467
2921.9667139359635,1424.0138139078038,277.78674651975604
2884.582520419883,1432.8507758899682,286.05359601866087
2740.1531036665947,1419.641383466617,272.8690198911244
2779.578119936367,1423.943141437708,276.5036667206503
2798.8607182581113,1413.783907735378,282.47534214844666
2795.722008288315,1418.3539984232625,274.9060971165183
2803.476666494811,1424.3371616987636,282.60908711009523
2920.379571077378,1413.0338067495422,280.8520219251086
2745.89742271038,1417.7641362685924,272.4317718812891
2764.323443189285,1427.608736809468,284.83884393991735
2882.191296504455,1440.525575331761,273.68783453402716
2769.2009328457575,1399.5056150835142,283.85639548486466
2819.679032516786,1439.7657666732362,280.6423769912214
2851.7328684934105,1417.4012823557723,277.7249376764713
2824.3249508366016,1429.6489986902739,274.4729873751956
2809.588281655125,1431.6109269999174,281.64634662704077
2846.9305384846994,1435.6449677394055,275.63737603261234
2755.3465721747516,1412.7203813527021,286.0397673802629
2775.1818435252,1417.747286918822,286.222253046517
2826.781879423258,1419.464039010471,288.21017010493
2696.5280370392875,1416.4256615750267,281.4044871853765
2870.8291911672345,1433.1876097483914,277.97845097250814
2815.169618759889,1419.2317229898854,278.5154870966467
2807.6515876390577,1403.8145233519163,278.14956208598875
2718.474356117947,1413.6698617768623,281.24002769164554
2735.669543730013,1404.2159997330311,282.183036277943
2780.070816784957,1417.7166121330665,286.1578218300845
2840.37149251478,1426.7254967456793,280.10061707798013
2696.169199390071,1413.455233276963,272.9838633473322
2839.4182400388677,1415.9696703536542,277.96289536769046
2781.9984337945816,1417.252347076618,287.7792589002826
2788.8288263629174,1421.4074249383525,272.2171071476399
2812.67964708454,1425.1608277863552,283.6957498020069
2813.4658618923204,1428.0725542793537,278.04713443208277
2764.37857050317,1442.5551698293652,275.5826784480024
2831.245504423442,1421.2349593100007,281.9780552455606
2684.030093005178,1427.357930539797,287.80476512811384
2777.479055671617,1404.1244325232174,281.70222088391586
2807.684088158845,1416.2081701443446,278.6872789497938
2782.7525342392764,1417.2958310653792,273.51975380196814
2708.654484801701,1409.826851110129,279.5057541944863
2837.9013689380236,1414.6400726863246,273.3392508985528
2737.5806093936476,1418.9251528234438,278.45037889289887
2796.6242996235856,1414.953366258352,279.684711758042
2807.6517298533813,1446.0183418783815,268.1972925464476
2800.991357688268,1425.1227534157772,286.9416110229394
2858.4505462931907,1440.0102273885934,273.8073926343978
2797.3368720003155,1434.9265117883401,279.07020399414654
2821.372770234847,1413.6075386654961,282.66916622906257
2797.204798342438,1420.375604674198,286.5427485908959
2830.6478042083136,1415.6517537892541,276.0392349681358
2869.674764852376,1418.3817724071366,267.45407369513555
2806.8770914736097,1410.2356633081126,285.3933185800564
2839.09251787915,1415.5846467082977,273.75252556786893
2872.76644674411,1423.5951888153324,281.7972162179186
2867.8592123487138,1423.331220569422,282.1079485006782
2780.7355298194393,1422.5340366521627,263.73985283664206
2851.821617787258,1419.4032517511644,271.9258161422778
2812.4385580023595,1428.6074242523694,277.69594396641435
2855.8614998866956,1417.4295697392147,267.0793604053038
2828.4317291781476,1433.9155233976162,273.30974361871296
2813.7834038018095,1401.5240244298243,280.6143928006333
2821.698604017318,1426.5681102397575,279.55758173954365
2812.7618978019464,1424.8837111224736,281.51327215322135
2814.7166522568255,1413.2543344274845,282.24610489364426
2792.0583819709045,1416.4476897314473,271.5908521651019
2787.413782969624,1424.6479093910905,273.5757586829368
2888.1587464686336,1429.1593524714874,283.80683094756023
2823.876395555559,1402.5053683166889,287.6216512050134
3464.1684423605375,1782.8530758456782,343.95369969461115
3482.6614105356475,1769.2793601805306,351.618159963106
3566.016153340497,1789.066122178732,355.0442680832118
3453.988330619461,1752.0090598272977,351.484722607433
3407.3732698868116,1805.566237064015,348.44521059111884
3411.9719287123726,1763.9232508373238,345.9959375346938
3391.939024987201,1792.874514834871,362.4079325297846
3418.8240713584714,1774.1351922533397,350.6013065095436
3426.19587876245,1764.7666657849984,352.43088769510797
3586.577336225509,1778.3139250672675,352.0270005046682
3497.1137992087956,1787.8640680619546,344.9223849562449
3477.2960288039553,1755.5911899906905,350.3176313957144
3409.7866835613395,1783.7698606160875,347.9859832007619
3491.054600158041,1774.8477687667864,347.87407755519445
3391.416996089738,1782.2130510320792,351.98099463136725
3476.911426794602,1775.1371919667372,344.2772314172791
3629.0308993652297,1767.8516395155668,342.4700723699766
3541.4877236691477,1761.0859593578516,353.14203162753387
3486.8876149778416,1783.4080639005879,346.67743379607083
3543.632725337897,1783.3408999024855,347.84365174827036
3467.403551367027,1783.2784030961352,337.9450215457709
3449.9576410700506,1780.344953993007,356.019267388604
3606.5081018458027,1786.8087358979935,353.2751013244731
3428.6078341299826,1792.5758659971207,354.42542990819896
3477.867422770166,1751.5447769074185,352.42078512748594
3519.1270801477194,1745.7275319516364,340.5252690394359
3441.48536214016,1796.4743419984957,351.4312435292447
3540.662809601963,1758.236918567685,346.1929156103441
3480.8378422098594,1761.4219589151298,343.9821430922904
3541.4943954729283,1771.4048211015634,353.12530150903575
3536.6240112344076,1754.3253552660863,360.36568072970425
3484.8117418358856,1770.2301662836544,359.3333713684771
3606.9161670369367,1763.1486831984669,353.88840636569137
3458.4165122854097,1772.0832391287875,349.81107400338004
3584.304404409296,1778.498016311339,348.65286049425674
3573.4333276642524,1770.7057721821302,344.34685258472985
3610.6801379787776,1770.0744089325358,348.31416760183333
3510.878502458939,1778.2249474598957,355.6782747474259
3450.7133930045006,1788.0536474743744,361.39461957515584
3629.7997865830966,1795.0370543365207,344.89699183147474
3479.081158251477,1772.2682718249723,337.5311657208019
3449.1535892059037,1797.8111143990404,346.6820375242981
3488.138328380949,1785.9588354345155,355.6497132054446
3438.644330240182,1759.5998943253353,362.95173306661917
3532.884301570209,1759.234896804829,358.18775754160504
3462.145726140093,1767.7839018674667,358.0330325773649
3482.0322393809456,1793.0575497919967,344.6902477895329
3560.48617885406,1768.7329085554306,344.8663164153187
3538.980825636012,1751.3455396936715,341.7261897670862
3500.9740357856035,1772.1389473889035,345.8407516492161
