vibration_rms,power_deviation_pct,temperature_delta,current_deviation,operating_hours,health_score
1.6493267459033698,-0.6354311897007215,4.322060825068334,-0.07171160822946454,100.0,78.73371682091874
1.458848264707566,-0.6799027925365001,4.695082857051097,-0.01632795187015497,102.38047609521904,79.58683261542157
1.694649525714703,-2.693236116088692,4.403228653238404,0.03214743929379084,104.76095219043809,73.10487052420304
1.9572676845991293,-0.4948961357676749,5.111055785038069,0.47343073082308995,107.14142828565713,75.43803450623068
1.4301288328185997,1.099493519556351,6.1978449229918695,-0.3736086542433718,109.52190438087618,76.51346815407251
1.4301502298763777,-1.9110873006411049,4.229653517456363,-0.42317349575632995,111.90238047609522,77.43659963320167
1.974171987505533,1.5729960718114324,6.001546085063198,0.6183098710714876,114.28285657131427,71.27181479283236
1.7306557416580246,0.7319457802346085,4.219084057274715,-0.2313223709406491,116.66333266653331,77.9962635302372
1.359600541357155,-1.1010547448647963,4.153160089081144,-0.6315176767885331,119.04380876175236,80.14081867335905
1.6632287586055714,-0.21198729232024976,5.81941372150727,-0.24256497104993502,121.4242848569714,77.4350811180939
1.3614536802448371,2.3978020368539332,5.9227879123873075,-0.1650263676220004,123.80476095219043,74.2296835973255
1.3607786587429453,1.1006534434681468,5.8522945319875825,0.7774813638628825,126.18523704740949,77.5836953234047
1.5731052171759312,0.01351983948463574,3.6851208774816295,0.4624131061883686,128.56571314262854,81.85367734765852
0.926551767367533,-0.3561677482648949,4.535001627732166,0.5737603083161211,130.94618923784756,84.89466404879926
0.9830801502363663,0.11528393900434017,5.8239761475415905,0.409986821173393,133.32666533306661,83.11118472928584
1.3318892546100407,-0.7672616613252335,5.042564975465819,0.47312183580765704,135.70714142828567,79.86288434660787
1.196746544840714,-3.1567270046178275,3.92736649769772,-0.34404106329015904,138.08761752350472,76.64316038318313
1.5948908024449846,3.0636779342463645,5.459414121643491,-0.09930107767674218,140.46809361872374,71.39255756235897
1.228230455902053,0.23341261783804634,4.286326391779047,-0.4949576565117744,142.8485697139428,83.1611352205199
1.076967998216495,0.5976603034285274,6.795696597044803,-0.10524401526851668,145.22904580916185,79.69656036012952
1.9403755235188673,-0.08640769625376225,6.5460519385825275,0.3420524954673705,147.60952190438087,74.44189866334087
1.432970141088412,-1.1022065135973003,5.6053472596611185,0.0672916424061234,149.98999799959992,77.37270169780777
1.5209839851993734,-0.2784030388944919,6.3622965248462116,0.6557404094801476,152.37047409481897,77.59267573389947
1.0733239146542355,-2.3985932296126182,5.06612178660031,-0.5707078961136096,154.750950190038,77.81774292883411
1.3374567540526465,3.416144128020091,5.76680917688204,0.25011917534911987,157.13142628525705,72.10977188220554
1.5340719033817423,-1.8512379133210726,6.4791338534688,-0.624151400934659,159.5119023804761,73.38062920944017
1.1555209624673253,-1.5474034019747585,5.246954745250342,0.04708823458682114,161.89237847569515,79.016891677449
1.613552704589604,-0.659826607188999,4.746312026860654,0.3701667112782394,164.2728545709142,78.32254380501969
1.3206763096687997,1.9326921983748604,3.296921004746335,-0.10725128341210961,166.65333066613323,79.65747751959294
1.4133847634316494,0.022358757807069415,4.9184538313800745,0.27556330204347795,169.03380676135228,81.25934425095902
1.320406230592657,-1.8535915512047096,5.825055565471602,-0.47986616741646704,171.41428285657133,76.06518792903957
2.0566273496726533,1.882136804015991,5.947311461914247,-0.8318449890981915,173.79475895179036,69.92067199970742
1.4969207611237407,1.0971475592083029,5.506089383131958,0.27851481124390154,176.1752350470094,77.02263093829137
1.183683038250152,0.80831664711596,4.460472135147844,0.8720051170378663,178.55571114222846,81.81903587348711
1.7477865331263325,1.0742834014198444,3.024997203488633,-0.49802247008494605,180.93618723744748,78.79450342620677
1.1347970612291751,3.592242955020664,4.506651846387233,0.6110970900533976,183.31666333266654,75.1810383530341
1.5637366856136674,3.278360747295662,4.697570874923366,0.021711704408205506,185.6971394278856,72.24784833446645
0.9132043750067191,-1.0293360730578416,4.689036210002256,-0.667845760846538,188.0776155231046,83.08747050229826
1.1026777567261863,2.4365832034805384,5.620571595014752,-0.5657526506760813,190.4580916183237,76.65626254496703
1.5602204555481687,0.5755270078299716,6.98774233952583,0.007892386680325027,192.83856771354272,75.59780532675097
1.7227309263444233,0.7494376924371575,5.125646450455848,-0.20223114396205183,195.21904380876177,76.65608868246795
1.5526306584278124,-2.5375927980844453,4.785437409191665,-0.6564564883791195,197.59951990398082,74.0568166235789
1.466555265246023,-0.25474548144063064,4.74299996470701,-0.8470196406127025,199.97999599919984,80.51619422736972
1.4109485713440346,-1.2183822654909666,5.1266597536113965,-0.42335966396325303,202.3604720944189,77.97646613510321
1.0577533671355714,1.2429615318371636,4.174035064977468,0.09690450416555912,204.74094818963795,82.16951663585633
1.2853873401190183,1.607514485695828,5.12258185232371,-0.003200376301569017,207.12142428485697,78.01424228632271
1.3631799639077782,-3.110815129727324,5.453250727790848,-0.25061897875003913,209.50190038007602,73.1376463727332
1.8185396097863251,-0.03211700139263862,5.212180182544534,0.10094359714574139,211.88237647529508,77.553120344411
1.6045201296827776,1.683748685732871,5.460092410115428,0.5200133599313438,214.2628525705141,74.76432863303246
0.9725546512616601,-0.27904064488984726,5.436355072229389,0.19706325521707393,216.64332866573315,83.36742856933802
1.5987242979138123,1.094594872233796,3.230768397034221,-0.06065433569479033,219.0238047609522,79.62756584055367
1.3860071863620251,0.527769448431906,5.639593483705483,0.4640360033303444,221.40428085617123,79.13312866246581
1.2984883879533309,0.5135336732923519,4.3317673553066465,-0.4799251511081475,223.7847569513903,81.83060768018251
1.68510134642223,-0.4059068272557998,3.907002543253766,-0.1124597697776758,226.16523304660933,79.643918345602
1.8109321424102585,-1.8237830157625823,3.8984500133209563,-0.10054396780018407,228.54570914182838,75.10541030133004
1.7810505014544888,-1.6811842439911215,5.436504216196314,-0.6184766292214227,230.92618523704743,73.39387905409181
1.249935742977646,1.0651627716459342,4.78044907267637,-0.20993708114217888,233.30666133226646,80.16693351804943
1.4089721755805344,0.030344642168923894,3.3211172397228537,-1.0374798404476515,235.6871374274855,83.67068513034914
1.6011501603150815,-0.20658761298149553,5.481186492337194,0.9560890238314768,238.06761352270456,78.45254994651981
1.794470265755486,-0.6346305784043432,3.563603829412334,-0.4687068942181565,240.44808961792359,78.71225568382675
1.35809040715661,-0.45655481588099633,5.1430972314252275,0.7930570657106559,242.82856571314264,80.27924385590678
1.446181290569123,1.5716203474443877,5.241839340905531,0.019042252859746225,245.2090418083617,76.63873979547775
1.1700151505911829,-0.5015890276067124,5.888982668882585,0.28243206607797944,247.58951790358074,80.55243222292988
1.1430906689601663,-2.010295299162775,6.78515617523906,-0.24439989917546578,249.96999399879977,75.65180213755315
1.7457477704606554,1.1168043458051906,3.6388614940859405,0.10396484598083718,252.35047009401882,77.78371473067287
1.908899754038324,-0.30596316548569114,4.951131024767309,0.325244819994218,254.73094618923787,76.53719751682821
1.4804627848843104,0.048471012538105006,4.7273372762596235,0.3322762071970911,257.1114222844569,80.94411427519083
1.8031641207840037,2.4127702938768634,5.43749057736789,0.3873866950371786,259.49189837967594,71.38652543298397
1.6106338431553253,-0.02941214559840412,5.219478612073236,-0.18416635501958817,261.87237447489497,79.21218097265154
1.3086462476507887,0.4352302923663053,4.651333177765292,-0.24017983624567754,264.25285057011405,81.46575452123
1.6106403482427936,-1.7669041258873084,4.563047440882957,-0.7970881626338018,266.6333266653331,75.85304573801494
1.9636724832546562,-0.3279965029831966,3.887569612931269,0.26160950558846835,269.01380276055215,77.63927445710786
1.4915539024731284,0.9158235439503111,5.991953518772934,0.5411893556617213,271.3942788557712,76.79007964217979
1.9717353660082166,-2.331499087919187,5.463368215846667,0.8079908399589648,273.7747549509902,70.2023170283663
0.716459647261645,0.3028564253326099,5.922004959552592,0.15258631729025388,276.1552310462092,84.62817431924643
1.7489951931923415,0.1528029035537256,4.693913982421863,-0.38323988645428464,278.5357071414283,78.58516022194416
1.5285801799090841,0.06357522300624753,4.347548636972473,-0.8485480716447277,280.9161832366474,81.09109754775301
1.4128058260223835,1.5574103687621272,3.9261436554368054,0.5208333665416752,283.2966593318664,78.91481198676041
1.5300785900139577,0.5033580103083202,5.3634515518354275,-0.8981382833887678,285.67713542708543,78.4557989263644
0.9063223627308552,2.218836538942081,3.964816619224873,-0.17030203887188336,288.05761152230446,81.25510482196064
1.4367345049843376,-1.48862689250066,6.853349418007602,-0.11215341397182295,290.43808761752354,74.50453260186225
1.6098132311802362,0.2056731573119968,3.697120902865159,-0.034727568925509676,292.81856371274256,81.06162990298037
1.9460914157069404,0.12851564777457827,5.278501367718254,0.01790130001792007,295.19903980796164,76.19222750333066
1.3472862335268174,-1.6020368746266789,6.5717743498962955,0.06907377818378753,297.57951590318066,75.35895642037431
1.2602636690320337,1.4363170030703458,5.60408842575268,-1.2076816310392648,299.9599919983997,77.92096550143884
1.35232944188236,3.488914328751041,5.180752032416616,0.007327954935063363,302.3404680936187,72.6879505944386
1.7775223494927264,-0.02357463560434364,4.036674956028512,-1.1147877870559386,304.7209441888378,79.66587218100456
1.6015725604710456,0.7594964507927437,3.6234703271178788,0.3661090365454974,307.10142028405687,79.85347289857296
1.344065034000717,0.12877311047687656,5.775371166927948,-0.27756257790180605,309.4818963792759,80.26249020141015
1.6570195467891762,-1.068350793623984,6.511550470739692,-1.0785183626116752,311.8623724744949,74.30564093551709
1.532209157550575,-2.7290831548722494,4.566636041070562,-0.4071023386926879,314.24284856971394,74.06966479080893
1.7937263199636753,-1.0565716761071753,3.8665079551459756,-0.2850376695923269,316.62332466493297,77.2089983173037
1.2925641788649014,-2.0858175000755255,2.547484093056505,0.5953498087775023,319.00380076015205,80.62371667930722
1.4049291014397274,2.5583049473680486,4.024973370415787,0.0983188708751225,321.3842768553711,76.32734476443838
1.3856432920370139,-0.17048071556708463,4.892166691681691,0.1722224721752901,323.76475295059015,81.15040183726364
1.0642696002612815,-0.5166629371034781,6.605032724749475,0.5906108171103005,326.1452290458092,80.28663676802684
1.5922088687111982,1.3359792609095924,5.679129755507325,-0.04807214396224473,328.5257051410282,75.40368626477544
1.581738422303353,-1.6803454271842413,5.311168676972328,0.37709398051620163,330.9061812362473,75.17847603815409
1.5050052868663377,-1.147981890424429,4.606051449585268,0.34193055696599595,333.2866573314663,78.18092580463032
1.4331448732519212,0.10445574604924172,4.423093861880871,-0.6432347467847062,335.6671334266854,81.63906085604022
1.0789599082068593,1.5455342410165431,6.411996274524823,0.7364917888149147,338.0476095219044,77.88649072001654
1.3774280057165467,0.7549419694506185,5.207176945284886,-0.7101508900353473,340.42808561712343,79.28245561271375
1.4008580734789466,0.37493599939847505,2.903928069744716,0.45868332473892404,342.80856171234245,83.49990330905517
1.2630404277279679,0.1196590085169935,4.333080100537341,-0.7585365184528163,345.18903780756153,83.09690890607776
1.455389429218779,0.6028705451025506,4.148495333061407,0.3006183940758366,347.5695139027806,80.62696520390128
1.6250422881537239,0.3050307117667903,4.460539601683624,0.9309574390750863,349.94998999799964,79.5462755128278
2.069735044029955,-1.542372229720873,5.569807146803833,-0.10648932827510564,352.33046609321866,71.23147835325243
1.5563052142404332,0.07174007937698137,4.899545110011762,-0.12817782142657316,354.7109421884377,80.02089042261645
1.581249938498449,-1.607876440855549,4.930218719719218,0.3052199996584246,357.09141828365676,75.9349813102947
1.4817043516091604,0.1243158985772426,6.320652052594589,-0.1646982279812715,359.4718943788758,78.35459736179172
0.9284604209733414,-0.7182440551903263,4.31081319565874,0.9091393518714107,361.85237047409487,84.31048670074935
1.4961916363189844,3.8118363001434585,6.87156983513846,0.09609612472934785,364.2328465693139,68.19352140638179
1.5222692294934057,-0.05704146462016936,4.33615937131531,-0.16008475411036288,366.6133226645329,81.17500344552937
2.243227521980684,-2.1035227572356505,5.096762442363858,-0.2701427639478416,368.993798759752,69.15022926751962
1.446601674691415,-0.19839700659821904,4.726458563043014,-0.4664742350865103,371.374274854971,80.84150624140861
1.5948295968831412,0.7819483812455371,5.13117983427084,-0.3138774933787448,373.75475095019004,77.58972252041477
1.4940076474954427,2.512993371500129,5.452451867796712,-0.17533669682929823,376.1352270454091,73.58677758959107
1.1538739055117668,-0.8811937220429934,5.441794914395769,-0.24381953674929002,378.51570314062815,80.40333207920473
1.8473806537093957,-2.3706194214655336,4.254942774899224,-0.32908763706855193,380.89617923584717,72.91199205431217
1.7301705658848376,1.228315954532342,3.88524648891475,1.0494206151762198,383.27665533106625,77.25997585321832
1.7419574410822876,-2.0677994875365613,7.511434647740153,-0.5150475382447449,385.6571314262853,69.62768978089007
1.2318891755881725,-0.6510962209101647,4.524380837335614,0.07331629382308738,388.0376075215043,81.73057478701578
1.925601614531297,-0.3832551807661795,5.707680565339484,0.296260504880436,390.4180836167234,75.07552828382495
1.0842662658033086,-0.10123579018950025,3.4009303955052355,0.3150539977918663,392.7985597119424,85.97138480484193
1.6809373303382522,1.0370001537436175,4.7290631951142945,-0.029303537891236,395.1790358071615,76.8664061802635
2.1620758616649955,-1.0221586408149137,4.881581369656671,-0.1203512859236548,397.5595119023805,72.82562445015775
1.2078376022732786,-0.4072615450418177,5.4817012918166945,0.22577374561975325,399.93998799759953,81.09659338148418
1.3351688609887893,-0.01803340951100232,2.2865381787762757,0.13326082498910036,402.3204640928186,85.84375832014777
1.5350136236197012,0.22780907900712127,5.175239660355502,-0.12947941738375668,404.70094018803763,79.38750882299134
1.3541359062489897,0.15019316371778363,3.8594649490478394,-0.7809392858622154,407.08141628325666,83.00223241714187
1.0400403157211027,0.6575015595278314,5.333660102378821,-0.23396186116662376,409.46189237847574,82.03543342184336
1.5258693342064964,1.2692928923057314,3.973093810743505,-0.5732750818537289,411.84236847369476,78.66017237946843
1.1866707785372548,0.5925257685798428,4.154049557683461,-0.3335797750331633,414.2228445689138,82.79424501372716
1.6475014269026913,0.6839940837385856,4.736014518872754,0.016611619258479725,416.60332066413287,78.00598159712288
1.229658586665699,-2.3696775121624896,3.957423164949409,0.1793680719983081,418.9837967593519,78.30240277884407
1.9705286918314573,0.07904046229931778,4.534329322733437,0.8902263756462031,421.36427285457097,77.23667532549989
1.2706352501823328,0.723002147257882,3.816599765471269,-0.2687031894519069,423.74474894979,82.30251298218973
1.4090560047451617,1.0971947649269183,3.176917476491254,0.3873128176375753,426.125225045009,81.21918883498452
1.7497932007080783,-1.034700804352573,6.028158004424341,0.15298001221891827,428.5057011402281,74.37266537681742
1.1365426706239565,-0.9846909352968721,3.714265912605659,0.6479988353198949,430.8861772354471,82.87453242785767
1.5741042301589998,-0.8572401797402234,4.831748000885814,0.288114359797813,433.26665333066614,78.01644370804871
1.8980737144527602,0.8085747752823695,5.763434882681397,-0.5042407136431581,435.6471294258852,74.1488210221499
1.0237509103565865,1.5548188362029494,4.395715240994988,-0.8615230146456156,438.02760552110425,81.32937276514745
1.5614513850082217,-0.6071493426383822,4.1856096157185165,0.15563084983375242,440.4080816163233,79.71210113976049
1.5840917666132854,1.366028089333079,5.237130405714103,-0.26422549895019537,442.78855771154235,76.05650003518987
1.740739844928832,0.1893483693439839,6.128943570986066,-0.49015687297529864,445.1690338067614,76.40729496073028
1.1351741793557473,-0.18225573733087314,3.841812544014281,-0.6337888522665388,447.5495099019804,84.70024840580541
1.1101891720840746,-0.31285890738738176,4.861098667554753,0.08048774879357776,449.9299859971995,83.04469135352682
1.6629757432512648,1.1241792292806996,3.278871224705909,0.7538538496566825,452.3104620924185,78.96743914372927
1.595556147259642,0.4926738887070625,4.618284765721696,-0.20433617285302083,454.6909381876376,79.07643895157267
1.581676426283592,3.418090522258009,5.045811033302216,0.2951351555376611,457.0714142828566,71.23264573413292
1.6105312140857173,-1.2739391303382364,4.157102915998934,-0.05113317510879626,459.45189037807563,77.69524808747028
1.3026578689865254,0.7815960766850121,4.554857562548231,-0.6446910445516965,461.8323664732947,80.79246051257292
1.5764102829984743,-0.7893120654838205,3.60374509631508,0.36740567175520866,464.21284256851374,80.00981992783004
1.5947251583965305,-1.2993948695450148,5.089173573882695,-0.5473460220136857,466.59331866373276,76.35995119814118
1.2925675877224212,-0.011718696798903812,6.067912938892628,0.010813315296782353,468.97379475895184,80.52829314788443
2.0666753173638166,0.21065736179081376,3.9151991773768957,-0.17076020750265258,471.35427085417086,77.06715529054709
1.6491631453506364,4.381935845308205,4.3897962673624615,0.4465387172828459,473.7347469493899,69.2671608228807
1.1496928791396686,-0.2714961046578277,5.515139896766116,-0.5290754962353433,476.11522304460897,81.85100686008892
1.7041210242806275,-1.6904981331000397,6.224810615661365,0.1954349539009799,478.495699139828,72.80357054951284
1.2148218081789501,0.41433361573967625,3.519656959785996,-0.41989870367435045,480.87617523504707,83.96610605554022
1.7434234120932024,-3.107094702339241,4.844189539864881,-0.25555260616439257,483.2566513302661,71.01859163760895
1.8549487805626612,-0.13302176933277218,5.296233234515863,-1.817600113770051,485.6371274254851,76.88350548039298
1.2612378414115524,0.028999614720784207,4.911174786112602,1.0460492858089543,488.0176035207042,82.47083605273671
1.79652815991364,1.1969107885113792,2.536568504039079,0.27527846641311593,490.3980796159232,78.83064499335381
1.6314227376112231,1.4654923471619528,5.514580604029258,-0.38367374296908224,492.77855571114225,75.01301632516144
1.7542800000852037,-0.7502464603036717,6.532957599245056,-0.562327844166497,495.1590318063613,74.29070744969161
2.076773693606276,-0.22076382273817147,5.130414282387445,-0.24782437643967026,497.53950790158035,75.1382794707232
1.4341935648991189,-1.1439745794493532,3.982778390616812,0.3584397674097258,499.9199839967994,79.69234744625845
1.2817637054492736,-1.6868374623738607,4.500889739869532,-0.9460424627924627,502.30046009201845,78.77746209066686
1.2411051350920563,0.4701484783907607,6.78406322584175,-0.07079220964716906,504.6809361872375,78.71969288452402
1.2632916418799272,-1.9050218379818598,5.924246500628663,0.8853209362313367,507.0614122824565,76.24474251906294
1.4849798321018255,-0.6165334542404237,5.654445009363985,-0.5669731679839021,509.4418883776756,78.09716019353836
1.6105319090942003,-1.4873033954160515,5.370966035355188,0.04019251938182749,511.8223644728946,75.34103718567349
1.5912698823380158,0.8300332077947296,4.353552030100601,1.1016549076288789,514.2028405681137,78.66442987665815
1.7564942973062725,2.707704697296709,4.8142542817361695,0.3160758148453864,516.5833166633327,71.9574024557038
1.5123169243819452,-1.9467710696592815,4.937039676443392,0.06296191024272757,518.9637927585518,75.62897741613115
1.9445539683555286,-2.7738652275407976,5.564674307545926,0.2533182274545014,521.3442688537708,69.16189372298489
1.4291744377933597,-0.1816160028486035,6.524157094737564,-0.20043266750485117,523.7247449489898,78.32632884842528
2.3247003344646973,0.029313083595178736,6.13371517588257,0.64981564265172,526.1052210442089,72.12854185147063
1.6964282397070314,0.333807650387633,3.5961321515417897,-0.19966501145010596,528.4856971394279,80.19985672906198
1.2516595735090152,-0.663609545895584,5.239651574116871,-0.9795908043679885,530.866173234647,80.4682221860136
1.187618250238589,-0.2950349484668659,5.752560677891315,-0.19565155197022993,533.2466493298659,81.13262561008716
1.6537072376195538,0.5572426245086354,5.634799020005254,-0.48336726493835175,535.6271254250851,76.9250370077641
1.4420065450051707,1.5666765927025423,4.386846913240005,-0.14059700609871464,538.0076015203041,77.96698578834227
1.723325750553534,-2.926489420593487,7.930332508792195,-0.12954202954031543,540.3880776155231,67.00167168089972
1.6511774655876024,-0.5472717064035005,3.739281976718728,0.5987115999024537,542.7685537107423,79.81347804421233
1.4874384344747626,0.3269045964261447,3.933321968039416,0.3476463633321928,545.1490298059612,81.38324808107741
1.2553302770742407,-1.3707185619195958,5.250250001252264,0.1316327437876983,547.5295059011803,78.6551863767287
1.0549958634785932,2.6030544682405177,7.133603109869369,-0.0014727056662975576,549.9099819963993,74.35199225676591
1.375577537820489,-0.9467601380493753,4.180750968745776,-0.5294290044289972,552.2904580916183,80.35735289919398
1.7665340084605323,-0.055529450401930525,4.751263847976991,-1.0905876188328387,554.6709341868375,78.60200853434543
1.5739251942920995,0.8404978592987951,6.094532910443316,0.056580005696391586,557.0514102820564,76.16555443175125
1.1360584924956423,-0.880407099130016,4.999524735973135,0.39732060178682943,559.4318863772755,81.21122720825012
1.561817813087446,-2.763283881485231,4.682931319393422,-0.054166941622294594,561.8123624724946,73.57285081249722
1.6255425126402478,-0.6363502578937354,5.583316988502892,-0.26742716139335015,564.1928385677136,77.02980877138934
1.2448741854174146,1.5508484447423971,5.290351619167823,0.23225108260710625,566.5733146629326,78.22835797605296
1.5562334197842231,-0.498598764843998,6.0484225865266845,-0.0416661003121735,568.9537907581516,77.23100184982619
1.5276633294238275,-1.262850976261783,6.309603491536524,0.8428720959869807,571.3342668533708,75.15716068665014
1.1673948045969558,1.3953655768848443,5.325289093687393,0.6163641710341422,573.7147429485898,79.18449398048115
1.6177076362733955,-0.48924805858863873,5.310170819900817,0.47975402851166477,576.0952190438088,77.86996253349001
1.6786926744688009,-0.7582696761031054,5.232701767278721,0.3788670571049519,578.4756951390278,76.82573176307375
1.8354589320669865,0.23121317390456655,5.50787466174156,-0.6450837072257285,580.8561712342469,76.47648361609035
1.8267707714475996,1.1632120849862668,5.074068692693025,0.33149685102629983,583.236647329466,74.866700576914
1.0974162963393792,3.57971503541649,5.018444151858167,0.1881629788232876,585.6171234246849,74.7437158129565
1.2294568998079998,1.2480571026744922,6.215834963996197,0.3032123641955817,587.997599519904,77.72044959885548
1.665402651167817,1.7470213302526627,6.5354798621420995,0.24630474340652628,590.3780756151231,72.50600567181266
1.6651158696682171,-0.7516292422187466,3.5119672054013424,0.22638129392403278,592.7585517103421,79.53204912900539
1.6655827578423565,-1.5314231909871863,5.029698399652644,1.3504332347747974,595.1390278055612,75.3022323603142
2.6669766208695984,0.10093514021080599,4.331140541973755,-0.03809283497595952,597.5195039007801,71.91513836955556
1.6825134027704252,0.168252372597711,4.709021866069439,0.46816869041466513,599.8999799959993,79.05572904723816
1.8520053716725997,-1.6102119923012823,5.422668529056957,-0.2354949051320016,602.2804560912183,73.02442425228057
1.7976259928889784,-0.25532481896200737,5.689750307259834,0.39532079194383596,604.6609321864373,76.44605454859341
1.7069329776220075,0.6066534707322083,4.908345738131354,0.4696599451162277,607.0414082816565,77.46538389499639
1.4170253213940671,0.548327489051234,3.1072927226748335,0.18221303856767396,609.4218843768754,82.63203962220713
1.739387707656706,0.7642297410822259,4.0557489821059995,0.83462347118825,611.8023604720945,78.0907005128818
1.279940578036662,0.44430585680478674,5.917456367796492,-0.44213801818020876,614.1828365673135,79.773526182
1.440834115431791,-0.7525931906025546,2.280693040105146,-0.24361047083411105,616.5633126625326,83.17080453988157
1.3663625423275751,-0.7628698688557273,6.208710007995434,0.1061900430117448,618.9437887577516,77.84885997724693
1.5366261118813682,-1.7903845169471662,5.542676870760935,0.440403426742111,621.3242648529706,74.91701450643973
2.206554057623342,2.685266883858502,6.33778761507898,0.08971476064746661,623.7047409481897,66.12771890674854
0.9520699015662347,0.028341853158112267,4.823207629730167,0.642879518255283,626.0852170434088,85.0777747099796
1.7182208423452356,-0.32905106020369007,2.960537305279996,-0.3308449354831597,628.4656931386278,80.9907996528089
1.0286217039317613,-1.3848971453195835,5.452471913130777,-0.5702892447442772,630.8461692338468,80.13007563555078
1.3709509397742543,4.41184051983239,6.296929567613603,0.1540641682682523,633.2266453290658,68.55739683080458
1.8393100669903744,-1.6015754564009002,5.947166050669269,-0.03859013805684816,635.6071214242849,72.36083174707085
1.532003636184536,-0.6347921347718454,4.359921192878004,0.27143186017911,637.987597519504,79.6171087842771
1.1894912937994904,0.632298405881279,5.109542812668482,-0.013701145433251969,640.368073614723,81.23900941589815
1.2983190652893293,0.9089262339946298,4.490115158895311,-0.17000989531172853,642.748549709942,80.60595915435582
1.7168853078034125,1.445568738238866,4.2038552835848675,-0.037468785861861746,645.1290258051611,76.34521276659824
1.2939921528302114,2.720147523217463,5.9786812686827,0.01442444739659247,647.5095019003801,73.8796720662906
1.57813623260894,0.7680355870139669,3.8259319655959003,-0.1524906499241652,649.8899779955992,79.71592322319971
1.5269670752611393,-1.5751825177566712,4.129820055267268,-0.10156602316171406,652.2704540908182,77.6515770206183
1.31791264073055,-0.37648919100780887,3.9197836909939165,-0.20179666849345507,654.6509301860373,82.6358003601452
2.1566735476988455,0.4707421060383259,3.5337352694142825,0.42833255993470326,657.0314062812563,76.269153449192
1.703763957652256,3.111397896229971,5.170571182432564,0.09701050225289964,659.4118823764753,70.83553682455818
0.9061437591818281,-2.087583860850372,6.185834666578171,1.1283762360843832,661.7923584716943,78.25313827455219
1.5697214679988487,1.8130548735498548,4.839630218986771,0.08035227563923092,664.1728345669135,75.65014574365442
1.3153482266930665,0.27912766506868036,3.518935161433314,-0.27542873516433086,666.5533106621325,83.5009922816338
1.769713513284665,1.2660681447414197,5.864804118134558,1.3353376874315324,668.9337867573515,73.87991535466729
1.2763269922048552,-0.14360326579745444,6.710738578452154,0.20681318885716768,671.3142628525706,79.3642680301893
1.4797623363501156,-1.2541934326626996,4.378972375924846,0.49506239344640834,673.6947389477896,78.45795916365506
1.665779861706495,1.1358316211102366,4.546838938637585,0.2960514916012458,676.0752150430086,77.01392364561607
1.7741109996522193,0.9912361682592203,5.541232970352163,0.3115055146488743,678.4556911382277,75.01717212660594
1.1543966368399274,1.467742487914023,6.647625852596892,0.2678270256762371,680.8361672334468,77.12403190660018
1.4142366599265057,-0.010232265948759436,4.50609835325929,-0.5510422823880327,683.2166433286658,81.90137852582711
1.3722052632192858,-0.8899404639347256,3.693663741788591,0.18376452378070599,685.5971194238848,81.25701112172601
1.3187922668508942,-2.328319801453757,5.657713782491087,-0.6624306519251195,687.9775955191038,75.14229168782182
2.0445298429294243,1.238988949439173,5.825545532422469,-0.08718141820626713,690.358071614323,71.80797058433296
1.636490972522122,0.6458318631552026,5.032791822406489,-0.3628087282816436,692.738547709542,77.74430482832528
1.136834515488714,-1.4386074814364538,4.468710654634509,0.17873509292436202,695.119023804761,80.60573919054738
1.7905618826277054,-0.7977249776040879,6.021406817234309,0.16706312366911732,697.49949989998,74.64908226911668
2.1519541085037597,-0.6899333849938475,5.555248892370133,0.24057294538259338,699.8799759951991,72.7266603309301
1.825151132620664,-2.214202278336747,4.258962802128187,0.14364828637454358,702.2604520904181,73.47484104000054
1.0597052238911184,-1.2161794524561524,5.076679111176467,-0.3034126708931994,704.6409281856372,80.86689091096596
1.3703510052061019,-1.6903313838322132,3.6760635383148683,-0.1305017446758398,707.0214042808562,79.29726819129834
1.8957999393772715,-0.6082341214177152,5.713848846875759,0.46019808062724243,709.4018803760753,74.7422419111239
1.3035314766576103,-1.097491369932181,4.765912770782912,0.5339283386471999,711.7823564712943,79.67915060573429
1.6490842206757255,-2.429881786478885,4.592624087138564,-0.5733915493132746,714.1628325665133,73.84368563768913
1.7484350383159228,3.044581894045637,4.995649643358004,-0.7654638162563232,716.5433086617325,70.90759049332152
1.2380724650356145,1.889578834216539,5.069021666457429,-0.36344469160235604,718.9237847569515,77.76794069448759
1.4984011380790692,-1.1576899690149056,5.9238344969390875,0.5226037910161253,721.3042608521705,76.23281422742156
0.5439860354321099,0.41954291994896925,5.6201860645747,0.6074420150915172,723.6847369473895,86.16897531980865
1.2091577917744194,0.6371803575150802,4.8728779819622305,-0.4623559402005858,726.0652130426085,81.42446979907359
1.4408118396452858,1.7976836388690378,5.793147767609189,0.15365467686816914,728.4456891378276,75.28957453425133
1.142355885528959,-1.2167803132445087,5.430409858346571,0.9172156665700438,730.8261652330467,79.67358734513721
2.006523140519737,1.6493600088671367,4.60326658476329,0.2076557386201669,733.2066413282657,72.91951497652933
1.0878665993405412,-0.8105852811579153,4.905342308836814,0.7107516426165468,735.5871174234848,81.91259053912566
1.3850052842747733,-1.9924478527303409,4.882032453883757,0.4993632850415492,737.9675935187038,76.61578941315032
1.5563507751914856,1.0976239069755178,5.535712191184261,-0.4550993531139554,740.3480696139228,76.50156574425293
1.9496209146139352,1.9476302547797093,4.663624368201203,-0.09499071174853907,742.7285457091419,72.53852049383744
1.0865909625953636,3.8934298655954906,4.640434561043603,0.01737723914592395,745.109021804361,74.61304579368296
1.8664097678174305,-1.7879474695213584,6.99979845107119,0.05206669401067001,747.48949789958,70.09915550705037
1.5206419488652188,1.060094214660745,5.970974647185935,0.4581644767192856,749.869973994799,76.22816690164748
1.2232311778000096,-0.6029126836140364,4.270837154444896,0.20434238113770425,752.250450090018,82.30061313689748
1.6564269121150808,1.1869019790101132,5.602578095873042,-1.4681004718890576,754.6309261852371,75.3774626117445
1.577626229396498,-2.1937954463639047,5.150187080276433,-0.656420136546363,757.0114022804562,74.1692209285036
1.3379560626318283,-1.8821405796948683,5.4235887322013685,-1.0936904574880215,759.3918783756752,76.45561695140614
1.5390749104981347,-1.1517227114156396,5.169580053456001,0.08768262032766708,761.7723544708942,77.05372385729183
1.4026537193309156,0.13061126742842266,6.222083175955358,0.12024382473388052,764.1528305661133,79.11911731284857
1.5524168695197855,-0.9493807891779257,5.378263306330399,0.14161247930535922,766.5333066613323,77.1398181114013
1.7171150900223449,1.00089877431415,4.970757324303101,-0.47946413385730813,768.9137827565513,76.30469635758121
1.9943955083979088,1.552735569756407,6.075240289968446,0.3370720025599946,771.2942588517705,71.05013657347304
1.1473607439611733,0.9118365742741857,5.266539074170944,0.35813124823426457,773.6747349469895,80.64171400136874
2.158730690227685,2.4407285780451726,5.154937562139379,-0.6275745336025789,776.0552110422085,68.89592668985652
0.9333099763622845,0.6363641549957044,5.347687164653288,-0.7330191007244361,778.4356871374275,82.92107905463253
1.4735167802632423,-1.812643526327639,4.940261747787265,-6.58431134689293e-05,780.8161632326465,76.26986432039406
1.695663817440825,2.0578438739711444,5.043304602765161,0.8958911368066795,783.1966393278657,73.7251228713978
1.603582916704149,-0.8948774491532366,4.447590489253486,0.8498713710993212,785.5771154230847,78.26275730960349
1.3325925554923008,1.378562690487341,4.283325956266751,0.2817021802240262,787.9575915183037,79.46786389544312
1.4570831455527886,2.3736145386059735,4.0361315169130645,-0.3649983357900382,790.3380676135228,76.35510121369316
1.371737303650466,0.6981237387943426,3.642927973732908,0.44342132974429255,792.7185437087418,81.81640026321105
1.3429462745196497,-2.231067752011699,4.155403885909512,-0.22621213240452073,795.0990198039608,77.44565459494929
1.7747548024306703,-1.364068800881779,4.8610648292208305,-0.38375351833690524,797.4794958991799,75.10019233451894
1.6270976450019792,1.9974453664693468,5.1386606921566855,-1.071983415810997,799.859971994399,74.28161438557578
1.3122393006890234,-0.24027590895274475,4.764458422216306,0.05119109917382645,802.240448089618,81.75470818878149
1.7901116761186022,0.13284811140566669,2.68026400051909,-0.3149336745686876,804.620924184837,81.32659031175838
1.6125414581396693,1.1518043588298719,6.610766983320897,0.04821518976425221,807.001400280056,74.30400696282662
1.7643304800830868,1.0581321894080844,6.122874512990647,-1.1496788481185307,809.3818763752752,74.05571391632913
1.709481093729847,0.43192801268003334,5.482368635488708,0.08491333629184361,811.7623524704942,77.02077826522807
1.272014888764159,-0.2991936288035117,6.944314480625767,-1.215560581985814,814.1428285657132,78.6594250969393
1.3527803850363593,-0.4551128705349024,4.059675344019312,0.543970126634276,816.5233046609322,81.9504617273429
1.745144437853751,1.3008191421481963,6.924880865189156,0.2609456170675422,818.9037807561513,72.39947534401577
1.7041894493347867,0.8444065430715213,4.072258580502336,-0.1393323857122939,821.2842568513703,78.1470801768894
1.51493025907013,-0.37181617608710155,5.276428124863577,0.2813599300410396,823.6647329465894,79.03637529992585
1.5565216739732886,1.637384108810147,3.764071046386958,-0.4890371313317762,826.0452090418084,77.80825976660788
1.9047460036051134,-0.17925348278228495,5.052821268644075,0.036187757807446215,828.4256851370275,76.73466636123726
1.3440985482724217,-1.2631132848861428,5.424513102306247,0.39738701923016784,830.8061612322465,77.9526587481459
1.6858229634954192,-1.123993548925412,4.883876334011059,-1.5471446245456948,833.1866373274655,76.37761791870653
1.4611600918021292,-1.4535659961097842,5.75266479970311,-0.2236121798387619,835.5671134226847,76.04780707575384
1.4566380191186734,-0.39398677151430445,5.138023125197194,-0.01132206506818714,837.9475895179037,79.65489423046907
1.8517002824041913,1.8652979020429792,4.516815897058996,-0.09814680887288328,840.3280656131227,73.74792914007053
1.76981733239229,-1.192847819748509,4.472639886990339,0.7285509131137026,842.7085417083417,76.1503819610049
1.7663708735505723,0.2975922966940749,5.850590186394151,-0.5619505624614423,845.0890178035608,76.349166990269
1.9140875341178316,-0.9700714237934311,4.386158222586869,-0.3105796217226145,847.4694938987798,75.68288383369347
1.5288713078491654,-0.375416791667598,5.955527691123759,-0.9579345131542242,849.8499699939989,77.89719602135204
1.7272826643022838,-2.249930636035349,6.263061611345344,0.7551433256365727,852.2304460892179,71.16231967847534
1.4297437176568675,-0.3155915139782033,3.3718616836714776,-0.1231450713044,854.610922184437,82.71527894829234
1.620200976269199,-0.2752573560256656,6.173728290452442,-0.2192044440183535,856.991398279656,77.08965636410358
1.4840358342667754,0.8258177497715969,7.101451588359509,-0.026241341155357024,859.371874374875,75.41099156889754
1.5523055742959633,0.3503925597484877,5.293260267509747,0.31811791421516206,861.7523504700941,78.76568360499645
1.7018822808169416,-1.7820314053041564,5.640568937625254,0.17368170175806236,864.1328265653132,73.4690098337662
1.2779977107701976,1.6419399765588072,6.078718952351807,1.3239421067785437,866.5133026605322,76.55308994391369
2.151309195166902,0.33118323530716903,4.766460818085447,0.2269679442018873,868.8937787557512,74.81187712326869
1.2219172488990304,0.3134052513321907,5.224453491713764,-0.23262271458454054,871.2742548509702,81.60446864290662
1.1595956845669508,0.002127982191138647,3.7282045030938162,-0.28067836876197355,873.6547309461893,85.12560781334582
1.871415689674273,-0.7606478857504945,5.181270455418011,-0.19637947620840457,876.0352070414084,75.35514908510257
1.761611749200768,0.3427788036310139,5.540979446332341,-0.750918462314919,878.4156831366274,76.73868982781781
1.7114797536818205,0.7295451929369897,5.559263127044113,0.01993210374579303,880.7961592318464,76.14540429763679
1.7128786830663978,-2.604093516826923,6.108758110774671,0.3917340531044586,883.1766353270655,70.6235995772395
1.5208325743206312,-0.7918035185693398,4.268765121730614,-0.30668180031161796,885.5571114222845,79.45068292641568
1.2554622247832006,-0.3659947647860839,4.511195085511304,-0.4036900281420558,887.9375875175035,82.27452266150223
1.547512187907965,0.4007697888413153,6.939544360124416,0.7579725731471169,890.3180636127227,76.20866148444637
1.3217549453837631,1.8065688147822867,4.893944441947218,-0.7132415783105825,892.6985397079417,77.56862173705335
1.8175723714169238,-1.1409202543007744,5.244543034230725,-1.0339091882386506,895.0790158031607,74.74030584156658
1.4810525836618114,-0.730162904818461,4.97773626603025,-0.5764509718236913,897.4594918983797,78.85956766961398
1.2776543399622067,-0.7519321666365184,4.223303171917129,-0.7702163585621482,899.8399679935987,81.56398010583536
1.4290218015582214,-1.1853330157873994,6.668751529210241,0.1931130320522909,902.2204440888179,75.60136575425037
1.6494513995576188,-0.5037317671517727,4.517759856123717,-0.18035225022478676,904.6009201840369,78.76841960147405
1.3565893608212034,1.1733411477568874,3.918415323692885,-0.10984352251191994,906.9813962792559,80.33630925849883
1.2791757255465834,-1.5635253469021766,4.59520077908216,0.5764670884873866,909.361872374475,78.96497965974865
1.5990834793848558,0.6590398033542096,3.0444758932740794,-0.3456674305813882,911.742348469694,80.99301881662451
1.5996031131573212,-2.5354445838110338,4.395135898260737,0.38754470587282036,914.122824564913,74.27185978782273
1.3741663692674397,-0.8245074467441231,4.0785368632655015,0.7556613996016015,916.5033006601321,80.82759513410193
1.3850743644140089,-0.4766433795939754,5.664336819548668,-0.22783124900683033,918.8837767553512,79.23129140638
1.5961377256941758,2.5299713390290206,4.37373730619459,0.3685114277781568,921.2642528505702,74.34536388758215
1.0922346845917197,-0.39443013243508745,5.935199468096034,-0.12090895626449005,923.6447289457892,81.37324799003447
1.1045584514486346,-3.28400015433531,6.446124141978835,0.4620490644203945,926.0252050410082,73.2843457896044
1.3114022682732074,-2.9803763371925824,5.8290607312190446,-0.7857445937881365,928.4056811362274,73.31424991400432
1.4630396941893733,0.06909360598863988,4.832742981722906,-0.8227561225626732,930.7861572314464,80.87383395892905
1.6204847686029709,0.9387979496339093,5.189492272569717,-0.19563385745377038,933.1666333266654,76.90488856823688
1.9699583773957294,0.5814181279814551,3.5236399706308097,-0.44446240452988534,935.5471094218844,77.50132770493431
1.7847887668254165,0.2696824119446926,4.91509330279398,-0.2583545547149427,937.9275855171035,77.67484388134397
1.479649042596382,1.7618097973154403,4.18868260141834,-0.10976329122356993,940.3080616123225,77.47525926381283
1.5220658151018553,-0.7908730461239227,5.7436964744340315,0.36000676591812586,942.6885377075416,77.2307461522243
1.2271522981352236,1.3609732390579488,7.62237213595837,-0.20383028928296745,945.0690138027607,75.34679031333579
1.522497950949406,-2.4293210663748774,5.549691665746473,-0.4119306553115433,947.4494898979797,73.42217622784784
1.441595438458291,-1.338626395984211,3.058980793506369,-0.17575668837944944,949.8299659931987,80.53219931211359
1.6251500907896212,-2.691672410605595,4.689142291864639,-0.38457263990330887,952.2104420884177,73.23590480937209
1.2803070863430117,-0.3932837047322159,5.1731155821010475,-0.4670027510313572,954.5909181836369,81.0146606742738
1.6844225245682272,-0.050312779035596784,5.138234883564042,-0.8065084067884846,956.9713942788559,78.69148553051913
1.988582799250468,0.19032632190624313,4.320317763901816,0.03473905811053932,959.3518703740749,77.13504515537792
1.4962759900331095,0.11209438571081394,5.2966766929838975,-0.2843528532985267,961.7323464692939,79.80454107598224
1.6495608145869736,-1.3719651309127314,3.8091388038935743,0.48313936961733583,964.112822564513,77.65989245018201
1.7362341130244017,-0.26590065627911164,4.106986238223498,-0.7236980460294703,966.493298659732,79.28489609777176
1.4089687456657463,-2.226613411420958,5.697948552237484,-0.27104177752393943,968.8737747549511,74.6147936777654
1.596706957661704,2.064496271444095,4.036744259108759,0.9064536103293744,971.2542508501701,76.00998727143299
1.5334016134068515,-0.435689847232126,5.590876304465259,-0.46980475854892473,973.6347269453892,78.25724801796699
1.5590717569573496,-0.7134832269704035,3.683458762930964,-0.11826662604806198,976.0152030406082,80.21852973251875
1.2980113806230993,2.403353369852617,6.818006889622383,-0.6079219914126842,978.3956791358272,73.38051519595008
1.5374131106111137,-1.8433297614348896,4.279170181299823,-0.6742137563904905,980.7761552310462,76.67361543957414
1.6796056424274102,-1.6682432343454368,4.830033259403267,0.7736554915438392,983.1566313262654,75.14749688561223
1.9656956882792846,-1.6240954166756663,5.384573449429556,0.08551974631857362,985.5371074214844,72.13733577793222
1.8182806588199836,-0.08147413188627528,4.488871222600099,0.06683941911881167,987.9175835167034,78.5167625658243
2.17660130746819,0.6678784912662115,5.197888752564146,-0.8481581175581111,990.2980596119224,73.12066018324273
1.3005898147352626,1.1300425912445355,5.630101762034219,0.17937069405415149,992.6785357071415,78.32502236095523
1.7926381421714874,3.8786209436793095,6.015621145668435,0.5787109729969129,995.0590118023606,66.93891078492717
1.5860927745970488,-3.353421899384117,5.846768854418367,0.5747385304142648,997.4394878975796,70.15754977313577
2.188179628727757,0.9339292161949287,4.883725089552802,0.3341666148030804,999.8199639927986,72.83415229536142
1.2888981932094739,-0.8147707396476672,4.9091685438515436,-0.564742788797702,1002.2004400880177,80.28813478942772
1.279620410382003,-0.8585980813090028,7.405174270089452,0.15656170859649582,1004.5809161832367,76.5087801085373
1.3518688077898986,-0.9085337914320797,6.006220804112591,0.3337924802383038,1006.9613922784557,77.90438385293173
0.8946678766836849,-1.3419301102275423,4.134774732971567,-0.8972217925444507,1009.3418683736749,83.28566961150432
1.3742604341925728,2.5481118790363784,5.15685383611542,-0.5606397957408924,1011.7223444688939,74.90035607469534
1.3043978431175185,1.2848710849099394,4.721990446259368,0.4440786608717208,1014.1028205641129,79.26965387339595
1.5774068325799693,0.056319765594133556,4.922067893431747,0.43802288833596426,1016.4832966593319,79.8568440852273
1.6349668985903867,2.04815036596866,3.8281761415936697,-0.7742915168106962,1018.863772754551,76.05762468396475
2.0954431210087887,-2.2470655351189652,4.6460178664923095,0.3975107296345863,1021.2442488497701,70.64976439439381
1.8178711382532746,-1.9742283724647496,6.869767305278285,0.0476516995768089,1023.6247249449891,70.2168090048945
1.3598253618188276,-3.2450206259469994,5.63755889379559,0.39050447730357574,1026.0052010402082,72.5525071998885
1.263524882999783,-1.0270889539154044,2.5675928752339447,-0.3172606617169707,1028.3856771354272,83.4726892383623
1.6807782159096363,0.26468276636225235,6.275750095978275,0.322591748240451,1030.766153230646,76.47844221284987
1.1372860365715385,0.17652519935032188,6.148929076114017,0.42191438724281227,1033.1466293258652,81.23700509488086
2.0829475168207363,0.24635279129944088,4.700287828252571,-0.17566746772785585,1035.5271054210843,75.67010614480665
1.887496165834168,-2.0941424935206014,5.777110885325938,0.008876273086643006,1037.9075815163033,70.99900811153624
1.3930660307063747,1.227277931479557,4.200722969338863,-0.32426081475232676,1040.2880576115224,79.48619247164181
1.0200333184971795,0.38209039550812535,4.590141932132652,0.8258194743429397,1042.6685337067415,83.99929456505328
1.9402906945273755,1.1223340770508323,6.559220106941413,-0.060135969662882975,1045.0490098019604,71.8330090907418
1.499922687921928,-2.816286838719935,4.7892204339040045,-0.46101216258859096,1047.4294858971796,73.77607074896873
1.905785548476366,0.49019672478623655,3.19149616895048,-0.35791295693737507,1049.8099619923987,78.74097954679776
1.0562687247992841,-1.7585831782512276,4.998202594885497,0.06338530057105657,1052.1904380876176,79.65608836364942
1.3549412372713814,-0.5728157160553673,4.983196041143445,0.37666558588910587,1054.5709141828365,80.25363674997536
1.5364839299595399,0.824821227983965,6.260432249451833,-0.6679134225752609,1056.9513902780557,76.25542711618601
1.5491624282267316,0.16001924278207572,5.076679977904309,0.9238300014712244,1059.3318663732748,79.59163250037449
1.4002063928734125,-1.2538259467908546,4.6410417495680365,0.1543376470278082,1061.7123424684937,78.7022213656835
1.722239152407964,0.03299918274577048,6.10796134114892,0.23322798648470625,1064.0928185637129,76.97764681214848
1.215256536442118,-2.2736078626942007,5.183977192957815,-0.0485947719117182,1066.473294658932,76.81796226229083
1.4929876664703423,1.749202101831931,4.313446673059581,0.009629483675562774,1068.853770754151,77.21292340406806
1.5719494023767864,-0.2840188873355657,6.2187499389651135,-0.0741415689637015,1071.2342468493698,77.38623265419912
1.6903519181339806,1.701838428327226,5.257697796368098,0.5088979845179802,1073.614722944589,74.33604188955795
1.7496646405628145,-0.7656774125532997,5.067246281588145,-0.003964293726685202,1075.995199039808,76.48761992173202
1.1989478129712305,-0.7611370222614802,5.242513619007372,0.3835251092463549,1078.375675135027,80.64180451206539
1.0762668068550012,-1.1219461412396443,3.994222398495737,-0.2169237616762861,1080.7561512302461,82.59366659431727
1.9199650763649898,1.3387022507365711,4.537523165680217,0.09782026415615788,1083.1366273254653,74.48723901371832
1.636517559275716,-1.0395978322048214,5.069046345267163,-0.4019601721197106,1085.5171034206842,76.70529542738147
1.3124390747679264,0.9915498391126931,4.871087479615129,0.6082641162747685,1087.8975795159033,79.71498158465216
2.002492662611356,-0.5489138832008693,6.338467618291439,-0.4168736203595579,1090.2780556111225,73.10007256366981
1.5720118486288157,-2.939071977610124,5.283733778666484,-0.16248972213066312,1092.6585317063414,72.15062459894443
1.8912613561131175,-0.8304896344170528,5.921521168670126,-0.15748020622737244,1095.0390078015603,73.91140331204724
1.5578908420366664,-1.7435721231351833,5.07630255033342,-0.17697569383688416,1097.4194838967794,75.56348913036858
2.156023125964546,0.07605325119013961,6.123486258857145,0.3612478847214685,1099.7999599919985,73.37645247602256
2.06456480628588,-1.760303234476456,5.465016740667232,-0.15832888236832185,1102.1804360872175,70.88519835252097
1.4634374682288185,1.414380459586952,5.081201308095199,0.6969622652705364,1104.5609121824366,77.13474714305927
1.829762511445121,-0.11108630642366452,5.054790201989984,-0.4092375430650841,1106.9413882776557,77.5019988393949
1.732068878587285,-0.24075659633028113,4.113927762529909,0.08468873497135346,1109.3218643728746,79.37066583668116
1.9492107826910245,1.0095857503022538,5.575575836458658,-0.38789299465629995,1111.7023404680936,73.51898560802817
1.24930985314352,1.471718328658828,5.028749738917045,0.21048639126573335,1114.082816563313,78.7831007448292
1.7447682593699672,-0.004179580074187252,4.567257500032903,-0.007974863488385017,1116.4632926585318,79.18051872480544
1.8566464516448482,-1.130721045597288,6.176006847416466,-0.07753102234923923,1118.8437687537507,73.0560155017233
1.0116638980492265,-2.634763928184087,3.819625296729485,0.594237483251762,1121.2242448489699,79.59034105005173
1.1844751827292694,-1.002772811200102,4.647642302841348,-0.3271709355275517,1123.604720944189,81.04580305590358
0.927850429920466,-0.8994049811396118,6.098154452332415,0.29325757880900005,1125.985197039408,81.18145242928861
1.4589657338012751,0.18711136891154015,5.38625677938184,-0.3844799563373962,1128.365673134627,79.78111053823818
1.7552185159262301,-0.4910830955820798,5.023173675347139,0.05634260008018687,1130.746149229846,77.19578362061425
1.9908313640357012,1.0586489570150706,5.322335540317956,-0.5977876641117227,1133.126625325065,73.44322338469978
1.5625214459189292,-0.8926128990440365,5.251046192014169,-0.3312585731533702,1135.5071014202842,77.39172689701722
2.0290467930171405,-0.05858699738224389,3.5552701281065286,-0.04107152278643252,1137.8875775155032,78.28825297024747
1.1266011636006945,1.8030688988387755,4.722972072101215,0.9073245836615389,1140.2680536107223,79.39506033594569
1.029786695144677,0.5399387722332654,6.6890575246492565,0.05040193522988706,1142.6485297059412,80.37827322128554
1.5243072973349516,-0.06274190786355523,4.413514277674277,0.8273341579333532,1145.0290058011603,81.02841543515008
1.656361775905096,-0.8754885687538965,4.754840570292651,0.11016164584545901,1147.4094818963795,77.42812351543552
1.5315046051810945,-0.9223050753329172,4.531824622662942,-0.19354212223746955,1149.7899579915984,78.64446353622454
0.921251642150031,-1.2482636979865924,4.986734593858741,0.7696782613003468,1152.1704340868175,82.02922572704516
1.5149198570274813,-0.7837397194201371,4.490932046686934,0.21850881103670944,1154.5509101820364,79.18489377519941
1.1504869696158382,1.161383971294668,5.56110207063325,-0.32136079694135683,1156.9313862772556,79.55099120888676
1.7429018894689343,-0.30483232372512103,5.271980300859018,0.23528572970014872,1159.3118623724745,77.38673362364719
1.6521522578682588,-1.996544414712377,5.848521453398937,-0.1462973749538051,1161.6923384676936,73.01863872017458
1.2603818615269315,2.680484471206434,4.02434025145573,-0.9945170980856479,1164.0728145629128,77.17922355258486
1.3883590897767164,0.5082938967028942,4.735249143744163,0.46798657963280876,1166.4532906581317,80.51951882441278
1.2249288301302779,-2.081953176305112,4.850175833626911,0.5474670278209645,1168.8337667533508,77.72042266775463
1.524063233400903,-0.6341954158059994,5.531854843569225,0.9189710149961376,1171.2142428485697,77.92422332792394
1.82958408878577,0.19502383599955908,4.283296834144785,0.21107184609763133,1173.5947189437888,78.45082244849777
1.2474983629539316,2.5856989245157953,5.992482563110957,-0.12436171204126627,1175.975195039008,74.56704194041262
1.6946052698957967,-1.6332411438946748,6.263555706500619,0.4174947136892929,1178.355671134227,72.96472142134601
1.3844895222812128,1.49310561756255,4.088579755107429,0.4249101826594532,1180.736147229446,79.05845014518277
1.3058808048333954,2.128391410133247,4.5868918242390535,0.819140591568211,1183.116623324665,77.35163729964114
1.5118097474115375,-0.9137022206799187,4.546146456859739,-0.022313811533221074,1185.497099419884,78.8020467837183
1.2335227137245515,-0.38687348799010773,7.710778045478145,-0.08278948628379723,1187.8775755151032,77.5984675020111
1.3781775280653203,-1.5249489912810053,4.648806240871179,-0.3577722098792637,1190.2580516103221,78.18899793596816
1.1850862152785842,-0.27555865625029813,6.756646923143226,0.26873104336260084,1192.6385277055413,79.69544325243075
2.134044740482572,-0.025133494442626726,3.81270525041811,-0.7741308341154176,1195.0190038007602,77.1457504644057
1.5553842379182423,1.0193451120080381,4.090002673527589,0.3880436864312823,1197.3994798959793,78.87355930634259
1.3350658458146694,1.6652642053389668,4.39336613164059,0.2939175609328948,1199.7799559911984,78.56626352267435
1.6093561514850854,-1.0920359780892581,4.234599005468711,0.292535101229186,1202.1604320864174,78.04316233469311
1.511642797576596,-2.920760121349762,4.812707865812781,0.06911261825092022,1204.5409081816365,73.38589551729366
1.4792297210095569,-0.0015201016680140012,4.372147309935433,0.7664891237655423,1206.9213842768554,81.60414101285036
1.7299503534348826,0.4707731905675308,4.261903462237613,0.43599673271343165,1209.3018603720745,78.5906090027457
1.7731327531550303,0.404713491621455,6.240037223390374,-0.30353859568784985,1211.6823364672935,75.44309841062056
1.3869105467433167,-0.45930261057924937,6.305679651004676,-0.2945895248488234,1214.0628125625126,78.29793962309833
1.3734962238853596,0.2179559468817442,6.031503958070895,-0.4398369067073184,1216.4432886577317,79.41988440460642
1.4639073461522116,2.304115782726841,5.606528476113581,0.27564166638779375,1218.8237647529506,74.11865905979484
0.8560280192626231,0.603670832565963,5.175595276772083,-0.5000694606199784,1221.2042408481698,83.87920584932598
1.092228917575979,-0.5288618133475967,4.586144840419504,0.5416960717916761,1223.5847169433887,83.06079686539391
1.9570307381878007,-0.7189844203410313,4.130341976052808,0.6614866541727716,1225.9651930386078,76.3507800795658
2.0406413478903795,-0.22334451395659954,5.4468197635926785,-0.4395081344752256,1228.345669133827,74.94627828659645
1.4726231520252848,2.486665918674092,3.910518876594888,-0.09277426729642685,1230.7261452290459,76.13657167222016
1.7204843370277842,-0.24327289888192627,4.090554178577592,0.008310490681206852,1233.106621324265,79.49211178870652
1.641075932859624,0.002109074216646821,6.237714832198701,0.4419915802348338,1235.487097419484,77.50954760328334
2.4715491215852956,-0.6915471037053049,6.985777715586486,0.8046716878049385,1237.867573514703,68.02007269467464
1.883941699197911,1.6805211866746392,5.478751539530993,-0.8427461964342887,1240.2480496099222,72.50903613043363
1.5098786492087743,2.9719251665523485,6.192241910788874,-0.15909035876334143,1242.628525705141,71.20279502376562
1.261776849524995,0.7082122286171644,4.840265427809568,-0.13300834778017348,1245.0090018003602,80.87485649054278
1.0666904948466223,0.1565756162940679,3.748769175554794,-0.7003349274432739,1247.3894778955791,85.45188323715966
1.6098492450694846,0.08771435263423055,5.6989452262795925,-0.2425550096520308,1249.7699539907983,78.35350231843915
1.3220910482761026,-3.5437960019376895,5.656393806579207,0.21388447217530557,1252.1504300860172,72.07919089907814
1.12250663070082,1.1505147921473076,5.159104542467128,-0.13933945141977858,1254.5309061812363,80.40500316032448
1.3553977041927454,0.2341626703041009,4.8453926653891175,-0.7723105843037068,1256.9113822764555,81.3033226926141
1.2250923484332186,0.6755509090027788,6.050311466612276,1.4370413490049567,1259.2918583716744,79.43491674010889
2.0558867742579925,-1.0340304353014085,4.102701248770256,0.13308893260209015,1261.6723344668935,74.81377784452715
1.814424099206397,-0.5433972037179295,4.31498772710323,0.055847065053337495,1264.0528105621124,77.65363260639916
1.5477286222785676,-0.583123794972391,4.080996452659221,-0.5489631815335232,1266.4332866573316,80.03886685535164
1.9942922530592042,1.5659738170376893,5.174411205110843,0.13035308098563766,1268.8137627525507,72.36911062526588
1.573708454571778,-0.534474446719645,4.001881143050729,-0.08210689202074715,1271.1942388477696,80.07132453205057
1.292302006930962,3.1577819947176575,4.405868516959318,-0.9442617063577031,1273.5747149429887,75.15832618231919
2.0078141497289392,0.6802115795545842,4.384692307191544,-0.5351277200072081,1275.9551910382077,75.65991939249471
1.7127399530386933,-1.8794793633714002,4.830177338658568,0.3974630088369725,1278.3356671334268,74.35411595927411
1.2400834611872649,-0.1586479015544674,3.6037496557919373,0.9720088250002208,1280.716143228646,84.27708807292781
1.4943464257786778,-0.9432139970987833,5.178668155066174,0.1835827025215223,1283.0966193238648,77.91919136842435
1.2889536290735442,-3.2571476346707224,6.339106504156183,0.5515416391466836,1285.477095419084,72.03684212450057
1.1369906158515342,2.433760100264574,5.227634545900469,-0.077877654291605,1287.857571514303,76.9782230036756
1.8298755836188434,1.0893953595695733,6.633805268106834,-0.04327308034030145,1290.238047609522,72.68679902996507
2.1250394498855587,0.8346206153453151,6.426823888533849,0.5454895138097325,1292.6185237047412,71.27289702975148
1.132836678150598,0.2830434573137834,5.870902958885793,0.8313886445897346,1294.99899979996,81.42334349318207
1.7214905680219852,-2.037959821695447,5.168196592885444,0.6505483467328108,1297.3794758951792,73.38088101225733
1.3576002271633918,-0.6902303773998617,5.116354606734221,-0.5331815376924095,1299.7599519903981,79.73909032909188
1.40684893782231,1.297995530810498,5.857998088721871,-0.033479445157622884,1302.1404280856173,76.71322253731248
1.3754622848984888,-1.5413764032269879,4.702872434354012,0.1387623422381476,1304.5209041808362,78.0885520612136
1.2941774946512883,-3.762070824006065,3.212367649519617,-0.12983898175376454,1306.9013802760553,75.42285150849511
1.5681258314904172,-0.30494611626674295,5.587238441848683,0.19392877170779788,1309.2818563712744,78.31177039463678
1.3044792799020462,-0.17679345449106953,3.9645123741989976,0.4102884058344737,1311.6623324664934,83.17541356325746
1.6350966884443503,0.2393182184289961,4.133787021961435,0.5014048759775702,1314.0428085617125,80.12025041343055
1.539083887927351,1.1288815124465323,5.096500073795062,0.8429350761107616,1316.4232846569314,77.22037500477227
1.482666940920515,0.9926429550004382,5.0014997535228645,-0.16472055236241734,1318.8037607521505,78.15480745485048
1.282278644752957,0.42451987010950676,3.684898159667368,-0.682016582419657,1321.1842368473697,83.15312392720152
1.3817130867465877,1.829793406074789,5.262815094652407,0.1791172970072264,1323.5647129425886,76.47758914886171
1.7815589503831177,-2.2418269494630447,6.063813585546188,0.9419055155924011,1325.9451890378077,71.04724064495817
1.705414189807661,0.7936320773963166,3.9696833782148335,-0.23848792997702956,1328.3256651330266,78.41808122072567
1.26207026513239,0.9766987707200506,6.370859932754458,0.3434234885318597,1330.7061412282458,77.90540105300906
1.585334689418984,-1.8223200972602152,3.5385580598304402,0.3478728962363214,1333.086617323465,77.45368515175193
1.7811496481866662,-2.217150238906831,7.216405942015628,0.09572102367230448,1335.4670934186838,69.38331830421615
1.055110794390284,-1.0816249372289382,4.688174909475086,0.003462360521857185,1337.847569513903,81.82278893759275
1.7191396581588945,-0.9548910968096619,5.245406508728961,-0.46171460286069627,1340.2280456091219,75.99154522961125
1.3575440486460308,1.167683312806836,3.208110740989503,-1.1408310362102887,1342.608521704341,81.40827321733042
1.727710706959256,-0.8841207712824369,5.038363678208572,-0.5559253533320144,1344.98899779956,76.410466898807
1.3277536436367292,-1.2467018503554832,5.329337983228386,-0.19515207455584963,1347.369473894779,78.26720925017489
1.015467398784957,-0.879495919052297,5.0150503918726175,0.5487113437113534,1349.7499499899982,82.15494542428067
1.0688702901708447,1.7160371822551799,4.538488739011259,-0.05156403117568781,1352.130426085217,80.3512116144784
1.5717598522523415,0.05778797373471277,4.155363247256944,-0.25951285945907426,1354.5109021804362,81.04840637675906
1.6354528196551574,-0.23051915860955924,6.2328129646728,-0.4454927209767152,1356.8913782756551,76.99086009922564
1.2864431366588285,-0.12651616525814313,5.133452689113774,0.32840291425474016,1359.2718543708743,81.69198545991335
1.749518271041454,1.9767175237619454,6.643757769242536,0.6791785832153026,1361.6523304660934,71.0964233683997
1.0596872781122975,-1.0849953920428723,4.576883506170384,0.5317178609337297,1364.0328065613123,81.94468803573886
1.5385224747501862,2.0121600459730766,4.668932265462239,0.30307484987923455,1366.4132826565315,75.65802168887247
1.1952450261336927,0.35477770575720846,5.919682930929371,-0.73780637319147,1368.7937587517504,80.67157113014338
1.3632028796064826,-0.20145993166493464,3.481476081458001,-0.1758371214218857,1371.1742348469695,83.3685130117988
1.573177493393408,3.7906560082337446,3.8913506700666036,0.9736521144448376,1373.5547109421886,72.10091402716847
1.3010384166313038,-1.5440176172202347,6.202662617960256,0.5609752459576124,1375.9351870374076,76.4276546969586
1.4440006513322003,-0.4909504296164105,3.9336079634010686,-0.7687516091173625,1378.3156631326267,81.32020677019977
1.861460399916791,-1.8089318206443612,3.28685575296849,-0.0277952615996357,1380.6961392278456,75.65570361960204
1.3867105930134775,1.4685450583845356,6.974799461620508,0.18154921633051938,1383.0766153230647,74.77275341750007
1.8106917383745802,2.5737728036475436,3.7128207605791954,-0.38107923151310996,1385.4570914182839,73.5108029430157
1.2212783534090208,2.5450111119778294,5.291124571317158,-1.1546020107044244,1387.8375675135028,75.93055853580752
1.719338322398812,1.876187842401825,5.176457759878453,0.04941202250821586,1390.218043608722,73.79013717498727
1.9930746686061704,-0.2560279800880816,2.2971122743308947,-0.39387912881021964,1392.5985197039408,79.96966428943409
0.8193180999218392,-0.5073204995947524,4.840792221205571,-0.39192086954234207,1394.97899579916,84.91596561983005
1.3219505950367612,-2.466075210955828,5.556891776906495,-0.17734017996537904,1397.3594718943789,74.9238695469566
1.7343488857165972,3.0946284678143123,5.463157821629856,-0.06683795732740587,1399.739947989598,70.19390101228666
1.5005220618007207,0.7444242356317805,6.012739666227712,-0.004541397047843221,1402.1204240848172,77.11565341717322
1.6729882238428466,-0.6968390494165886,4.722098839461595,-0.4419949494610007,1404.500900180036,77.79084832652336
1.3806580442011962,2.033321066957746,5.822466398031614,-0.1101047648170387,1406.8813762752552,75.13773338194864
1.5880400290089531,-1.417771379961946,4.421005319061409,-0.8787116852013775,1409.2618523704741,77.1197433394314
1.5155697688672527,0.6514483443239287,3.7002400315603383,0.15551953268403912,1411.6423284656933,80.69646094091165
1.9128177588672644,-0.21728827452337057,3.813352762753118,-1.4281377066705787,1414.0228045609124,78.43420809862378
1.6390199484107844,0.9998115067673983,3.649345003329777,-0.14474504021680978,1416.4032806561313,78.91429414080056
1.6641854032607317,-0.053423905687068125,6.121416376136832,0.45959307683847667,1418.7837567513504,77.37083244549123
1.4395527781858342,-2.1343145913184536,3.597632478537131,-0.5296703436374133,1421.1642328465693,77.7513425784115
1.417045618351882,0.1555828827208101,5.3866210372246455,0.35821510182870003,1423.5447089417885,80.19474629054595
1.433772000945452,1.6156558510072687,4.847034841112168,0.5778663560604461,1425.9251850370076,77.22013210324997
1.682087425889188,-0.0013234199971785543,5.010687929972834,-1.6539499762486942,1428.3056611322265,79.0239601479343
1.4376691189806334,1.205315657868104,6.477321896491632,-0.07568145178787118,1430.6861372274457,75.76937505874722
1.6511099545133017,-1.5255092302148279,4.675665961574732,-1.4378867138141376,1433.0666133226646,75.96384834599442
2.1870111254223277,0.003536067314352506,5.726074247467365,-0.05910422278547304,1435.4470894178837,73.90595945713446
1.8259420394091745,-0.8936959303797549,5.152416024056074,-0.003585605490663406,1437.8275655131026,75.4295998226931
1.4670116654469376,1.1636837435552578,4.963214383429151,-1.2412719929554192,1440.2080416083218,77.90987574239263
1.925397352630749,0.09059279404737072,7.415583659464812,0.9624191810399327,1442.588517703541,73.24696370463836
1.4428253691260284,1.0786091685265813,3.6746546650090637,0.14300790381731246,1444.9689937987598,80.24889212816171
0.9540257796967182,1.6752077327368489,6.4055107514375775,-0.4245117160410177,1447.349469893979,78.57150830342776
1.2632527603590864,1.081213631771621,5.773168616395408,0.7326897137492592,1449.7299459891979,78.53119091310515
1.0046569448774365,0.45360733223059513,4.63762082080856,-0.8978066103211584,1452.110422084417,83.87229487919117
1.4606566976903388,-1.453244559165287,6.746848727046467,-0.6145855167591586,1454.4908981796361,74.56136192999438
1.5718528325437875,0.04003904652426282,3.2698051210104357,-1.1497277618349493,1456.871374274855,82.42037204182338
2.06947544252035,-0.7552727704652396,4.5965342295236225,0.900522598269667,1459.2518503700742,74.66121318938866
1.6648397451845094,-0.4715882463528327,3.9102049656069426,0.16617318573600173,1461.632326465293,79.63700397423142
1.5012490127967497,-0.5171484451657704,5.53115754743041,0.3297008949242475,1464.0128025605122,78.40040046356596
1.8160188383452562,-1.4250902528465603,4.006397523684306,0.15050061695923786,1466.3932786557314,75.89952737559508
0.904074918005297,-2.8910642098958763,5.552913743554941,0.2868838805722923,1468.7737547509503,77.21036951588552
1.638318579024338,-0.9571250980971381,4.933802182563812,0.03903885694799472,1471.1542308461694,77.09993534871674
1.7991128248086166,0.33530468898125615,4.641274086930629,0.13546067135372067,1473.5347069413883,77.80692454868199
1.1244968021259847,-1.9768837842346108,5.5096653364509764,0.05380171811147538,1475.9151830366075,77.79731811772913
1.9114186522060788,0.06905164753676989,4.852787156940158,-0.30429590278463925,1478.2956591318266,77.25684092809921
1.6700614790430397,2.896077674329591,4.033165257909345,-0.023312382607334575,1480.6761352270455,73.34956609496768
1.4441466543418433,1.5804068518864147,7.923565040323128,0.13679728663083882,1483.0566113222646,72.61046207506453
1.7587884142279897,2.511281499944863,4.635417447008375,0.05527455977606539,1485.4370874174836,72.69836276580136
2.250382891788096,0.6328085050302742,2.905368758864478,-0.7388860538766585,1487.8175635127027,76.05686246482283
1.6239564451816515,1.797529113589071,4.281272987903684,-0.6724933343042047,1490.1980396079216,76.09261617271858
1.6440846329381817,-1.0395347910029606,3.856489457490525,0.5414207169581956,1492.5785157031407,78.46375177275135
1.4320324297366382,-0.9199499341338353,5.950306859771558,-0.1534970229417009,1494.9589917983599,77.31840543711496
1.315109985476557,-4.062001444995547,5.446209630820021,0.29236267351797024,1497.3394678935788,71.15480205746864
1.8193869921632038,1.8260757091967352,5.5236661301457755,-0.5460599548611982,1499.719943988798,72.59421559448387
1.313684404477858,2.357492337896841,4.755327849274789,-0.736572938323265,1502.1004200840168,76.46380214552286
1.5922030826335762,-0.7826103937090659,4.846397684441316,-0.4217983062658565,1504.480896179236,78.03625282799675
1.4276599908221166,-0.3336227430280848,4.755215073906379,-0.11128253538570664,1506.861372274455,80.61184060499329
1.7148755401261149,-1.0833387756016442,5.0453518690239925,-0.33257014964220616,1509.241848369674,76.00462093645098
1.6715049457054798,0.6215845366291675,5.962277993799315,0.6469667615528569,1511.6223244648932,76.13058210208428
1.8828933732806155,1.735153077957025,5.46342010584445,0.08976165076873077,1514.002800560112,72.40384016009584
1.4188519003973246,-2.5662534141190623,5.627858287494198,0.9244693092809293,1516.3832766553312,73.79176383028245
1.4911201236828928,0.6622128654773145,5.627705760286365,0.2022040770357086,1518.7637527505503,77.97394820641402
1.27867962792002,-0.36680182914224335,6.012991313212337,-1.2062754089599055,1521.1442288457692,79.83407143396573
1.4392472571823391,0.21844841142014915,5.417101570793895,0.5280208032292772,1523.5247049409884,79.81424855780007
1.6859522298357412,0.7369990571262934,5.4882028849852045,-0.7547758112349774,1525.9051810362073,76.43758019102053
1.8000858677996567,-0.23364413628853095,6.318564966181692,0.11526683360566957,1528.2856571314264,75.53735526760889
1.2965672406031814,-0.10656905487102486,4.4651173492972775,-0.3873420288319224,1530.6661332266453,82.66336341405108
1.8343265231052375,-0.27184958661626535,4.274825859290341,1.0713555172320932,1533.0466093218645,78.23352505968192
1.9803643680987477,1.5045896429872636,3.945052641626055,0.7197989637150677,1535.4270854170836,74.47803198530278
1.6979320989747482,0.6774076921963368,5.314295235633834,-0.3709103208508791,1537.8075615123025,76.75158112426043
2.1371693434920855,0.38029570642248506,3.2780554916247273,-0.06367883406055588,1540.1880376075217,77.03482274857001
1.3422231658772743,-1.8568542978995264,5.594349519363404,0.1222990348246087,1542.5685137027406,76.22855464918788
1.201193194665254,-0.5181432110472785,5.023410648892655,0.4317070357808052,1544.9489897979597,81.5599804417208
1.0412035652043812,1.3978835004258712,6.26765239293335,0.01457595616250634,1547.3294658931788,78.77418413790025
2.0238633217060573,0.10657821185875276,4.461504961995992,-0.5124474496904334,1549.7099419883978,76.85039045371067
1.7715904677158103,1.039484384923436,4.93051419602177,-0.35877931960002646,1552.090418083617,75.83279400193227
1.5588364662533993,2.700108945509141,6.256446653340544,-0.0022408981883956652,1554.4708941788358,71.39436592618914
1.6597339063060774,1.608404649419979,6.51779043506283,0.6172284893823455,1556.851370274055,72.9244314734072
1.2383284092708662,0.190387588856533,4.454914520399965,0.21391893026802197,1559.231846369274,82.93503197309178
2.3099328765623275,-0.7156789001754041,5.317260846235658,-0.38670746330750794,1561.612322464493,71.75544846770939
1.6152061506534008,-3.7793645300432925,5.430311948458861,0.324186388854895,1563.9927985597121,69.48447154697627
1.6094911019925058,-0.20146227463525354,5.509960363151882,-0.1934924194390799,1566.373274654931,78.355474952744
1.7946358724975033,-0.4377481535066766,4.8741459146006365,0.44520400259342063,1568.7537507501502,77.23732376435233
1.7214422307324202,0.6369755990673344,6.418520218055024,1.2635052091643026,1571.1342268453693,75.00824282938976
1.6445385985453085,-0.1792755796209854,3.2478492119545774,-0.17941318547177476,1573.5147029405882,81.5237284446532
1.3404653388447907,-0.4288391388362687,4.716838966049377,0.40080257986318546,1575.8951790358074,81.12892099307695
1.719282821002651,-2.6172035198529295,5.58631706852735,-0.37269666601886486,1578.2756551310263,71.32325302955545
2.1426846553544827,-1.357900206117118,5.596028912237294,-0.05613188359564879,1580.6561312262454,71.0697288735154
1.9819386669752388,0.7671849966199997,6.4919815250658655,0.014781143436050647,1583.0366073214643,72.4885558850493
2.05650434200399,2.626227016040489,6.337866911445147,-0.09684183002219028,1585.4170834166835,67.47559735669914
1.425419706132893,-0.09376513624360278,4.854519546358995,1.231506844387512,1587.7975595119026,81.08045019078935
1.2821393722014045,0.5443971558805042,6.440352698248789,-0.15329653733919119,1590.1780356071215,78.72136308531432
1.5415215056324674,1.4815556232041158,4.426860623622299,0.293425769392434,1592.5585117023406,77.32364796149652
1.5962121728990055,-1.1633444381587765,6.072211292502765,-0.9650434346617162,1594.9389877975595,75.21362458265686
1.9079896264703693,0.6033758455475533,6.952268560072699,0.21599828168480514,1597.3194638927787,72.79924053425911
1.0722306078979793,-1.0574218282899543,6.357112990077058,0.5710272961761234,1599.6999399879978,79.2429310809757
2.0390732727006022,1.3507087756447957,5.2483626979462,-0.26379867128952544,1602.0804160832167,72.4380978323639
1.5330443415053663,0.2807357126469744,4.811237603479546,-1.2551110705202064,1604.4608921784359,79.81694958112031
1.452621278478135,0.5014681206137336,3.614849769451578,-0.01932588441366255,1606.8413682736548,81.70308481646322
1.2772935294342609,-1.1199480014530094,5.454406023713868,0.008591925192764038,1609.221844368874,78.8001727253226
1.0847074371691834,1.1146581652354532,4.0290751075471505,0.36203752537215206,1611.602320464093,82.49208242823718
1.8283555648007437,3.1813389749213035,4.3515842512521425,1.005451517706717,1613.982796559312,70.89243166741258
1.603640084818598,-1.4574377467009245,3.9544003231070213,-0.19002682530015338,1616.363272654531,77.59568447003838
1.194897083956321,-0.4550482755521942,4.685181629794256,-0.4281440618301402,1618.74374874975,82.27543019477756
1.1936027356427652,0.40216212276003777,5.1180330162007515,-0.5834589006857216,1621.1242248449691,81.76872328365666
1.4816323250246768,1.234521141201535,5.420046109719865,0.09903930851579967,1623.5047009401883,76.93056938221895
2.083315914115051,-0.7842464569153813,4.546354620636229,0.23967712940925096,1625.8851770354072,74.55332461383679
1.5049741270023218,-4.194311080273174,6.216575319571011,-0.27282769718129224,1628.2656531306263,68.14956630394198
1.132151076525794,2.094180216220188,4.9395173419411025,0.3893413728628948,1630.6461292258452,78.29806483433153
1.509613827451918,1.1963170104946814,4.3604317830503945,0.23269203840958783,1633.0266053210644,78.39164917957237
1.5017628141365278,-2.5587013723561114,5.3748787295737985,0.021615844822445184,1635.4070814162833,73.5268259616568
0.7747573847281376,-0.8554709359289279,7.112572171518233,-0.4512073603720627,1637.7875575115024,80.99440532507523
1.5677787643716983,2.408318460509017,5.484613409783192,-0.24093215774236154,1640.1680336067216,73.21005361907908
1.5150310661475237,2.2279022444935506,4.78703135077773,-1.2148776488412725,1642.5485097019405,75.12944883341933
1.7934178897038904,1.4643306875249935,3.6228603865655,0.11789353209901683,1644.9289857971596,76.55753958370815
2.1394877179598586,-0.20763472462229068,4.931344815874605,0.013170644373717613,1647.3094618923785,74.9679942209535
1.923015661723625,0.1811785634582967,5.386121285726867,0.09423949554474322,1649.6899379875977,76.08374636897496
1.5046251632425436,-0.1395275274165279,4.764048922804861,0.25215950778228013,1652.0704140828168,80.46810649131103
1.2535799695028393,1.74938483632015,3.4866824588707166,0.19291074321611149,1654.4508901780357,80.36787446487084
2.3577920089832984,-1.2565742310704382,4.301939620289172,-0.05519159032301764,1656.8313662732548,71.54331892002375
1.6037962782623398,-1.151345650287645,6.6074820129908565,0.024334021581376222,1659.2118423684738,74.38004262869589
1.5904565698481823,1.5729304017702224,6.587383727773658,-0.7021582083480847,1661.592318463693,73.4629458451285
1.5792876445242552,-0.008858736162505064,4.267183356408302,-0.2918603228447129,1663.972794558912,80.94277696878724
1.6461983414372228,2.1255496419852893,5.827019744011628,0.025235526841730693,1666.353270654131,72.77600954752155
1.543712886345946,-0.9492543038553994,3.9761312328709444,-0.3679267879561803,1668.73374674935,79.31296430028752
1.4151708587419731,-0.02398789997087499,6.5594619900945865,0.4300753979362732,1671.114222844569,78.77947039499514
1.423460583483494,-1.325273966695522,5.400823876081991,-0.3293160404775152,1673.4946989397881,77.19789460127026
1.577941444007032,0.06955563884990519,6.105672476522012,0.10815270562415816,1675.875175035007,78.04407063603597
1.4249895071145748,-2.1591424465283953,3.4413812100702685,0.058282828407667936,1678.2556511302262,78.04015601165702
1.3744130712010802,-0.6726055940962912,5.834555868154629,0.37313879680520484,1680.6361272254453,78.57134764291868
1.620446096027976,-2.095369445578572,5.149689541151775,0.450395587014151,1683.0166033206642,74.0734733061021
1.5122744383769806,1.1000632521890454,6.009738143863264,0.3470163054839697,1685.3970794158834,76.13703914671665
2.040216430227526,1.1342296987412908,6.073122969036018,-1.0530031006915668,1687.7775555111023,71.73300985777254
0.7939788753509514,-2.5358808838139475,5.2244865879082685,0.5970740740065633,1690.1580316063214,79.47173690579513
1.9169735118283808,2.0605095890852874,4.55831961646256,0.7636541120972989,1692.5385077015405,72.6754585079659
1.963599006550371,3.805971655497169,5.939293424492529,-0.2410621421607347,1694.9189837967594,65.86733867211532
0.9680087257947302,0.12902677711596147,5.099891359292072,0.1183234563364249,1697.2994598919786,84.28352621191415
1.4874722181758155,-0.9014857260703537,4.287710151183326,-0.445415840065391,1699.6799359871975,79.4149427126426
1.4790992916505803,4.296850254137447,4.240792748896657,-0.9741892533660756,1702.0604120824166,71.06389090810676
1.1685314522500214,-1.917929440343521,3.6842310693149387,-0.36935763277119316,1704.4408881776358,80.33057817716862
1.3576937177708077,0.0908521830023611,4.651555460966839,-0.27006951973180515,1706.8213642728547,81.93398660887738
1.2581200879576766,0.3302953033461687,6.264990431136468,-0.17742536567590775,1709.2018403680738,79.71181539126846
2.1172284463405195,2.0787529728875773,5.340580578929315,-0.47945704500299396,1711.5823164632927,69.85441912866293
1.8725056571403311,0.6008098888209112,4.633436097092236,-0.36671258340861945,1713.9627925585119,76.56777587518673
1.9735238477436532,-0.6865792975190735,5.968513394616355,-0.0055031608142038484,1716.343268653731,73.54259088232857
1.808814472674341,-1.3652346532743538,4.331635117763492,-0.385113491555071,1718.72374474895,75.61894490877415
1.2538532104788191,-0.45102023580654466,5.259916926499868,0.2717621662750139,1721.104220844169,80.95174833690328
1.4354689045093258,-1.4485077184888775,4.985391821751387,0.34083032569871974,1723.484696939388,77.41689173507612
1.739893949477556,0.1337923670831447,5.944608992004673,1.1901938730822448,1725.865173034607,76.82945399846469
1.2267001893241718,-0.7840685817962263,3.5887067970658424,0.562839966061731,1728.245649129826,82.8431668353173
1.8074953660926993,-2.1786594652406372,4.316194853369314,0.12155152916420721,1730.6261252250451,73.61909612810284
1.5217558768094224,1.945287680066931,3.528605000917667,-0.31013214833383934,1733.0066013202643,77.6698262839808
1.481665267374516,-0.6837677787172955,4.907712628660766,0.1468736758369994,1735.3870774154832,79.07568947121948
1.8076578676496278,-1.8392919560039154,6.379196174189906,0.16329797995817805,1737.7675535107023,71.37171290750834
1.7279075923502296,-0.18930296912836714,4.662781410620994,-0.25665654450283043,1740.1480296059212,78.70930972244575
1.4865978250411838,0.16581579880942665,4.658005261425518,0.3918656983764388,1742.5285057011404,80.70567001050868
1.9429460458453245,-2.5562686851445173,6.040874832781559,-0.6990490073409377,1744.9089817963595,69.00444767120376
1.271087890771876,0.5610760933898743,6.23816180565858,-0.12219991776875527,1747.2894578915784,79.07136393186244
1.7804477095175717,-1.5069583347458684,5.081503648169953,0.27792922965870337,1749.6699339867976,74.36676701473982
1.7738578973739079,2.63049489377511,5.8552526673537,-0.1437920737960485,1752.0504100820165,70.45002058554041
1.503324434904948,0.8500663459145321,4.094046999920534,-0.10337720171463562,1754.4308861772356,79.70716815609329
1.6942894742541854,-0.5355502734429415,6.549440231848169,-0.06889293059614023,1756.8113622724547,75.28264817458691
1.2213770497150165,-1.0532775737222875,7.320637178613687,-0.4178006203438728,1759.1918383676737,76.61483390005361
1.8741811376083877,-0.09280287344789108,5.693612292248845,0.5869504657871041,1761.5723144628928,76.2341252771399
1.541764654295783,0.9840096425273877,3.088531125730408,-0.5090188359614075,1763.9527905581117,80.57306197071966
1.4406810066219826,0.026757415640663557,4.615099360318117,0.1590796637049426,1766.3332666533308,81.4850093674453
1.9124636522444287,-0.2605642877097103,5.7866224496575205,0.20682394914118676,1768.7137427485497,75.36894638828402
1.3867211032128541,0.15290490981063137,4.752782265723738,-0.4743109506044834,1771.0942188437689,81.39479550118497
1.1757495015155863,-0.8402631365723292,6.446932581671705,0.03655212719037165,1773.474694938988,78.82294727393693
1.131563172583108,-0.44910760717103715,5.763360686018584,-0.4548160863723511,1775.855171034207,81.17968457237967
1.7806192984262483,-3.062811116342468,4.469197944607638,0.6955212375279727,1778.235647129426,71.39422090482239
1.2149522498226015,1.5266433833262094,5.208408909565006,-0.5693914684881065,1780.616123224645,78.65116017875616
2.1257844068823784,0.5144274386740221,4.2827821612045875,-0.3269485471159822,1782.9965993198641,75.28348290644904
0.975032780804187,-1.0937760306039428,4.994502416110764,-0.6121125041777903,1785.3770754150833,81.9735440528905
2.1088143187052024,2.9146874108449854,4.622966596399788,-0.678849363433776,1787.7575515103022,68.90831702864624
1.6634488075945162,0.1972870988777337,6.3527948090041155,0.7956076454411467,1790.1380276055213,76.66999957854335
1.5713961472548055,-1.4872753040855131,7.294518867170414,0.27138733695628103,1792.5185037007402,72.76886426099216
1.4372012223220831,1.3522240977821995,3.7477929083016135,0.070146712850272,1794.8989797959593,79.50014061451542
1.7206850043858866,0.6643684381507373,3.2562400161551643,-0.3282884816734608,1797.2794558911785,79.68923884530332
1.5899213352349606,0.6593444755346058,4.9347595709706855,0.4538059055233842,1799.6599319863974,78.23012877282777
1.932470240616174,-0.5709802896365741,3.6619926140801486,-0.4121112196837265,1802.0404080816165,77.61979842985895
1.6360162548252841,0.7435755591515002,5.227096866296113,0.39681964716505147,1804.4208841768354,77.2122857640748
1.6471071270473427,-0.3246263695924554,5.930298955777091,-0.4362556383028181,1806.8013602720546,77.11612862597448
1.4932019274933825,0.9021025715737895,6.675982948213562,-0.32225385093783593,1809.1818363672737,75.78515372879812
1.5854712507566315,-2.7890467224339903,5.383714448267195,0.37914119305896055,1811.5623124624926,72.26804151546118
1.6951651694226342,-0.5822604352987727,4.989644132937117,0.43191367207788356,1813.9427885577118,77.49856135696632
1.090044176006746,2.651962442581448,3.204894539077998,0.2987364669483806,1816.3232646529307,79.84239867687542
1.1989094763873898,-1.0816911144210484,5.2099453323308715,-0.5248370578783974,1818.7037407481498,79.88957840435195
1.8266150946079402,-0.8366668686390294,5.25552880081813,-0.22336343286141438,1821.0842168433687,75.4121188703117
1.6551666153881832,-0.6026706850417624,5.823680341234613,0.0784493705992567,1823.4646929385879,76.5164698524382
1.5489834547593242,-1.752756900056213,4.476718041875581,-0.4246404809550458,1825.845169033807,76.5111630489715
1.6099804614667255,-3.2427876433109732,4.75063678918122,0.6854813800646465,1828.225645129026,71.88723201621693
1.7089969732042412,-0.2760646233882594,3.708171009754909,-1.200973471975273,1830.606121224245,80.07560614126305
1.443067091718216,0.2737857999965017,2.895364963446645,-0.38936975768457643,1832.986597319464,83.42795132109305
1.371776466572268,-0.008579013346003708,4.0786458144351485,-0.25478325143491587,1835.367073414683,82.88637201240412
1.6642947032708562,-0.14695709176079585,3.6173028555097417,-1.4219718323858839,1837.7475495099022,80.89229536116655
1.3123028901722844,0.13510445524677733,5.5248273593438,-0.6981145651180954,1840.1280256051211,80.87657470148908
1.7285645010530302,1.604987990218605,4.670468031046366,0.3126447562710342,1842.5085017003403,75.1533119694597
1.0955878981158838,-0.21476062596900133,4.650852611058075,0.015141818276481901,1844.8889777955592,83.72211633356332
1.9153843298001285,-0.790032106562614,4.205164978006896,0.7865680110214514,1847.2694538907783,76.3940976281821
1.7486918967082004,-0.350413126009271,1.9575015043485222,0.7726132229424095,1849.6499299859975,82.19817975478844
1.683996939826955,0.9404788193236918,6.69886722791696,0.21652318930197334,1852.0304060812164,74.12852659119969
1.9022710364316038,2.1896828119801737,4.190776128330677,0.1566191245003558,1854.4108821764355,73.02146048610072
2.107382150468532,-0.8703890640005946,4.779117382825221,0.03296555428945024,1856.7913582716544,73.79629406201242
1.9123272666836604,0.22041151199547318,3.7371367185830833,-1.327541008939745,1859.1718343668736,78.54464800866741
1.0560307619938425,0.5797315171661634,6.164451288139897,-0.6972797566630377,1861.5523104620925,80.855748178924
1.224697079754393,-1.4164868969098323,5.3364425721930635,0.05033775154946704,1863.9327865573116,78.65654226140069
1.4214020890148191,0.10319085903505916,4.3671416699759495,0.30801285437383574,1866.3132626525307,81.82009363532987
1.6169528241018454,-2.1257604466540796,4.801771293613479,0.14483490606907035,1868.6937387477496,74.54731935012981
1.7647014160610568,-2.5806396489955516,6.8726754064276605,-0.4462324838578288,1871.0742148429688,69.12177643938118
1.3919591210226572,0.6232411218175168,5.122021261396405,0.4687031412347478,1873.4546909381877,79.62319233518033
1.66599120352685,-0.5025046625403565,5.013752994266275,0.7412220143773183,1875.8351670334068,77.8951792240349
1.3836255578594119,0.3769142364754345,4.254601513977017,0.4689948001456699,1878.215643128626,81.6068076749706
1.4270647142161588,0.04683757122997046,3.301898947507685,0.49479966479523535,1880.5961192238449,83.51353993693428
1.1888016977742637,-1.3907333884432092,5.036939151893955,-0.27961289897760544,1882.976595319064,79.45734421885693
1.334110378877099,0.00617211552707532,5.522961294920831,0.5379670613503996,1885.357071414283,81.02724473778427
1.2058556510737621,-1.775411269016508,6.297559633676403,0.07287931966382863,1887.737547509502,76.46828716835404
1.318880091080407,2.160886581651172,2.949978251231201,0.2557777642610024,1890.1180236047212,79.62177544038201
1.9280159943375559,-1.9593398803864766,4.073878704719555,0.18271592141235454,1892.49849969994,73.56670428725403
1.3273855312538707,-0.218874441183903,4.618734816827467,-0.06074355272020551,1894.8789757951592,81.90562742176807
2.402201914069573,-1.4884158523253022,5.196496564081652,-0.43000123756115094,1897.2594518903782,69.26660021050768
1.7607651157641768,0.9308115903744668,5.0554458560269735,-0.04106833177702317,1899.6399279855973,76.00368131390996
1.6685033876565794,-0.4217786898901761,5.079293626398273,0.4933808087414114,1902.0204040808164,77.97858573442451
1.3558283757086127,-0.7024429395898306,5.609581764815237,-0.2207379026564548,1904.4008801760353,78.98289299813366
1.8237121869671862,1.3555484663403243,4.298696619255538,0.446673631304073,1906.7813562712545,75.57338640952838
1.4412117428213214,0.12008128131143059,6.136635825687301,0.3685353353088359,1909.1618323664734,78.96514911561991
1.650790256801079,0.8510915438422646,5.6364521082016505,-0.14946869850991515,1911.5423084616925,76.21127092368323
2.3824972497695787,-1.3956743125835704,4.883673315052259,0.6944000518097884,1913.9227845569114,70.12532624780606
1.585938848419667,-2.030720870333219,6.804920113377026,-0.177773335595353,1916.3032606521306,72.02830686674407
1.9598241004375394,0.23750667809475823,6.760935328997254,0.7547734313063158,1918.6837367473497,73.58623750776691
1.4043748133954974,-0.4013843726199211,6.137922450186277,0.21706349077048626,1921.0642128425686,78.5546568860068
1.6051171863322546,1.0167278310018117,2.1869787556212623,-0.007932959226756766,1923.4446889377878,81.33677479840554
2.1471402708867284,-0.042595958863107714,6.78498967973322,-0.4439006901688269,1925.8251650330067,72.53890341614857
1.4280966637411294,0.3850708629035847,6.001312799942974,-0.044130115067520646,1928.2056411282258,78.61058033289754
2.1602084035245754,-2.3574245708282007,7.213473235269376,-0.10187975674721014,1930.586117223445,66.00456149182884
1.829086825976829,2.9104962396481757,6.4450401390049805,-0.6291481926254527,1932.9665933186639,68.42350458455746
1.4483089759532481,-0.16833030506702895,6.786429804113336,-0.10880771135883356,1935.347069413883,77.81305772353645
1.807059447986179,1.124605206355147,6.087254185770641,-0.40190159004854287,1937.727545509102,73.60113012156674
1.909391932872189,-1.1757204400066599,6.557805372839592,0.2929958844893909,1940.108021604321,71.94885537774645
1.804457412530628,0.5406244692363242,7.203749383161941,0.6531402378641015,1942.4884976995402,73.40715545192126
1.1471361879462842,-1.8754647426781705,5.426694478668733,-0.6134578381476203,1944.868973794759,77.9942069217312
1.400351985380565,0.7570971828081903,3.6384239237050275,0.8561538641834613,1947.2494498899782,81.44680527437745
1.5445274358438312,-0.4547724422392274,4.903708924890249,-0.06427551719256487,1949.6299259851971,79.15128602031591
1.5967432403271782,0.1231679352748126,5.6016314110406675,-0.4875106924692571,1952.0104020804163,78.51568712263455
1.8055654950369573,1.126536955709649,5.287090012410232,0.37887739010409166,1954.3908781756352,74.80849863181487
1.6729651169329447,-1.7690405890617746,3.966157707890295,-0.223227239127524,1956.7713542708543,76.24444103004657
1.219342814087805,-0.9467735147853052,3.582169924495395,-0.04086833801574709,1959.1518303660735,82.50506881359121
1.734297136217144,0.7661449422403848,4.472593386325801,-0.20213912210603946,1961.5323064612924,77.50137047517319
1.8037055178816739,3.2276854080178046,6.022014745844643,-0.40836896593245003,1963.9127825565115,68.46812021813514
1.7887592962236631,-0.12657539409598845,6.795134725212927,0.36199851620095186,1966.2932586517304,75.18078505715133
1.9453491012252149,0.9674474325917842,6.1318829623267295,-0.1431507014470936,1968.6737347469495,72.82076416522872
1.871584605804629,-0.07951856516108168,6.273263659451838,-0.7183258960896229,1971.0542108421687,75.41863125148251
1.7594554132562705,2.9945026517929425,5.135542452592423,0.2755300621079664,1973.4346869373876,70.73478638557884
1.6009454602645798,-2.539502384646434,3.474797851097901,-0.6027911755118777,1975.8151630326067,75.63148357962042
1.1240010320284635,0.22345777505954423,4.762182640598647,-0.5766300863376294,1978.1956391278256,83.30607334522546
1.751469270370776,-2.3565935139224248,4.959162351916066,0.596303102488658,1980.5761152230448,72.65801852435364
1.6851849574943254,-3.6779382549081467,4.72139844888946,-0.5981699496051059,1982.956591318264,70.24157702944083
1.7046475033850486,0.5283089811610159,5.273670602666068,-1.1582224284637452,1985.3370674134828,77.13154161601797
1.2404448345280406,0.2915596324039439,5.660920928380299,0.3114307424807478,1987.717543508702,80.85616085019537
1.299448354366004,-0.34474519562098027,6.073042417556356,-0.15193171474056516,1990.0980196039209,79.63298654968499
1.9400074358693558,-0.07658341514663997,4.942434055401638,-0.10882756056905821,1992.47849569914,76.87483089207609
1.6124916512601426,4.730354616051645,3.317321834208098,-0.1572501966751,1994.8589717943591,70.2981974984776
1.8291053783432332,-0.30415926095952106,4.738731470275879,0.1158349695093634,1997.239447889578,77.4986616154415
1.6334480078515436,0.8484882052167158,5.265848165902927,-0.37635962095153397,1999.6199239847972,76.91242317529148
1.6341770169087406,-0.8905471127141433,6.445474900017883,0.7380574372828822,2002.000400080016,75.0320037329179
1.9070333510670807,0.5265476687437589,4.655388974303506,-0.7381152401546992,2004.3808761752352,76.4442805581487
1.471033179189986,-0.27345278081329416,5.736270913119754,0.22243745833856154,2006.7613522704542,78.94369624476724
1.6549815732850626,-0.5316808306260833,5.51434628221813,0.32106050193829194,2009.1418283656733,77.15942591382709
1.4877618503054766,2.8126440895784803,5.2686906431980365,-0.37982588041668897,2011.5223044608924,73.16325900881293
1.496395019568169,1.8502733699750842,6.155855786520793,-0.5118672226389092,2013.9027805561113,74.16937273873575
1.5342920558047985,0.28981576632910633,4.56501425719478,0.5085871070850781,2016.2832566513305,80.15360275194668
1.6939839835496837,-3.371422002542904,4.651202620684607,-0.49543037700835746,2018.6637327465494,71.04276919421835
1.4840197789413585,-0.45641759125192016,5.2150224932442635,-0.3033319703752834,2021.0442088417685,79.16426405047294
2.004672070659942,4.13983816859955,4.587311686884764,0.44365448122987317,2023.4246849369877,66.73206048289444
1.3598642640361713,-0.26049486349154716,5.73600598830264,0.01737061676951211,2025.8051610322066,79.8658397465278
1.5724865373344041,1.740525045135695,4.515337527781089,-0.8985718338145523,2028.1856371274257,76.2957887968139
1.4969306431480014,2.248813576682404,5.4553708044211415,0.8735295722767571,2030.5661132226446,74.21946470647828
2.0632456101504677,0.4145473703468613,5.12943122204764,-0.265005379389983,2032.9465893178638,74.76351985985764
1.6884213161785673,-1.176429192318832,5.445067979399096,-0.20137864495320865,2035.327065413083,75.38395452067573
1.9393112376130845,-3.5664632471593363,4.77093927297695,0.12789212616318266,2037.7075415083018,68.41294307173155
1.1843931105754544,1.112952294571129,4.892131656560365,0.3125383985020364,2040.088017603521,80.404276894128
1.7104800031280276,-1.1352240553238222,5.32776913176105,0.9805521456457335,2042.4684936987398,75.48644613902465
1.8975582171016379,0.3513383301079427,5.434374912231725,-0.8300340747028482,2044.848969793959,75.78962606956945
1.655658584411243,-1.7874149176316354,5.228639662615272,0.4129761044629729,2047.229445889178,74.44323453670806
1.9509222635288832,-0.31033754336578484,6.938745736085133,0.3715048470250385,2049.6099219843973,73.20865942922677
1.4763967335264803,0.1383007613893078,4.243188892025991,-0.06858245543705835,2051.990398079616,81.4782908902759
2.0546929723262326,0.4908161984134859,5.1702650766393905,0.39363684740811117,2054.370874174835,74.58001811039733
2.3218640032369526,-1.5841035702611694,3.661383539929554,0.4671370088182734,2056.751350270054,71.97275373855712
1.5236491780665518,1.8837002539409948,5.607638360797964,-0.6909813924935022,2059.131826365273,74.69009839941816
1.499156523992142,-0.8068039901563746,4.120855295467406,0.8748832529404151,2061.5123024604923,79.80845488947082
2.069129511928261,-2.4229614114845677,4.9583371553108915,-0.7793811265690709,2063.8927785557116,69.95205464289616
2.1072930550593933,-0.07458752238507593,4.865129294828993,-0.5676581406193866,2066.2732546509305,75.65749281131868
1.476870999908081,0.14071563557573102,5.518631585363948,-0.13089383681204814,2068.6537307461494,79.5552955337501
1.5079809138058384,0.33024212238070333,4.685497009449656,0.9624702565935283,2071.0342068413684,80.08230186942706
1.54980988132363,2.132762114848807,4.6435303271625195,-0.15412831487669323,2073.4146829365873,75.30432017154516
1.2313187698853383,-0.2649039729733748,6.675241216433669,-0.015966945025405334,2075.7951590318066,79.47432808383336
1.3593673526308534,-0.08945414550241504,5.524500899943172,0.7160393019522817,2078.1756351270255,80.61467446528238
1.3340300740976367,-1.5645950357674687,4.679433244196856,-0.15015907128273637,2080.556111222245,78.39712195150494
1.4052427563058154,1.321218271556548,4.990201040787976,-0.5892183564653378,2082.936587317464,77.96971070948014
1.6254866355014685,0.36705833059549053,6.886940910879639,-0.20861741761915725,2085.3170634126827,75.74804972318006
1.7064669515255608,-0.539239903098174,5.006972955997089,0.6853959169028887,2087.6975395079016,77.48970519605444
2.101663463822582,-2.7660031628792896,4.553413716364695,0.03543249852756824,2090.0780156031205,69.44156380767407
1.3373182421371281,2.257834595488475,4.55824732428919,0.9653291295281299,2092.45849169834,76.819496587748
1.9324326664487994,-1.7500959820802027,4.6946707579541105,0.3689674631310776,2094.838967793559,73.12329257627793
1.5732511403518834,-0.7952851516415343,4.6498539106746755,-0.3224044681967417,2097.219443888778,78.45099713206909
1.6229208816041703,0.6293567629472716,3.9652588085394687,0.02553815223253917,2099.599919983997,79.49535282698926
1.840518397196898,-1.7027885265604186,4.121262213358651,-0.42660905907093977,2101.980396079216,74.8369881859858
1.3015688522918964,-2.148007694872658,4.416698218990783,-0.334216515324385,2104.360872174435,77.59238261599701
1.7534216459961227,-3.0934555592903923,5.8381465244813775,2.2395421255128785,2106.741348269654,69.48176814708297
1.6889480021517984,1.1741703224837081,4.865895761061138,0.5093122550169055,2109.121824364873,76.25414653498464
1.787061690603953,-0.7248951594884774,5.0405295311753076,0.43054899450333656,2111.502300460092,76.33047427968422
1.7263912304541327,4.483998896897853,6.518338047089186,-0.311590157654032,2113.8827765553115,65.20136584348853
2.376545359301987,-1.3982290535604975,6.543816602967252,0.7847920331405395,2116.2632526505304,67.67633958723198
1.448948356266908,-1.2886629674485133,4.967244570715248,0.5497078008964685,2118.6437287457493,77.73588887517059
1.4812866534219942,-0.754365628813076,4.619066693623328,0.9408106446788854,2121.024204840968,79.33519266015637
1.453959324541999,0.45863630435401925,4.386061210716558,0.9165570741992246,2123.404680936187,80.64264282670412
1.4745744434348935,-0.6111599553893203,5.943829243811296,-0.739544644048761,2125.7851570314065,77.75976069833061
1.450317891871209,1.0128543410458775,5.046908819923337,-0.5549197446349536,2128.165633126626,78.29495778253063
1.9985557944422763,-1.3733153615763078,4.865684372095006,-0.5018939077318182,2130.5461092218447,73.27973868237851
2.068319268720466,-1.9776089148130318,4.43907852588202,-0.4719703216662185,2132.9265853170637,71.85080577438066
1.4712616195788182,-2.6023317706445535,4.483641160239565,0.1617261821301952,2135.3070614122826,74.99861587639873
1.3930967033191965,-3.240159001738818,5.573930858605183,-0.2834017260479088,2137.6875375075015,72.3939325811916
1.7845462638798428,-0.6816891312366374,3.9390001287152656,1.0362992703812592,2140.0680136027204,78.11090686779676
1.4777732595597393,-0.3558436866938124,6.2498734455106595,0.9523399410408189,2142.4484896979397,77.91339453852157
1.8336386482174456,-0.8513161392975801,4.721727094657601,-0.0032307970395198836,2144.828965793159,76.12000982403009
1.7049552933595962,1.961160953850214,5.10650341060013,0.9776631080748951,2147.209441888378,73.7977001525975
1.189674790985103,1.9383106647350512,3.919729642720375,0.7440673136201009,2149.589917983597,79.75723054620099
2.10896957843001,-0.40572580247942497,5.244910538257177,-0.22535327958862944,2151.970394078816,74.2465630589756
2.18380166667302,-2.5941894266250354,4.9295250390771965,-1.0046076720127808,2154.350870174035,68.64982554143745
1.4615224584790714,-0.7531516183329878,5.20833551780911,-0.10898419248036467,2156.731346269254,78.61243800962129
1.5293696526902685,-0.8026120104282164,6.7306957795548925,-0.3223110655392365,2159.111822364473,75.66246908307497
1.7317611471018641,-0.8883680901608253,5.4372563211402705,0.10325281257291519,2161.492298459692,75.76910611607262
1.7466603302604815,-0.949029493671118,4.465471114990861,0.044614143437374555,2163.8727745549113,76.95593695125206
1.8442086926128571,-0.8824307363798721,4.549383042006335,0.03150882944961428,2166.25325065013,76.21617905513796
2.2500292441541996,-0.48183383549711006,5.856407421512514,0.26184237068958227,2168.633726745349,72.01057032575486
1.5942065401560186,-0.8551178426205128,6.560543439267617,-0.6062609735418393,2171.0142028405685,75.26773791329914
1.4081247150892888,0.4108930219056047,5.544342711330294,0.2056801387848539,2173.3946789357874,79.39125565752624
1.2341416542597106,0.6391780223000042,5.95171260706867,-0.21980807650850304,2175.7751550310063,79.6013527995693
1.4289822990613896,-1.2671267567444247,5.873313387414865,0.0999910999318435,2178.155631126225,76.59035463452553
1.6386474617283748,2.0056550247375595,6.683216508629546,0.47870492261609493,2180.5361072214446,71.85185798138478
2.1872775093590517,-1.370820019225111,3.3151389833694616,-0.6121998866105148,2182.9165833166635,74.10202140201062
1.4939517114727179,-2.327210853267293,5.932525785853096,-0.1406468263347847,2185.2970594118824,73.33157049627039
1.7166967917217453,0.6708740445342948,6.2496212105348095,-0.05926711701443209,2187.6775355071018,75.21480873908808
1.6449591966214092,-1.1261881579926867,3.9277404102079547,-0.25713448578532044,2190.0580116023207,78.13324541673508
2.006730060857471,0.5820785920181127,4.381375511678999,0.44991474806647863,2192.4384876975396,75.91889976557646
2.4086181741315964,-3.5051439374044553,4.416841156028752,-0.3601941794002358,2194.818963792759,65.34293302939295
1.4916045362065302,2.189260690946352,4.539414546880619,-0.2777001997211694,2197.199439887978,75.78489016266096
1.5043604112069286,1.1092349413688667,4.787069160553177,-0.3549595664760323,2199.5799159831968,78.01142561609264
1.9647679371295381,-2.1497017077386245,5.511971122403948,0.5460277057194008,2201.9603920784157,70.63964555001121
1.8564149051097838,-2.1169340469548352,6.135625688006287,-0.24622205620610838,2204.340868173635,70.65290710972522
2.206187794322427,2.6098492538807023,6.351851351726967,0.2300226954417781,2206.721344268854,66.29809748312837
1.8276825447457847,-1.0044004624816074,4.4332953195397655,0.9878525506150371,2209.101820364073,76.21759550652006
1.5450453086249092,-1.1493886491915843,4.4269999983832875,-0.03740921017529266,2211.4822964592922,78.12566591044683
1.8303585859484035,-3.2969700500634507,6.588110083110821,0.5560303400165787,2213.862772554511,67.23254106258791
1.9861027659619195,-0.4238395138776332,5.919618054151173,0.835677042046564,2216.24324864973,74.17215200638381
1.8999662553592451,-0.23903168825360527,5.356325465869061,0.5135957800202069,2218.623724744949,76.16820253768844
1.8063340737118667,1.1760075547406794,5.747384434452171,-0.008400657988870209,2221.0042008401683,73.98823187177511
1.9744848888027173,-1.9956293209927323,5.244831741572508,0.32105387949930675,2223.3846769353872,71.34779997473767
2.0056021307726195,-2.177221219268303,5.799808600627912,-0.6436892965676727,2225.765153030606,69.81241700470642
2.0697924768297744,0.7798738051770595,4.93974624486051,-0.390021579074976,2228.1456291258255,74.08235630512839
1.8500894258416603,1.6137460798837755,5.54520752922104,-0.3023375908159595,2230.5261052210444,72.84710809972572
1.6056730696826151,-2.2528561974917105,3.766446827457475,1.120306060087141,2232.9065813162633,75.87280470762359
1.7001549880872244,1.7263650508877637,4.589799495676306,-0.4062922571276335,2235.2870574114827,75.19814822456834
2.0184263146559434,0.16062851203252312,4.6011641560157654,-0.4137383756309148,2237.6675335067016,76.5492719686475
1.4117260201201267,1.7422458228895001,4.90437747153317,-0.5219604901244917,2240.0480096019205,76.99401107451548
1.7677421649576819,-0.0005704274125505893,4.352847051523916,0.27990588096538044,2242.4284856971394,79.32736603452129
1.5394723336437697,-3.678434224670607,4.746410111673767,0.07131069633444141,2244.808961792359,71.36852060166268
1.6664315834352417,-0.12274564910419399,3.7661337359215175,0.5433794885132824,2247.1894378875777,80.71248260587531
2.041678208716457,1.6956441612964168,5.829842965166932,0.33562983303867716,2249.5699139827966,70.6826994792769
1.7158072378863625,-1.2349673503053105,5.199224289942635,-0.6901949233620337,2251.950390078016,75.38728728623187
1.6727437036400123,-0.47607229389906647,3.577126150789615,-0.40363888500518535,2254.330866173235,80.06218040994781
1.2511914727786206,-0.1581013786114031,4.448100427360165,0.6826643741379107,2256.711342268454,82.92306413020228
1.8833603149268439,-4.2429479897236035,5.620128974439816,-0.1016491222884025,2259.0918183636727,65.89555404461652
1.853465783673734,2.6135683827104885,4.741103439092275,0.5937959090090064,2261.472294458892,71.5266976151955
2.3091335847024355,-1.24529207470523,4.587782393569988,-0.07484047395765853,2263.852770554111,71.53202754526245
1.5681606897709361,0.8655992555470893,5.210730274559633,-0.4838282141442607,2266.23324664933,77.47462093112534
1.7265766052687093,-0.022830699575961358,5.629520214235154,-0.15163038883335306,2268.6137227445492,77.6860300875577
1.735984312962098,1.9938747231049545,3.8501705791366105,-0.48402489777484803,2270.994198839768,75.35218281983592
2.1347432468239096,0.7167556922386996,5.837252504142088,-0.2827763812012119,2273.374674934987,72.37428603859884
1.6332570123914305,-0.2444892925431178,4.487432357694875,0.10046285328262299,2275.7551510302064,79.59157213296845
1.7458908932179191,-1.2321496817877087,5.270399917060098,0.25580254518451023,2278.1356271254253,75.04689877419723
1.8448925059477328,1.3051250874283888,5.253510620255639,-0.7950956616271491,2280.5161032206443,74.0977813034637
1.7188457616922845,-2.7015866061016736,4.7624681479742295,-0.008684003754549086,2282.896579315863,72.3515651692462
1.5292727662594774,1.0776375308302628,4.26647865497975,-0.2933078677798762,2285.2770554110825,78.67200606037889
1.7217700285400392,-1.539538440218611,5.005056617544264,-0.3242074044794062,2287.6575315063014,74.86940874481675
1.9859730898410424,1.9876812028570336,6.9166788688673915,0.06634230956653842,2290.0380076015203,68.76799397082799
1.356269863439009,0.3514322828355939,3.9302795531138393,-0.275225936344606,2292.4184836967397,82.37584105572819
1.7044565980522584,1.0758961156472933,6.984874256097223,0.691068997423337,2294.7989597919586,73.19729554231786
1.4548710480389648,0.23292141575089015,5.033447348960297,0.5940309381255301,2297.1794358871775,80.22855705287061
2.023763232077343,-2.5183994804449017,5.329147849799555,0.5909141469710197,2299.559911982397,69.52017366756968
1.208635477010584,-1.1806993794625302,4.207674163629879,-0.24745509774515093,2301.940388077616,81.06765648981418
1.4982576534767187,1.119206811522537,4.523724730270421,-0.48124941745966116,2304.3208641728347,78.43033464797428
1.7794407835566823,0.36083520673131675,4.792694298472783,0.041014964694057764,2306.7013402680536,77.67334426700907
2.136277797353412,1.8825652503472479,4.250519408825394,-0.0751741831431336,2309.081816363273,71.8275853820665
1.6472392319736495,0.7162213847527882,5.0879074831545426,-0.30441158121168244,2311.462292458492,77.39967145759702
1.500748528166675,-1.3385139119375669,4.890421239170357,-0.5878672233334807,2313.842768553711,77.31209513606714
2.2319999370525525,-1.082327662434034,7.148830593494179,-0.020758984634035783,2316.22324464893,68.71493545725323
1.2335934303078961,0.26637448607336855,4.132688215088907,-0.20203472512623666,2318.603720744149,83.26628401972005
1.0087009518257906,-3.358837606458948,5.40196649685848,0.34417351851900985,2320.984196839368,75.4303486239586
1.8006925663735134,2.6226216493394867,5.547736470981849,0.3325530257607397,2323.364672934587,70.71630063919041
1.5184178107640816,0.7753094899462457,4.230184479027923,0.5503999027113585,2325.7451490298063,79.56910707047984
1.3630104338096547,1.9534720815392208,5.9879479913619384,-0.6296477759400191,2328.125625125025,75.2303143386318
1.8822337681843306,-2.257754688550737,4.903409580886415,0.20052915384681633,2330.506101220244,71.9426287618189
1.7432139573381928,1.9802302360041053,2.809963669673525,-0.36373285311683606,2332.8865773154635,76.88876724677391
1.5011974173647755,3.460862370932152,5.96282029047931,-0.6102071054055423,2335.2670534106824,70.39403429803245
1.2866773045301394,-1.867471783645038,4.186647781020139,-0.21430111847435504,2337.6475295059013,78.75793043311609
1.932853794327717,1.271180422918099,4.256432335360765,0.5343524900673089,2340.0280056011206,74.97457008504188
1.8665252751101904,0.11597486484600118,5.9927286103992286,-0.1861591767852421,2342.4084816963395,75.78876772140464
1.6420608426343484,-2.2021083711935905,4.958284920724951,0.7827273299795561,2344.7889577915585,73.9208149498538
2.2261537347946865,0.8541010484313958,6.223839058961077,0.27443925776016675,2347.1694338867774,70.7197589121224
1.351486594461417,1.365412823495531,6.516854138670674,-0.1970452394902885,2349.5499099819967,75.99929397756382
1.2152042156273697,-0.7864486510667427,4.662381347508442,0.5800242144532043,2351.9303860772156,81.31867262605152
1.465639442652599,1.8643493561274824,6.101194697940759,0.22269838605714284,2354.3108621724346,74.46221902154937
1.6598865095891564,-2.384436900519926,4.55309442437744,-0.4662796942233527,2356.691338267654,73.93017403542078
1.7469149543380993,-2.126192139980272,7.542294796316694,0.9294013177902576,2359.071814362873,69.39575782086948
1.6018934613965312,0.3210722792187487,4.616846157697105,0.1297394115432383,2361.4522904580917,79.45690237423523
1.7802324110865104,0.15448844504655507,6.336515515861731,0.009398095992745914,2363.8327665533106,75.86714632489893
1.2995058324205315,-0.9582151261843813,6.154843643086313,-0.42776633495280797,2366.21324264853,77.97615006054532
2.1084492626117384,1.3312715748843358,5.627767611246286,0.5897691338038691,2368.593718743749,71.36257554502582
1.6510271037507385,0.9134564428362635,4.641763429282888,0.25863771368065325,2370.974194838968,77.5454969189791
2.011214136790348,1.4045588646102973,5.161536529949986,0.31461909014762046,2373.354670934187,72.6565849492265
1.779196275439275,-0.06711887201109237,3.1599739697682723,-0.2537656717628842,2375.735147029406,80.85867166180566
1.8137582756508048,1.0216919419039576,5.538610811546107,0.4170502859550342,2378.115623124625,74.62778772271452
1.848016486519689,-0.5504179195783065,5.664435424272879,0.45590679678540086,2380.4960992198444,75.3431701724874
1.8117532171672333,3.1990218012379192,5.448949462016108,-0.33438911939056126,2382.8765753150633,69.33499556654317
1.8706121780009655,-1.1002884218225106,2.3427744510020245,-0.7084950698404955,2385.257051410282,78.77021984493297
2.0768961641257477,3.27671308091148,4.0510753861742215,0.290686529669462,2387.637527505501,69.11643490545399
1.7374621652084277,0.17133579683277064,4.569252687014425,-0.7866734748028699,2390.0180036007205,78.81808415572901
1.8915627049531614,-1.9440252825687092,5.609635071280793,0.07600788891888967,2392.3984796959394,71.59298254703174
1.652296986935713,2.171597489214155,5.6079481415929955,-0.22362255239365356,2394.7789557911583,72.94070816908942
2.1116093315686486,0.30856819388164314,5.1490191714666995,0.6093326053944605,2397.1594318863777,74.61217610554665
1.4770133021946044,1.396640142778614,5.955122857159309,-0.19642194538360364,2399.5399079815966,75.75960893975767
2.2205703027308608,1.9559759930523004,4.294269931999529,0.5536364860019021,2401.9203840768155,70.90409269752307
1.6685983218761966,0.6273638025972043,5.931382929373106,-0.2571047221815131,2404.3008601720344,76.18572952443776
1.2517710648126208,-0.7676922035871981,5.796526274525288,0.4999955025298055,2406.6813362672538,79.37181156074311
1.7197931624664606,1.5844779584993576,5.699975778159197,1.0301707719184159,2409.0618123624727,73.73049613678113
1.4774049374626004,0.1222802176519364,5.141018119501126,-0.5340235691831202,2411.4422884576916,80.16353277691766
1.9342724502801754,1.150172984968334,7.154440510313143,0.14601786086545399,2413.822764552911,70.91872716986805
1.4866514968379867,-3.1089700669347224,5.817531138496463,1.3743912079550324,2416.20324064813,71.6080661502146
1.5489433198760683,0.7923381420751126,4.356638980907334,0.03329441345146084,2418.5837167433488,79.09264961444268
1.1162961439352939,-0.8357731622382432,5.57392034368079,0.030894135114824132,2420.964192838568,80.61931742740086
1.5478268349893334,2.6023102762771666,6.078738898432541,0.39424947367550983,2423.344668933787,71.9935012817436
0.9567156544871251,1.0572173234841842,4.738788205477134,0.020540432047377086,2425.725145029006,82.59504914717684
1.2090696813085036,0.4826136376767586,6.416810964005268,-0.8536129972852763,2428.105621124225,79.49569200933217
1.9127263552425706,0.85253296229152,5.710214965092511,0.5661436874194693,2430.486097219444,74.00153430469187
1.9207037902062443,-1.3743521175744142,2.986346093643088,-1.0014742069325964,2432.866573314663,76.71897024394937
1.81296314952485,2.558435623118321,5.6291402102079005,-0.2083958255691709,2435.247049409882,70.65649543069355
1.395595530595615,3.110847876648276,4.924083509648402,0.6037128745783241,2437.6275255051014,73.67199079914178
1.6717378134034557,0.7134044126530243,5.867937539423602,-0.17827121432139287,2440.0080016003203,76.0406801520044
1.6853336593972026,2.50988163361004,6.275618255584033,-0.34684824623220206,2442.388477695539,70.82919925742124
1.3392685694115858,-0.729203647229235,5.5272117825539935,0.4396319525832803,2444.768953790758,79.17202465280323
2.1381613759111224,-1.0709090924168199,6.997948919066432,-0.4255573934171933,2447.1494298859775,69.72051288306932
1.9507148359319593,0.1863912222662228,5.154637379897407,-0.6111128597959768,2449.5299059811964,76.19634718703266
1.6215815141552918,0.7776587350879753,5.958810296483548,0.1372569937466417,2451.9103820764153,76.14498560431241
1.6963014897141362,-0.4654895298541627,6.139583885665394,-0.09146164920629546,2454.2908581716347,76.0564884291534
1.7511159062782808,0.9323863281487357,5.237944811363294,-0.621836557094421,2456.6713342668536,75.80318971235697
1.0764462834116186,0.585562052402725,6.114715186091392,0.318476269997435,2459.0518103620725,80.75245182256315
1.61517956339427,-1.3712383108362831,4.741918618438629,0.2322438027886169,2461.432286457292,76.5375897880972
1.4851038921293054,0.9046556371966784,4.914674543696372,-0.17987750830281599,2463.812762552511,78.4855179544293
1.3895799061050185,1.422002969831277,4.025406259127675,-0.14566600306247324,2466.1932386477297,79.29024393789015
1.6061029179192072,0.38415931357558225,5.579956682210036,0.23519637100457827,2468.5737147429486,77.82084334939233
2.2301064147180036,1.8561724593346365,5.664452487699938,0.5951807098760331,2470.954190838168,69.02203880236948
1.8834211200880557,-1.6986601824401262,6.519117846060034,-0.14139660505466242,2473.334666933387,70.90730381410519
1.520182723984572,0.8296165804773848,6.131649197101503,0.32734424650407223,2475.715143028606,76.5670229612777
1.8636797687043691,-1.6274844367301478,5.056368770992606,0.28260010854229956,2478.095619123825,73.43729760205076
2.1120804328180856,-1.542939502788108,4.163640404829786,0.43965364635448817,2480.476095219044,73.00054717324036
1.9700331284275312,-0.8179675682375512,5.775326888837664,0.019654599371732657,2482.856571314263,73.53182571872938
1.710901710407821,-1.2844152090735217,6.453886682515564,-0.45616275703317893,2485.2370474094823,73.42091827028028
1.4993014961648172,-0.693072041794047,6.0989761373177025,-0.23124957659998466,2487.6175235047012,77.12444372021979
1.9032198077719396,-0.19205692360820806,6.428926971413488,0.17142673289082397,2489.99799959992,74.65070877168372
1.8121690676924131,1.3851473642076688,5.133218828030003,0.9092321891907965,2492.378475695139,74.33995080589652
1.9630524106188862,-0.35207559498484275,4.87914893335425,-0.24200981159813922,2494.7589517903584,76.09666832755543
1.885417331826488,-2.248528032606458,4.609526721229352,0.40239372176369953,2497.1394278855773,72.38105118202793
2.010103306795681,1.840260097875994,5.291192408408414,-0.16402822533838002,2499.5199039807962,71.38173468833195
1.5350389837763454,-1.125228835592882,5.269159510243654,0.05523437794306786,2501.9003800760156,77.00287677544155
2.091200176146102,0.04257399698025964,5.555089995571657,0.7576983746317962,2504.2808561712345,74.83132860502306
1.7556346012414645,0.8007079069668971,5.2197776004467045,0.3821462907102166,2506.6613322664534,76.12348702198099
2.3193060991659173,0.43056751918973274,5.216110647834718,-0.6206496363704784,2509.0418083616723,72.54496643694625
1.490344963662713,1.7726701940086023,4.573708274298227,-0.28623751190579544,2511.4222844568917,76.78500239422945
2.2182642759170563,0.8501548050674594,6.292685920160347,0.6281106722206794,2513.8027605521106,70.68946989975439
1.7572225500508265,-1.1600648262043072,5.428250177820658,0.07093902131424766,2516.1832366473295,74.89968226735164
1.5027984481389007,3.399992493802983,5.177954019889358,-0.5744200598079318,2518.563712742549,71.7107001505473
1.5534329873847945,0.42389935340807716,4.605635169152734,-0.40947622248686044,2520.944188837768,79.60433496367236
1.602869787687303,-0.08836101983519329,4.021818409867757,0.3517467613555859,2523.3246649329867,80.92341153411195
1.8265993607773345,1.578787852487863,6.662363440294694,0.4972051406088151,2525.705141028206,71.44669032211962
1.8565761741452227,0.5073267707181568,5.909706312993269,0.008927650741087203,2528.085617123425,75.01451421055292
1.5279918315974645,0.7322435112616829,3.731818749037212,1.237656900468051,2530.466093218644,80.34772844551026
1.6931721143118614,3.8719283258944674,6.119548508692157,0.4120761817278193,2532.846569313863,67.5954795077307
2.343536612951486,-0.27877847213728524,6.279557624220534,-0.1217405348164502,2535.227045409082,71.13542447971409
2.2194958239425633,-0.3424860924178604,5.4821234519228845,-0.4078530240496721,2537.607521504301,73.16463299953051
1.8325076955256354,0.3092748311009794,6.956529730637849,-0.4874421523195207,2539.98799759952,74.1319567620857
1.7133897139516139,1.7419330170389937,5.575810611902712,0.16771066024018474,2542.3684736947394,73.57433382793553
1.7383764985610126,-2.1248896449219092,3.942940206353982,-0.24438852245670342,2544.7489497899583,74.86635358967615
1.8868012765756923,-2.813169914043713,5.725606129504441,0.8368718769917124,2547.129425885177,69.28425580802852
1.396287253574731,-0.7452562238407195,5.606008453951401,0.7331559014589297,2549.509901980396,78.55754873087325
1.6262915544515872,-2.3152147614698704,4.758488956872673,0.3165332737486136,2551.8903780756154,74.06389722540362
1.2033091402263045,-0.5013241130287367,5.936019925570014,-0.5894980864784478,2554.2708541708344,80.2161867072627
1.824031500048808,0.8899259197054182,3.6954717351730926,-0.3361094362762025,2556.6513302660533,77.63972559758635
1.8988039002223422,-1.1996932164540486,6.354380371107713,0.6278387628705504,2559.0318063612726,72.27876520042457
1.5600700888326557,-2.0035558468237014,4.486369011990046,-0.281533099897551,2561.4122824564915,75.78099615429443
2.1776033198870786,0.2409439365064009,4.380222392038645,0.5610708669597622,2563.7927585517104,75.4064800115794
1.338059209543619,1.431007832552303,5.2520221760379835,0.2373019615173805,2566.17323464693,77.83997347821332
1.266858416092281,-2.405012904338101,5.799498937208483,0.025858942406593654,2568.5537107421487,75.15335200460378
1.7738887516007764,1.3680507348141662,5.53112976320727,-0.35141640646772054,2570.9341868373676,74.09206850534747
2.0210653768606415,1.363916562992153,4.625226853920058,-0.0471219217623758,2573.3146629325865,73.4838452967544
2.212497227725219,1.569340266760181,4.862477678208749,0.09482397743744897,2575.695139027806,71.08295499398467
1.5700370298046917,1.9661885280844458,4.2362062013609805,0.5162694491505608,2578.075615123025,76.16992313930987
2.0316903012389305,3.4417449211291187,5.1452508560759815,-0.44286780031687734,2580.4560912182437,67.4242390031518
1.6969176070701502,-0.3951579743150079,6.445634810813776,-0.13140842126305757,2582.836567313463,75.76831199143061
1.6570664088155893,0.303593769315344,5.367034126885609,0.022411565966142376,2585.217043408682,77.93393311585851
1.9743373850879624,-0.4851647139773979,6.23139541714516,0.33133917884308234,2587.597519503901,73.64529600863506
1.9053214265767644,0.14271497583554188,6.828067227597727,-0.45423216876138844,2589.97799559912,74.15854030640044
1.2370924293348944,2.4393167510745806,4.78533272795,-0.6582848964436075,2592.358471694339,76.82696959570939
2.153358048892021,-1.877257763246502,5.18746398067664,0.33698257585502484,2594.738947789558,70.29879522973262
2.124809571929223,-1.1510530644583716,7.54591671116914,-0.7589745574733516,2597.119423884777,68.80501569666657
1.5234999311095165,2.2065505657984255,6.819754508090835,0.6424898573810841,2599.4998999799964,72.06599237449154
1.8302967316376384,1.671091874757412,3.7036944459323866,-0.07796304874145399,2601.8803760752153,75.62435479110678
1.8601520117019303,-0.40340216634754456,5.763935793069099,-0.7737655411372232,2604.260852170434,75.46437480091205
1.7905327239416262,1.4231567311440492,5.378036604240948,-0.2402101097017471,2606.6413282656536,74.05079147424544
1.547627040584826,0.6536361548970178,6.2046194872826765,0.1895618165346186,2609.0218043608725,76.67796405715484
1.5116199230676868,2.3924832024675506,4.633878003091127,-0.26635054377748885,2611.4022804560914,74.97501560465294
1.7058294130289715,0.2540948136244291,4.5399394223173815,0.010014874412173752,2613.7827565513103,78.90821852823109
2.06570339514817,1.6810379637224473,4.704168732475921,0.37003918285264326,2616.1632326465297,72.21552483079464
1.8773541449592983,4.105867264792909,4.809003184612178,-0.10109516769380979,2618.5437087417486,67.50299390142507
1.603479562332397,1.0402579738766853,6.196948810290309,-0.4685288382330668,2620.9241848369675,75.27609535121366
1.9465635926966451,0.2173615683603599,4.2011170126327055,-0.1494919986859205,2623.304660932187,77.58241181857689
0.8608816650236845,1.2273001119732738,4.76039845775216,0.70742006822963,2625.6851370274057,82.9040987132491
2.060464987201556,-0.4040311025792107,3.594694768769536,0.842532172666592,2628.0656131226247,77.11416019278522
1.1943123235003654,3.7261025297096286,6.3915204138724535,-1.0099630869711376,2630.446089217844,71.54296446691433
1.6078857089233785,0.4145185507735176,6.656128750709928,0.5455139545957385,2632.826565313063,76.11642482561429
1.3811089113336503,-0.26472672719060697,5.058721910863313,0.12507385801767812,2635.207041408282,80.70122902505932
1.3289976795490497,-1.1085987593531734,5.0885432969917925,0.46199133956007504,2637.5875175035007,78.96370671973698
2.0660427551893576,1.7910267667268587,5.8404125137954335,-0.27524413013381477,2639.96799359872,70.23347227097484
1.577877309459367,1.4462395658102314,6.862371198227916,-0.884131754750743,2642.348469693939,73.46782581245762
1.8225321394159346,-0.6003109071899932,5.797199147380308,0.2922443943237309,2644.728945789158,75.22316689562709
1.7048984604434025,1.0106601070884058,4.691746295937611,-0.4704886306413585,2647.1094218843773,76.79654260482535
1.8624808956511842,-2.116588187329786,3.7711661346522227,-0.6941462157424262,2649.489897979596,74.15193316448773
1.7428095823460672,0.4239645392950614,4.275563541830718,-0.6592006912367332,2651.870374074815,78.58426668024774
1.3352600694818149,0.8259063526072992,5.464610982291818,0.3004568912076672,2654.250850170034,79.05623708918951
2.0194328584495755,2.7080299227491236,4.73676636589331,0.06972623301459858,2656.6313262652534,69.96931277669063
1.5728212677107403,-1.0089293756536115,5.5877645818292185,0.39123301093733687,2659.0118023604723,76.51345954643622
1.2543694572715616,-1.7699662586238287,4.840576475976187,0.3345376272481824,2661.392278455691,78.27926398130366
1.5933056169567184,-1.195315164556568,4.336058306921574,-0.21046678229188293,2663.7727545509106,77.76117969257247
2.172364594980443,-1.8567616452789466,4.217877982396084,-0.035236786938727865,2666.1532306461295,71.65236215336496
1.9776000271345078,2.153341706305448,6.957969628485158,-0.2557187643912698,2668.5337067413484,68.35889107443258
1.618335065055065,2.47157941278767,6.28530900318795,-0.10516388643274541,2670.9141828365678,71.44640744280838
1.6185509491255095,0.6292103738706021,7.127545970354248,-0.483627368990533,2673.2946589317867,74.78724751678806
1.627235654266091,1.9810931982819258,5.937686313432979,0.19524214693716754,2675.6751350270056,73.12285230001699
2.3471488280764783,0.35035385954250364,4.968452027844229,0.5375603744908782,2678.0556111222245,72.89424668476556
1.8391036862212649,0.007014562150050169,6.722493012359802,-0.4083065149104933,2680.436087217444,75.18589458631504
1.8539345164193448,-0.34960841373929324,5.366793371548497,0.6406348227006713,2682.8165633126628,76.24431277697425
2.0344063843484546,-0.3153722549737471,5.621413055870622,0.05676074823897086,2685.1970394078817,74.50419870397207
1.797357775890386,-2.1712216490085923,5.35845744880436,0.12053948820290664,2687.577515503101,72.1553974971489
1.6484084186464036,0.5471295203394183,2.4550887805250783,-0.8497147598037591,2689.95799159832,81.76227567919261
1.6676164960439563,0.09051343519190089,7.007439813662764,-0.903631154782867,2692.338467693539,75.92162472317446
1.7054418154887183,1.2693225483254387,5.8944211785140865,0.07205818138984096,2694.7189437887578,74.34152733750552
1.7161566190701252,0.29183410467329973,5.733953354242871,0.3948660623160038,2697.099419883977,76.94023175439145
1.9460136039909643,-0.09223905842039079,5.343067921551431,-0.3356902218224762,2699.479895979196,76.18669163969416
1.7437103116855053,-1.1547051810492357,5.568986124285359,0.8350469502915446,2701.860372074415,74.81007536746483
1.948320728318087,0.26058232533491743,4.8089943177598204,0.3674679871271577,2704.2408481696343,76.54848688347828
1.7047162444975885,1.2599766585776853,6.0235681852497835,-0.4541706258539926,2706.6213242648532,74.1769761197004
1.7529246431683931,-1.5621190959100804,4.10060669750943,0.015424333526753563,2709.001800360072,75.92039506861352
1.1302771024239888,0.28436883571018967,5.594490312974763,1.238464566861706,2711.3822764552915,81.85512562187047
2.0050391860710732,0.5029916830677784,5.970712819300578,-0.6212820013998528,2713.7627525505104,73.7461380748111
1.8344913564730867,-0.9234006329582704,5.211188312761434,0.2641349694575527,2716.1432286457293,75.19878509667748
2.0303521308715973,-0.7278183920861994,5.781443966539827,-0.1613722763616712,2718.5237047409482,73.26547102300198
0.8624771228322601,0.5001520973428994,4.419961138948624,0.35344814545925607,2720.9041808361676,85.21986106556173
2.3582711402679024,-1.5456257082164784,4.446188747030586,0.6336368231591909,2723.2846569313865,70.6004834867697
1.6902871870971024,0.6796616232365251,5.6494532553262236,-0.1931185443556837,2725.6651330266054,76.30436856214253
2.065024621441532,-1.187985042875282,6.092007034923767,0.5594561358535869,2728.045609121825,71.37182986889388
1.421004053325893,1.7495977605255262,3.539313600433493,1.1106016971359804,2730.4260852170437,78.94900277142881
1.9172144121922507,3.6623297785314364,5.936922396308065,0.03313736867211739,2732.8065613122626,66.6010766616713
1.417764335097963,-1.135275866519356,4.872423395712658,0.39244434374709264,2735.1870374074815,78.51106055934892
1.547065433384551,0.9574425412908737,5.223542573302885,-0.29522038510163745,2737.567513502701,77.39455631974208
2.3088129994632136,-0.9337104617875773,4.077555131196167,0.009629654515606208,2739.94798959792,73.0788871530311
1.677806698950711,1.7181055401498275,4.566180838355008,-0.08833754635412128,2742.3284656931387,75.43301130048724
1.8006494611768222,-1.7409412141458858,6.384649057482143,0.39846796282929786,2744.708941788358,71.6654776889975
1.9968484526393742,0.8780988932634008,5.452113388971765,0.6023379678784627,2747.089417883577,73.65179506226886
1.8849415882010243,-1.1519921024612003,5.037198525951318,-0.05482742455872968,2749.469893978796,74.48468924931183
1.7817719358954633,-0.15271270741262616,5.30421611732877,0.7668114228664616,2751.8503700740152,77.40771856831157
1.8465441618020582,-1.3885006720128334,5.91064446655264,0.7650237207808145,2754.230846169234,72.8904283257225
2.458490487510126,1.391836247636059,5.862655939609815,0.4234268715899504,2756.611322264453,68.05850157141413
1.7205904778716725,-1.0968864536715484,5.347863874237418,-0.25801326586086415,2758.991798359672,75.47126423149163
1.7986164902059958,0.9868042397920784,6.516580046348234,-0.3059144083699514,2761.3722744548913,73.36918740934948
2.053894108370199,-0.35701518268155563,6.394814262805183,-0.40619067734501935,2763.7527505501102,73.08408778212674
2.0707669369983734,-0.012302452957642318,5.838454975105468,0.47458303511908045,2766.133226645329,74.6454259089607
2.0956299704888073,0.3813144469806549,5.480426678591303,-0.6058841037446822,2768.5137027405485,74.06103410075096
1.9315520213058162,-0.9827817043568992,6.083868570136536,0.3384188270555036,2770.8941788357674,72.96482671345642
1.3974439109209356,0.4757809268047175,5.741548105783549,-0.5405546739120565,2773.2746549309863,79.0186742369454
2.230787628640082,2.4560072924981187,6.488814594383286,0.41177305992098673,2775.6551310262053,66.28045884805911
1.3972676894204719,-1.0063613071983526,6.328310367540224,0.008609791365280282,2778.0356071214246,76.81348966533001
1.8323754394407656,1.9187717481568043,4.41123018723837,0.6668192809299137,2780.4160832166435,73.92722183322431
1.5157158915728783,2.4084788812841333,4.344256645398179,0.5707272891606355,2782.7965593118624,75.33669069610937
1.7231713434770703,-1.0626239185720872,4.7297066288492005,0.7175327060010558,2785.177035407082,76.46350951247942
1.8414561255889472,-2.0206969726372255,6.407831850063194,0.7304093591445564,2787.5575115023007,70.60486078860058
1.8396494763425726,0.6151028913959741,3.8561217795976264,0.07181541699409885,2789.9379875975196,77.96086429137304
1.870233801354316,-0.6586729007611557,5.82792641147907,-0.5793965332123023,2792.318463692739,74.64955772004399
2.228186573344217,2.9656202904955853,5.796450989095846,-0.5262615274986893,2794.698939787958,66.06578020336353
1.8805494547903618,0.21520408697386023,6.597295461950491,-1.0434242646579688,2797.079415883177,74.52165095131672
1.6716584996251707,-1.0400287852445251,5.615726228819204,-0.5418329167140468,2799.4598919783957,75.60307069665852
2.0345483207417225,-1.5571911530140903,4.0929189120920375,0.03441182885232453,2801.840368073615,73.69125718339293
2.1025803511421097,1.798683574946057,4.477514736178041,-0.2798270904125811,2804.220844168834,71.96637614923091
1.377874248299775,-0.6926715658990312,4.2556161987081715,-0.09006780220492566,2806.601320264053,80.86190280079197
1.9257943563386375,0.23012608944642912,4.900410407682291,0.24635770973070048,2808.9817963592723,76.6677143141514
1.9573442547864095,1.598365739064148,5.256196089630544,-0.152032629032879,2811.362272454491,72.46103747960254
1.6581418319612546,-0.561446939250077,4.274400043502059,-0.5609144002062921,2813.74274854971,78.91964793093169
2.160541732005503,0.0963265488977706,6.911248102673653,-0.026616833781716066,2816.1232246449295,72.10797761770107
1.703232171111677,0.14064661674717638,4.116049911996776,-0.44924524338642247,2818.5037007401484,79.84845122124348
1.7863412966389673,1.1907656743391408,6.788180509369155,-0.13539324848953155,2820.8841768353673,72.55008467698667
1.697166680855066,1.05217532202564,6.627986548133077,0.6713884822115017,2823.264652930586,73.85024842589576
1.754182164124042,-0.16383163031584153,6.341873127199438,-0.13525265204808734,2825.6451290258055,76.04415392041889
1.4210464996570686,0.2620929427285294,4.750551660459924,0.8854787766738725,2828.0256051210245,80.85056815523224
1.3183346909900209,-0.3907685467730265,5.787517467209451,0.7158179934689849,2830.4060812162434,79.7951249043331
2.2291227589451332,-2.0492377837274063,4.168444404187412,-0.2896526542895216,2832.7865573114627,70.7912568628393
1.497104473858128,0.5538632049996116,6.357472152106863,-0.5555618832078878,2835.1670334066816,77.10229796847565
1.4541971660593713,3.006030888513777,5.373330544501533,-0.026277080960096705,2837.5475095019005,72.7913496334883
1.1060201835244392,-1.1575538992995584,5.03874595004541,0.5766638816984445,2839.9279855971195,80.69983485848748
1.5607713941746453,-0.9912379520830572,4.225072786199723,-0.2450954531143441,2842.308461692339,78.69812478709561
1.3559560355018412,-1.1375030084495517,2.9720636120804778,0.4540451491310695,2844.6889377875577,81.85049877674068
2.2459109307742486,1.255758589906909,4.411781601156845,0.6042199945680441,2847.0694138827766,72.27564367730346
2.0566752729120283,0.8418816120341521,6.5638740109182185,-0.3870128251813029,2849.449889977996,71.59608277024107
1.5477091600984731,-0.0683703628568249,5.048996373572823,-0.33802554414429353,2851.830366073215,79.87390625171092
2.430309476964288,-1.2073094355511174,5.283255561304499,0.3563310160635034,2854.210842168434,69.61436725345115
2.0495332073343304,0.30856756161778803,6.108894022709523,0.0759237748207853,2856.591318263653,73.6689744032166
1.6579793262267755,-2.1766473634841317,7.259764418168464,-0.3430307632718394,2858.971794358872,70.40490035422278
1.0060325610264527,0.38570936727858945,6.779856700258572,-0.17609022405979366,2861.352270454091,80.81768104320405
2.4435629356415616,1.4781400217081275,4.483274176387082,-0.03525977636370957,2863.73274654931,70.03123519601657
1.3398346663777276,-1.7056611006793125,3.513796373285805,-0.7824272124777303,2866.1132226445293,79.74647535735119
1.2635133790288586,-2.127355413167211,7.8167395979728616,0.3828215532413476,2868.493698739748,72.8483950378918
2.0643310835945905,2.540863473536755,7.726875974311362,-0.2393460944695956,2870.874174834967,65.54287868593434
2.4899129809359053,-0.7456479532341284,5.647097612489946,-1.3918581118990494,2873.2546509301865,69.74592985069252
2.173696763796356,1.8761983810778666,4.188916053517201,-0.011935484154726358,2875.6351270254054,71.63655585665869
1.928015667634638,-0.05843454338412732,6.423391745660926,-0.3707856294467538,2878.0156031206243,74.7947006819712
1.9376976016608984,-0.0700846926377828,5.352943068051945,0.8444110961513384,2880.396079215843,76.29379285304043
2.0157246885044398,0.830752396491866,5.348707802885118,-0.2927225104599841,2882.7765553110626,73.77425979640714
1.987807673682064,-1.1525788872889713,6.356910570653635,-0.5488216817893055,2885.1570314062815,71.68072553634062
1.844915953979187,0.3724513997690512,5.797589905608186,0.25396633498100796,2887.5375075015004,75.6131590103316
1.7922486421829293,-0.3982419149045614,4.278164308535929,-0.3302236840037916,2889.9179835967198,78.24915961247126
1.7426405110031546,-1.806461198858873,5.14000197491449,-0.3897281006261161,2892.2984596919387,73.83271995245585
1.5356595652553056,0.6807890733664709,6.126662158733006,0.25475069141220297,2894.6789357871576,76.82275755644187
1.678077265564226,-0.22010851790070207,5.976527402181477,-0.520233653944783,2897.059411882377,77.06031947746223
1.2548239452412449,-0.060396583000488085,5.729058333469339,-0.7286368290997265,2899.439887977596,81.21682948036482
1.7336406565036901,-1.6398130520931602,6.4012319225507355,0.8629990010471685,2901.8203640728148,72.42949423391147
1.4669971216057471,2.5628168541448875,5.106859818851219,0.2897493688003224,2904.2008401680337,74.19669116351497
1.4329299219618505,1.491075757663562,5.648015050110773,-0.13210464249718257,2906.581316263253,76.33684865498013
1.8184075800148376,1.6225267160371641,2.094535272566923,-0.001738604850968011,2908.961792358472,78.254619660938
2.182472992281039,-0.2815855160774171,5.021233906384135,0.252932179058078,2911.342268453691,74.30440141198194
2.04080061405387,-2.416903912753013,6.235557365914625,0.48666872480671036,2913.72274454891,68.27799925681457
1.2945891312083926,3.1065356152644967,5.0820309769634715,-0.3779876456575059,2916.103220644129,74.25390144672642
1.4692849055330666,0.08580263566064301,5.006969668734742,0.18307326298284118,2918.483696739348,80.52075966348175
2.048839091276107,-0.945461204110319,4.43251635467788,-0.2533520881051193,2920.864172834567,74.59685972749853
1.4722962593602769,0.8032306800058506,6.478108074812291,-0.09449062225631215,2923.2446489297863,76.49639111288472
1.700087629131442,1.9289995647586458,6.0239789608837695,0.0803464337324523,2925.625125025005,72.5408316137262
1.9329286547133468,0.14403284920912166,6.30170442005594,-0.0033392865263361057,2928.005601120224,74.72393200918651
1.4778454935889755,2.0967619719411057,3.7508506247942277,0.3677834491512859,2930.3860772154435,77.30905518424409
1.800397641100591,1.8036899006131715,5.317389937635349,0.24354327955779698,2932.7665533106624,73.11150921320932
1.3690138541567316,-1.4350907793482923,5.198504996929447,-0.7540846046860888,2935.1470294058813,77.66240472298125
1.5892480769888708,-0.8309129117063914,5.198820951488977,-0.6789116035327211,2937.5275055011007,77.4105016775896
1.8660301721256907,1.6163694728416043,4.864142397407252,-0.18485834237964643,2939.9079815963196,73.73462134477958
1.2926350476987758,-3.888563400543472,5.1348435820124765,0.9143126312209124,2942.2884576915385,72.2352457440324
1.9031135191883959,-0.04353614121396571,6.331371178796032,-0.42579591625080115,2944.6689337867574,75.16919472526388
1.765518042330924,-1.9653072144310553,3.5696542146680437,-0.10411135480637644,2947.0494098819768,75.6081063032729
1.9375950067093772,-0.5335986885607984,7.260580137602424,-0.26817301347826095,2949.4298859771957,72.27437301851936
1.8394612531455885,-0.2667054582596796,5.967906925784132,-0.27702219204404,2951.8103620724146,75.66568594050989
2.181968488626953,-0.35554899377139554,5.442514965912764,0.08911987195252778,2954.190838167634,73.49160715768674
1.8107334113044338,-0.6462811711622051,6.392462698390814,0.7003886380978257,2956.571314262853,74.3097357340728
1.6447844532144003,-1.4633113974085705,4.034576126923967,0.22798419994029454,2958.951790358072,77.13158169037743
1.8107357756702285,3.6205645834017246,4.8224929166455075,-0.4017654807135461,2961.3322664532907,69.22896296116559
1.9374766968466792,2.9841845316658677,5.3669019687396915,1.3766147554016035,2963.71274254851,68.98937214295236
1.789586426775346,-1.5598131265993347,6.854321980525751,0.03928661048056292,2966.093218643729,71.50229279851027
1.7875473847473242,2.5567550452127907,5.443049867559948,-0.2886104781910567,2968.473694738948,71.1431585076495
1.5652141969193099,-0.41532376686838834,5.940386588094189,0.7060481873387947,2970.8541708341672,77.52939712533328
1.5773836080378816,0.3779504655330097,4.901539018825056,-0.23453530897190925,2973.234646929386,79.08374644362684
1.35591483597174,0.08955333849572486,5.978746811210421,0.8314568274937214,2975.615123024605,79.96067774917114
2.3020123288428644,-0.8048634246230937,7.1699316923287375,-0.4353213954833333,2977.9955991198244,68.81684526920625
1.4044235778111842,1.660833547694933,6.489006777769349,0.7150151944606846,2980.3760752150433,74.87901734161917
1.5701545857982369,0.3741805592896594,5.412812714687915,0.10052383214084722,2982.7565513102622,78.38409284335808
1.5629479163413418,-0.5291804041541281,6.170548795731428,0.6455261163512168,2985.137027405481,76.9176424652868
2.047391714137178,-1.7709412316648117,6.0733647787029374,0.9508828543507721,2987.5175035007005,70.08346603968614
1.6908741567746342,-1.1541531470705189,6.003226001052373,-0.5663036452606269,2989.8979795959194,74.58278487654806
2.154126695439412,-2.2755341243116174,6.6093828251044835,0.6378859103791612,2992.2784556911383,67.16407688804892
1.5782022539058334,0.20516828340875023,6.602698932600123,-0.7044519522127024,2994.6589317863577,76.95741286133128
1.864393411554489,-1.607868279835028,5.371855026035957,-0.5235921776241141,2997.0394078815766,73.00739946892259
1.5305371227844282,-0.21091327626957496,6.141685708166401,-0.4017047298962185,2999.4198839767955,78.01589126480104
2.425132407136031,2.242877892951566,5.117505378936233,0.25181831808893057,3001.800360072015,67.31548794212848
1.425754927303473,1.9869723280572629,4.578322186817449,0.016507938467429817,3004.180836167234,76.75904648120289
1.8754278044553994,0.13990571977093413,5.232695740095643,-0.08356804208141799,3006.5613122624527,76.79776965478601
1.9730621482085378,0.057992300071213976,5.4267068863562535,0.07311763951118048,3008.9417883576716,75.93046173461929
1.907516659872627,3.0087297778896303,3.842200220843657,0.29564479464673643,3011.322264452891,71.45474194502943
1.728238833848787,0.9703509348794666,6.3649105709937865,0.3341240619706764,3013.70274054811,74.20084613552035
1.7453274766336462,-0.30219389877900166,2.7380500201596893,0.5470834178075655,3016.083216643329,81.1748204097438
1.7978660373556339,-1.9492121118394108,8.220990443063034,0.9100174063837198,3018.463692738548,68.41255575696185
1.7410712586482338,0.7809244000049684,7.008851327817261,-0.010681186220738487,3020.844168833767,73.60584193907582
2.074785211716785,1.4343999766598352,5.246762789922464,-0.26054448106545813,3023.224644928986,71.94557417973243
2.449228348863902,-0.7567629878461348,5.51799782436199,0.30676806459259415,3025.605121024205,70.23726900293046
1.6192742387589834,0.6278186488812711,5.812343916718542,-0.5721274081323101,3027.9855971194243,76.75774359264715
1.3760315604290996,-0.3540449728373284,4.9210128641049655,-0.3393520660558057,3030.366073214643,80.72511578831643
1.7609388740055882,-0.0844329397911942,5.703594238273096,0.4996904731963949,3032.746549309862,77.14601530106766
2.5617876781820548,-3.539816501752991,5.367777581206355,-0.062064187408852084,3035.1270254050814,62.604490948351554
1.5472242490362869,-0.14045435928939917,5.418307939528511,-0.6040962291790195,3037.5075015003004,79.14360820019344
2.2805137577685257,1.646573097702285,5.694845447721182,-0.7449015326825871,3039.8879775955193,69.0971890220143
2.2925414112329894,-0.7542830553431324,4.200660942997219,0.024358339696903646,3042.2684536907386,73.47296965728242
1.6236074995390632,0.27191220035728225,5.5545634522251355,0.5709482684840049,3044.6489297859575,77.99951432445658
1.9608320550151013,-0.9405013058648684,5.679247091078843,0.5642728887655932,3047.0294058811764,73.44321965859875
2.2791096315727892,0.734389610861978,5.645455211816763,0.055440251446418676,3049.4098819763954,71.46296610253759
1.6773061898793438,-0.13075512152053387,5.3015817106537835,1.004454709548064,3051.7903580716147,78.30229011118324
1.7304246258528957,-1.2145298217672742,6.656077747318001,-0.052410182970231346,3054.1708341668336,73.13616181778164
1.617449035573678,2.193462741336539,5.165375551355376,-0.06928381169870539,3056.5513102620525,73.82868753503617
1.4879812205917302,1.588336846831383,5.747162777578017,-1.2837179548695,3058.931786357272,75.50456395182067
1.59808026048776,-0.7121177965538875,6.817943798827878,-0.22368147458060783,3061.312262452491,75.20814772647138
1.4261370823535096,0.942228572381457,5.44208014865913,0.42600751745424725,3063.6927385477097,78.07221168722958
1.804000195401231,1.00196810751288,5.736730209553708,0.781980668429852,3066.0732146429286,74.4579828536774
1.5632395323138,1.1596061869376921,5.426693588807578,-0.4151173168336423,3068.453690738148,76.455027890934
1.8648239760431986,-2.344925042321967,6.761259931351998,0.23112616464652425,3070.834166833367,69.0772056888215
1.3283765636861204,1.7066733165804142,5.266978118497631,0.5234395161616439,3073.214642928586,77.20583702131356
1.8948667364194327,-0.6574799998852001,6.808870429297264,0.005604076597949543,3075.595119023805,72.98406046498565
2.046119118612312,-0.33936828007547726,5.42274175891673,-1.1416402287636152,3077.975595119024,74.64851371253772
1.1983978548993899,4.154501660170851,4.667684361300118,0.12364499978712616,3080.356071214243,73.02503646842757
1.9091939903329425,0.6507947506672982,6.207332316136203,0.38071531203044656,3082.7365473094624,73.7884627264639
2.165736542995155,-0.38119314966865164,5.224107002249975,-0.47371144750922944,3085.1170234046813,73.88496427849216
1.435002719686955,-3.1093448756043145,6.150092055177948,-0.1270772654371935,3087.4974994999,71.52147797072665
2.3001262755534295,2.2835492405876123,2.80100372085781,-0.5777480210643821,3089.877975595119,71.68861111281682
1.9245201506863865,-1.8186048742951888,5.536430947008854,-1.2850737742901763,3092.2584516903385,71.75268018825766
1.5877711336901568,-1.3056418949708022,5.072438595318394,0.5135022058938282,3094.6389277855574,76.42506830007414
1.7830045638281269,-0.2972049238814813,4.469604046136168,-0.0018742669009258113,3097.0194038807763,78.28854511046703
1.9676943117563672,2.324748512883672,4.9804411990488235,0.7988374983524914,3099.3998799759956,70.97591242516664
1.8234591604646382,1.3602983420259154,4.960799154446752,0.4286610959530886,3101.7803560712146,74.57038212954798
1.962745999982542,-0.03601012992796901,5.4873372313692075,-0.17710488083272447,3104.1608321664335,75.97700082826593
1.5253791376991908,0.6634922392068985,4.168817922044823,-0.04159033005220434,3106.5413082616524,79.885009417322
1.8528518303748456,-0.6992161505306438,5.8532401503290865,0.28308869538508624,3108.9217843568717,74.64928475518099
1.3783919558002025,0.4111514042624905,6.904003771644359,0.4834417083778717,3111.3022604520906,77.5889801854756
1.7696015623414132,0.3119847043312205,5.819540729385201,0.1613353153710057,3113.6827365473096,76.33391464636284
1.5322605183475657,1.6554433840466984,6.348424717294791,0.5527965726447421,3116.063212642529,74.08067031716054
1.583237612217704,1.6533649136548472,6.634823067937589,-0.14833436833723576,3118.443688737748,73.24845221621487
2.1751886859320493,0.943873228887746,6.7775752603955866,-0.49857177339284314,3120.8241648329667,70.07244454973086
2.1322182620881356,-0.34030451904591663,7.412050205549936,-0.03240462678056511,3123.204640928186,70.97341729735521
1.9880315088895972,1.316260156663486,5.043535908599526,0.1025924453680918,3125.585117023405,73.23979367432523
1.478061444089912,0.06588414968988729,4.82508094549077,-0.6007676973696434,3127.965593118624,80.77317665481984
1.7112982936241392,-1.4187243340479794,6.327858232382654,-0.668361042073311,3130.346069213843,73.27101546731296
2.1706160477338816,-0.4004738627063235,6.253487086750958,0.22369314823671374,3132.726545309062,72.2536563312367
1.8496680752062973,0.3315591430860373,6.321725079374491,-0.2031784256852118,3135.107021404281,74.8911699215728
2.5034184806496853,1.570403421267236,7.4361617763039005,-0.08292045283100105,3137.4874974995,64.89240093717858
1.926081942180993,-0.06990119799394184,5.559079402776595,-0.17984633285041174,3139.8679735947194,76.07797236340231
1.8661686511838478,-1.6080954560348504,5.974696855178342,0.7603004508816059,3142.2484496899383,72.08836686767458
1.7162866570168969,0.2911269224636606,4.568983475232343,0.6308805801975,3144.628925785157,78.68841422485715
1.8495519019197937,0.37651048040823454,7.68552491150504,-0.6186768450195841,3147.0094018803766,72.7340212163635
1.76421706794506,0.48539512259361156,5.214491556762841,-0.2663966065402235,3149.3898779755955,76.85103831481123
2.0228593644065667,1.586758448198305,5.243653869883596,0.4250021339847965,3151.7703540708144,71.98474815942632
2.097906553145784,1.7356487655397868,5.205953856738262,0.3009681185516211,3154.1508301660333,71.06869487587687
1.5755684708290953,-0.6837394359181796,4.908642468433849,-0.020728981164892815,3156.5313062612527,78.32313994092101
1.412465227954871,-0.7163251110586123,4.824936487191825,-0.5688001024821177,3158.9117823564716,79.67206066792676
1.261443661298592,-1.3520945509468223,5.031505091740841,-0.34127002307677284,3161.2922584516905,78.98095669463294
1.9651731846773732,1.2567406964897878,4.190249914799917,-0.25838378377314486,3163.67273454691,74.85138790915667
1.4822366722921294,2.382061265269434,4.771565020437725,0.1384971655595503,3166.0532106421288,75.02960592783279
1.1678506979658807,-0.26347764129563467,7.506683779628287,0.8518635773486188,3168.4336867373477,78.73847464359145
1.9307630330849013,-0.15268621260374818,6.2942141689313456,-0.343440117394064,3170.8141628325666,74.7308589504144
2.562561236996088,2.409948089859298,6.485302188756609,-0.5130176237776201,3173.194638927786,63.74668659624813
1.8133123925115748,0.9684258904715402,6.737446415814325,-0.05429323841397165,3175.575115023005,72.96626651000707
2.067153536682979,0.8647577600999072,7.395212438757922,0.5158694902570294,3177.9555911182238,70.20805864814952
1.840628104452353,-1.5756552277018678,3.7904961985794157,-0.7234414833803516,3180.336067213443,75.65009279725739
1.7868857476379898,1.22912719964935,4.332877139994051,0.7268170754374739,3182.716543308662,76.13278030978162
2.0927492893655644,-1.1823536144518147,4.759878729272842,-0.08601568105783475,3185.097019403881,73.16230355503669
1.7304180362531927,-1.489363345895912,5.0947153581944695,-0.36716000115668684,3187.4774954991003,74.79117430794298
1.8981925029385653,-0.3081741593387386,5.264719158244963,-0.8000946433810797,3189.857971594319,76.14694584077719
1.9149589139496577,-0.6663893704457995,5.119155019799921,0.3532603867103137,3192.238447689538,75.33562273258836
1.6184975535384503,-0.11978308182331565,5.786286139143369,-0.08558559762076741,3194.618923784757,78.07313265841906
2.117012866199486,-1.9485390108950253,5.60311789979149,0.0853527413772534,3196.9993998799764,69.78787269347931
1.767388060203723,1.6514751178430724,4.845833626532587,-0.4504058705056819,3199.3798759751953,74.46345728396366
1.5936286194049611,1.90509755327652,3.393966187017434,-0.15954801712551187,3201.7603520704142,77.39727788104287
1.9817816545310571,-2.7071279102379306,4.577493430550077,-0.24329062317736894,3204.1408281656336,70.5116868423316
1.551765195296399,1.681890435055632,5.021971284169576,-0.050296552689103775,3206.5213042608525,75.84819542373536
1.8302371795848749,-1.0012710564830152,5.324978931857412,-0.33477616318790526,3208.9017803560714,74.86745652432734
1.8195247300879545,1.5003035915283227,4.44323997016718,-0.7670904803436107,3211.2822564512903,75.02818322522478
2.1485070497044205,0.11248918097034115,5.082950653423485,1.3642498726483034,3213.6627325465097,74.90629466980356
1.9656261548593166,0.2586411361183851,4.443620051506113,-0.681702123668757,3216.0432086417286,76.96295784357034
1.8161872565788242,-0.061849577996916594,5.449639038144764,0.09072950347126948,3218.4236847369475,77.14141944515997
2.0695042473361425,2.0343100447342666,4.503218640661485,-0.8860139142120211,3220.804160832167,71.60336294848297
2.241715989821592,-1.6429462020432772,4.728257521614243,-0.9985237183089875,3223.184636927386,70.86652029389771
1.9924765387289503,1.1285161393181071,4.269330885585779,0.04891324592613377,3225.5651130226047,74.83490101349446
1.8287193086500522,1.8690709291323508,5.42536778922495,0.08718379388415164,3227.945589117824,72.55951652413128
1.4325430830322892,1.291906089302174,4.713274812691756,0.6307494954011919,3230.326065213043,78.23997789344861
1.5070406380216765,3.704764862781319,6.487361576798609,0.1997734205078529,3232.706541308262,68.95072037367538
1.735488464011492,-0.5753828938751202,5.987282933924707,-0.07490535937289548,3235.087017403481,75.6967106523332
1.6446837072103637,1.6543154791290626,5.512436785786399,-0.4748001220325021,3237.4674934987,74.43808646581483
1.7719278236694238,0.05954352336457455,4.785659772994092,0.7495060341167743,3239.847969593919,78.49722894274203
1.8454963929077512,2.06911005815475,5.9645228216516255,0.464425623025112,3242.228445689138,71.11646947887368
1.9878917967858518,0.20778915340383428,6.275561281311006,-0.6231647388742123,3244.6089217843573,74.1640508202371
1.8083172462679717,-0.3621690863365715,5.728407309420651,0.018981864105317645,3246.9893978795762,76.03542834988383
1.9759006362070786,2.179075067846922,7.190279887572206,0.07202611576324838,3249.369873974795,67.95968740936776
1.8497760850424254,-0.5170537347954687,6.047075114695953,-0.17282682830283455,3251.750350070014,74.838544310628
1.238277762400052,-1.8984768168133586,6.501905408334636,0.3859252429033974,3254.1308261652334,75.59472774626423
1.5496014400340634,-0.5543356193076164,5.722724630077648,0.41586656917408854,3256.5113022604523,77.63326248634198
1.7886604715033338,1.1498072453626778,6.26568532120332,-0.09524284890255293,3258.8917783556712,73.41767013276166
1.4694633495742675,2.30963930899837,4.794101918311446,-0.14043462289882921,3261.2722544508906,75.27904205344277
2.0128357797988947,0.38859883681145724,5.1333477004317105,0.7494792313337658,3263.6527305461095,75.22579511893264
2.2925681530432294,2.1995242030777846,5.94197315942037,0.4664194461811186,3266.0332066413284,67.24768452882915
2.199457555556054,-1.8147097155184844,5.935573259418464,0.03618019495419224,3268.413682736548,68.96420537762766
1.7702825896411878,-0.4420182299466877,6.1019504023570255,-0.8146045195400268,3270.7941588317667,75.57976810446824
2.2820200970152795,-0.20966117175762244,6.695596902874808,0.17200005315251796,3273.1746349269856,71.1762909401715
1.8798896523276238,0.051687135569214004,4.171098899592571,0.3490417324588341,3275.5551110222045,78.57501659306712
1.7346511372049274,0.3499928680688541,4.622484214239195,-1.3772608141991864,3277.935587117424,78.31408241082966
1.6522439970180585,1.2605429668085162,5.827376722994859,0.12593472415901275,3280.316063212643,74.88962552234196
1.7460121118405556,-0.44270824539773934,4.8743083998178625,-0.2083459933978677,3282.6965393078617,77.61366989205442
1.7207885480979317,0.43337075953655535,8.977308852241007,-0.11042714006477578,3285.077015403081,71.68430143801365
1.8888553904129055,0.15746934698076193,6.116129439081708,-0.4536904763816603,3287.4574914983,75.3212893506223
1.88639200222183,-1.163354983898811,5.522948809570946,-0.07409464520182098,3289.837967593519,73.71605330812191
1.8396232523261586,0.05530626389793644,5.08668085363638,0.6959957880906656,3292.218443688738,77.51472704119132
1.9702808897439554,0.01064366436768982,5.1228589413759344,-0.22319924940775782,3294.598919783957,76.52685530906523
2.1968836679625214,-0.02116099048682299,5.6340336133625,0.48278677939659187,3296.979395879176,73.92097776003902
2.1250467270322377,0.2744261758054032,5.71674724177653,-0.4031656094398051,3299.359871974395,73.73843988156379
1.3952021509047432,0.3406246718798887,5.148939151199313,0.37937809632801944,3301.7403480696144,80.26341238626335
1.074986610175654,-0.4210008015635017,5.3333596657400815,0.0008279278109756162,3304.1208241648333,82.34756561607588
2.1219506873912013,2.136841910303177,6.9516707334913415,0.1760124143946403,3306.501300260052,67.25478362487544
1.432083222034624,-1.5261230560983579,6.992765996534146,0.0035766280487437604,3308.8817763552715,74.23887758867589
1.7752096826979291,-0.8530289605276882,5.86117051907396,0.32081261622060425,3311.2622524504905,74.87399435848641
1.4920982213210627,4.398700189094582,4.268752946787921,-1.283792558966879,3313.6427285457094,70.66333433651316
1.3030311779046533,-1.3279034930314053,6.149392595178882,-0.7099126567287848,3316.0232046409283,77.03190295141593
2.0065576618465366,-1.8012194498079044,7.1660492742956485,0.20854024900432233,3318.4036807361476,68.69541616926448
2.072359279848988,1.331456938673956,6.98242595842139,-1.0217691769481179,3320.7841568313665,69.61884447689113
1.6721538540799243,-2.8856084644621838,6.347949362672672,-0.26529017782360464,3323.1646329265855,69.88682396219613
1.0682888833608661,-0.1225098176224324,7.036825748182424,-0.027170420518324873,3325.545109021805,80.59217576678336
1.6822231874016453,3.4494684021996593,5.668666978038827,-0.41407006880644837,3327.9255851170237,69.41554302822945
1.9641330285378578,-2.0863426652853714,6.244266217686317,-0.3457807013468868,3330.3060612122426,69.70467978195424
1.4034140154912116,-2.741555071192437,4.9362688534498425,0.13579110007679618,3332.686537307462,74.51439691791445
1.9025914754302053,-2.017049469938908,5.910191677482749,0.5046474778899046,3335.067013402681,70.87135700548697
1.8434869122842212,1.5795925972112248,6.948342896479182,-0.47922469062740386,3337.4474894979,70.8806088639794
2.0223640386227597,1.9195494724736744,5.030268301832991,-0.2875290980936851,3339.8279655931187,71.47681155708425
1.8849477751396457,-0.5361674190574968,4.759131974296424,-0.36563048666352244,3342.208441688338,76.44130128979445
1.5576504123905517,1.2578660024382822,5.7189486628548405,-1.2106898759386393,3344.588917783557,75.81570870049762
2.2090403293606364,2.318762243842177,5.3956824698071815,0.07085589515875436,3346.969393878776,68.4372480507987
1.803008145326122,2.914730966467547,6.272377973931244,0.4673588729142461,3349.3498699739953,68.88054046032529
1.8428741479208095,-0.13545924858724617,5.170856935873028,0.5083216036579411,3351.730346069214,77.16207329135587
1.5715839687580588,-3.217831338851635,7.343442916011634,-0.4353831882203694,3354.110822164433,68.367585528789
1.7190788819954457,-0.9966093453792642,4.33621467066632,-0.6258490242600713,3356.491298259652,77.25152357458879
1.5871222981843625,-0.405164217474598,6.88051365269517,0.010802773795842328,3358.8717743548714,75.96934059179586
1.8011792036215917,-0.15303284713517346,4.862818365644997,0.41463684328323364,3361.2522504500903,77.91375670472183
2.3670758290141602,-0.0460802448654411,3.832574216476345,0.07742522415519197,3363.632726545309,75.1993314310086
1.4424935596315414,1.9143844985699694,5.867322094146108,0.14465231793688063,3366.0132026405286,74.87310713530358
1.3704964548540697,2.1480192228427666,5.375729568149835,0.5709154638681168,3368.3936787357475,75.60238595183577
2.2964172983379707,-0.0207996808272497,4.52161943225677,-0.3695682796153517,3370.7741548309664,74.79423326284295
1.7927707769837768,1.8847725674972857,3.950743784070223,-0.10998504333651496,3373.1546309261857,75.01978668928123
1.6553480927374626,0.773871992836926,5.624652393769321,0.8173027558806008,3375.5351070214047,76.385556685354
2.168543708927014,0.33447382776598505,6.60974320754949,-0.09840556154881348,3377.9155831166236,71.90085094784469
1.675390383326538,1.5978662658300105,6.219753573526617,-0.6336684829832856,3380.2960592118425,73.27258090852274
2.4053810560177364,0.3467635003259776,5.692401123423542,-0.3346780481251474,3382.676535307062,71.35144111590785
2.0614593542281474,3.3254378275308882,6.1154370715757205,-0.46908992561062113,3385.0570114022808,66.02157498998402
1.7122119754220195,-1.918559818281352,5.6102710193834415,0.17858129285063531,3387.4374874974997,73.0904981218453
2.5062820210513976,-0.5333633105901956,4.2086571917638445,-0.44797350179438944,3389.817963592719,72.30334976746757
1.6778795935434134,0.04995103486535124,4.218384362233294,0.1355171264306223,3392.198439687938,80.12450912113937
2.082727549586528,0.8992449943428098,5.437007360764185,-0.3680326092703249,3394.578915783157,72.93455607630447
1.950391933811657,2.1423435037811065,5.48042077530452,-1.061689269199114,3396.9593918783758,70.8203746070972
2.251632122381975,0.20414197285398875,6.492955541728696,0.15330989349096105,3399.339867973595,71.73715477621619
2.33006902461967,-1.892267363858235,6.400176518177617,0.07423184077344445,3401.720344068814,67.02851461613062
1.871723194527275,1.5051854778875364,6.248905370972363,0.25887890785442036,3404.100820164033,71.8898926926044
1.6366032270762736,1.3741905413330324,5.364390332576381,-0.3364936095826283,3406.4812962592523,75.42511233119265
2.0011272236010997,-2.670697601922866,4.264922195613175,-0.38977223767968827,3408.861772354471,70.91685491296428
1.6603283164996212,0.23672241777730293,6.058547452488695,0.2007334292407728,3411.24224844969,77.03774624482674
2.468166802555781,-2.142445660488584,6.1725482080138026,0.7595097862654905,3413.6227245449095,65.63972911631159
1.9056192826618088,-0.7538708573617687,3.259750641232514,0.005584004753163841,3416.0032006401284,77.98074263345234
1.7555706271492009,-1.1107686620823107,4.814847755715707,0.21229254802357247,3418.3836767353473,75.95624169402706
1.9210799476748044,1.4576809513065332,4.959036033122249,-0.16079384221285362,3420.764152830566,73.54860399065186
1.462047086595574,0.41936857689459767,5.769345709486962,-0.7718152609368424,3423.1446289257856,78.60118330076847
1.5752102336070908,-1.6839235376938506,4.848540803074815,0.48371470957702895,3425.5251050210045,75.91569808229642
2.2273284434160696,1.564901791791175,5.614673024122457,0.45420711954308096,3427.9055811162234,69.84710843700982
1.6706461673804323,-1.9055657685113874,5.443179639330299,0.35538701258759703,3430.2860572114428,73.70614678068263
1.55415169047303,0.7406540092248233,5.495472724511359,-0.09097271917120932,3432.6665333066617,77.47194236638666
2.029731699408211,-0.9751920881706503,4.939136148343742,0.29852804986927034,3435.0470094018806,73.91546196179208
2.22495836258799,-0.30235087966971913,5.017454263602818,0.44688089869391534,3437.4274854970995,73.91827450471756
2.0854447060943295,1.0029119306541157,4.577081763143413,0.8100793424783537,3439.807961592319,73.94353987989496
2.1690849695089254,1.0290212077674137,6.038326398382153,0.494263052323721,3442.1884376875378,71.01727762693683
1.6437444422353655,2.252642256204743,6.230272350913508,0.031910612516819446,3444.5689137827567,71.87303029523495
1.4447524279893267,0.12414986916740675,4.889463166340225,-0.6541266277121858,3446.949389877976,80.79741115365653
2.322208736970854,0.7075487220344832,7.181633236255637,0.07782914883587054,3449.329865973195,68.88100844476351
1.7755180572705482,-0.4083913109910276,5.347304346199175,0.12828869792465386,3451.710342068414,76.75392074505928
1.797585825692308,0.5215419776867447,7.193004700470023,0.354514887659152,3454.0908181636332,73.52595139953964
2.2718080490558257,0.9081289430135064,5.0216058155037,0.6769459296617127,3456.471294258852,72.02280452676408
2.0407332393602444,0.10177805317846703,3.6380697550273142,-0.04757525602838964,3458.851770354071,77.9625843196309
2.0111453523701197,-2.456039712308319,6.067760528460151,1.0504935949065557,3461.23224644929,68.66909710757801
2.5243948625882062,0.7471357839082636,5.9150236102174425,-0.8796435100202886,3463.6127225445093,69.06446622419753
1.6823541825427337,0.7971153171377033,5.701788731586297,0.20967093623081262,3465.9931986397282,75.99569514943443
2.1542775367866964,-0.7696432156137097,5.026079518644589,-0.3992601960920141,3468.373674734947,73.30255238870527
1.8935456367036514,-1.675619421285754,5.634657462042227,-0.9536109998444015,3470.7541508301665,72.21060016009307
1.9575359379323563,2.465124228604868,5.158888549727592,-0.10088718814957928,3473.1346269253854,70.43856910043759
2.3360156914026446,0.9888183753275264,5.368717390964045,-0.7285863492104783,3475.5151030206043,70.78675244401396
2.0303431537379306,-0.09162659514853566,6.513618792389153,-0.08071394901640841,3477.8955791158232,73.75776009364148
2.0399988681047443,-1.4532092951279951,5.857123975112057,0.017384624047228375,3480.2760552110426,71.26129985467398
2.200780217288258,-0.9800368985684738,6.28377897150143,0.5592707046679747,3482.6565313062615,70.5179975580206
1.7700605231045676,2.2069164898243026,5.442880545760758,-0.7537925673819688,3485.0370074014804,72.15790377196157
1.6283021218045,0.459869592639537,5.333653804428472,0.45422258282288624,3487.4174834967,77.82342833732244
1.5671412980053125,-0.5721578963599783,4.523111346820907,0.04904022513989701,3489.7979595919187,79.24780785482619
1.2911964677708954,1.0186028098927813,5.307480622247263,0.5144245768047973,3492.1784356871376,79.16270029972999
2.4984853261045186,-0.967181823087871,2.357326665961833,-0.21587558751556388,3494.558911782357,74.05817283450142
1.551180774111295,2.5060267346391005,5.089143871610453,-0.6661222933817227,3496.939387877576,73.6917711630962
1.8162876476240992,2.284309958811641,5.598416906719971,-0.6087496631079331,3499.319863972795,71.36129856189814
1.8001405497718377,-0.44440474697848903,6.244890613805292,-0.645903726833558,3501.7003400680137,75.12052781367115
1.9759277082865798,-0.6872015712503908,5.413465587264109,0.23890707646032758,3504.080816163233,74.35437602468522
2.128948376077627,-3.6710483231611946,6.0307441419176,0.7384610111073497,3506.461292258452,64.7446759705996
2.1428911263624024,-1.9658717707573996,3.504209702795494,-0.2824757633276102,3508.841768353671,72.68587700801405
1.7103480699890905,-1.7523571280634531,5.6280899061215335,0.31456764912889174,3511.2222444488903,73.49418776074634
1.8356573632957944,0.45998142976889067,4.006352989187428,-0.7617210290678099,3513.602720544109,78.15525803543028
1.9710907926168058,-0.2318060183484954,4.478481919843451,0.0901606245886495,3515.983196639328,76.93403573342914
1.8122327538205025,-1.7601098366724846,5.50055017067048,0.33428130816856333,3518.3636727345474,72.85103812174904
2.369567402853468,-0.16350357699852264,6.964910619069057,-0.7240623876384342,3520.7441488297663,70.18733590607236
2.035180208077501,1.0165975365283733,6.060784936956327,-0.10194173448992727,3523.1246249249853,72.08588708862457
2.108875405106179,1.0507004044008699,5.708741342543755,0.3579585702427826,3525.505101020204,71.93913373433276
2.087801150763318,-2.590214241179592,5.67191275748951,-1.4668853236147386,3527.8855771154235,68.3141860547102
2.241503982447205,0.06724599607532561,4.978747684931724,0.6677265308508713,3530.2660532106424,74.43173162283645
1.9442937020178854,-1.8150196758529002,5.149327225572692,0.17683968794552407,3532.6465293058613,72.18411035586563
1.5014634133918374,1.6129350442294719,6.121621374854961,0.3583638238586714,3535.0270054010807,74.77352302000918
2.0109455008428547,1.4369123680749558,4.309820131008061,-0.20635963959738218,3537.4074814962996,73.85542487655769
1.6961585188846366,-1.0859971148052305,6.289170649433573,-0.8613612407826777,3539.7879575915185,74.28198308775947
1.733507408369034,-0.8876728616712926,5.3085461113593,0.26703147815847583,3542.1684336867374,75.94993941183054
2.0685287985589174,-0.4301541804592013,6.523547462304925,-0.041295162708256034,3544.548909781957,72.59106296692327
2.2646320485675604,-3.1170920073386954,6.660021683254252,0.016057727716160305,3546.9293858771757,64.1001810682314
1.9000564885300215,0.7664022705003337,4.026782681732843,0.5438034925994768,3549.3098619723946,76.84336839290972
1.9868531618272778,-0.1464646474784702,5.119225028857384,0.381031936931299,3551.690338067614,76.06017554339952
2.4053963381431984,1.7184171936868733,4.846217831619602,0.9606187085448064,3554.070814162833,69.19145956320783
1.967486759470888,-1.3841066231942838,3.889957911592311,0.07692711443674949,3556.451290258052,74.96490249885872
2.6762950449167793,-0.6648243485997903,4.6710935871908745,-0.3456062188955586,3558.831766353271,69.92093838837998
2.0659726635571194,-1.995574707146902,8.145824325030063,-0.09420842345436313,3561.21224244849,66.2645454361307
1.3686209554925592,-1.2418693230818434,6.315020621971204,0.20783168626930312,3563.592718543709,76.4738281153981
2.123382637108965,-1.508052893583925,7.623741569988163,0.5079282594964887,3565.973194638928,67.80719431418622
2.012258387947391,1.7592344332580405,6.5364955466539945,-0.7335169757193594,3568.3536707341473,69.69910349329479
2.2853677745789875,-0.781764807557646,4.966498080510038,0.004268807589584473,3570.734146829366,72.31289866370892
2.1009277837734093,0.45224577937853483,5.32751480935693,0.8047708285191846,3573.114622924585,74.070691067331
1.8579683674022003,-0.30480833072781827,6.298667580413343,-0.1201044355012601,3575.4950990198045,74.92623086334284
1.5327478300820858,-1.6375063650399557,6.14868362741774,0.4655059274345522,3577.8755751150234,74.42122600561682
1.8378628163213038,0.014595894247276753,5.134782061637641,0.24655876360800255,3580.2560512102423,77.55843464135492
1.6459465039491892,1.1660567579367114,4.203078189797645,0.47793030326249,3582.636527305461,77.61266878886823
1.727478806142083,-1.5438818614260286,9.001780460426072,-0.4048802707999662,3585.0170034006806,68.81779420665916
2.078742917447856,1.48178211684485,5.573818142984613,-0.40270083503279036,3587.3974794958995,71.30487415382811
2.4036746566319205,-1.0061125119988787,5.390178094064488,0.010135946061144032,3589.7779555911184,70.17005432585071
2.021639027644871,-0.4556508433106101,5.830201252701705,-0.7661108936201557,3592.1584316863377,73.94245879151195
1.5450072676255517,1.0652061420058099,5.475088630664272,-0.13487030330582886,3594.5389077815566,76.76429355798466
2.037687958406932,-0.7256161305353053,5.841497188489289,0.12643832875783353,3596.9193838767756,73.12221022367234
2.2638319298060208,0.3262572782120155,7.006667257338331,0.8923178034748862,3599.299859971995,70.56370048001429
1.7224432925545992,-0.20178413394852956,5.5961238116032,0.20135909463491083,3601.680336067214,77.32180760728708
1.8657090480532788,0.46466147542583053,4.55891480165918,0.31261423543655115,3604.0608121624327,77.07430172452042
1.9108570448453064,-3.3001416006675472,5.560935025835251,0.5822379235250029,3606.4412882576516,68.12138710081581
1.6715178350399207,-2.473197836835729,5.259131247860476,-0.4823287944475283,3608.821764352871,72.5561658558006
2.102008555822448,1.195633459516451,7.148386805103367,-0.08254133118549287,3611.20224044809,69.47226769697423
1.8717774319583067,1.8278133595006696,6.896562400809822,1.2127062959019463,3613.582716543309,70.11140354436714
2.0344594147507524,-1.0933302675781857,5.833924434348389,-0.039561111192254354,3615.963192638528,72.24011236152593
1.6428901874426698,-0.0932839677345017,4.448620306573276,0.5582153743911036,3618.343668733747,79.95073812126248
1.7784388640575846,0.7151964487898574,4.5024212550571345,0.4818689385865536,3620.724144828966,77.23086608297898
2.1269296290408994,1.3133032169497685,5.744394766815786,-0.7390568571938446,3623.104620924185,71.0847127750747
1.7989044977696511,-2.7676796119081524,6.06655309091627,0.15523963850296665,3625.4850970194043,69.58973535169801
2.429383174638468,-1.0548643576219345,5.356566548262295,0.07337373610261283,3627.865573114623,69.89292388644398
1.7919430936219838,-0.22431310357056944,5.251979659004081,0.16497939392021735,3630.246049209842,77.22570300359158
1.979779651236501,1.3296264515280307,5.140310515285237,-0.37705623989553,3632.6265253050615,73.12723088836006
2.192692121444085,4.022922306837014,5.710676923102112,-0.5584597559560796,3635.0070014002804,63.83514187670161
1.487946144540124,-0.06637134726788785,3.352270295784772,-0.23800500001042565,3637.3874774954993,82.90209703183213
1.3857545675303287,-1.8344680524062758,4.634668413229511,-0.048897498542101445,3639.7679535907187,77.37579070889741
1.4568420176247134,0.879761390465775,5.109907220322857,0.592492223800158,3642.1484296859376,78.48099955235357
2.2938561980617296,2.258214329000115,6.94542491412272,0.9086554098628035,3644.5289057811565,65.5854772218218
1.750065932470326,0.4391034322946248,4.9250723602720665,0.6982989231115889,3646.9093818763754,77.51410541909273
2.683625925309674,-1.0825287246586404,5.920319056692003,0.4300926053909221,3649.2898579715948,66.944192200838
1.747434977549772,1.7147970836513542,5.967359208081198,-0.5021701311497949,3651.6703340668137,72.78248865835164
1.9726181198105426,1.2734869136486067,7.0396991347299736,-0.20444808749474774,3654.0508101620326,70.47578905529917
2.3804295404928895,-1.260590229811752,7.0053268375819755,0.1049630262064989,3656.431286257252,67.29709784515454
2.5201686012080113,0.8510322494750294,5.686213893001128,-0.3162195190380875,3658.811762352471,69.18174972714664
2.5373363419555943,1.775155197464759,5.269200181414424,0.28860282626397543,3661.1922384476898,67.35962099857171
2.281940026513671,2.0524551687288257,5.0818205102156035,0.36024305412714386,3663.5727145429087,68.99061110074516
2.2271941576168723,0.18031013695143838,5.505559710642546,0.26814503128273426,3665.953190638128,73.4733318307226
2.0982790813381462,-0.25677183821711747,5.313559528481362,0.5125673022787907,3668.333666733347,74.60149846102999
2.1545752702987926,2.121622031421095,6.302190871489435,-0.45229560685653697,3670.714142828566,68.00605645182277
1.7562575375879046,-1.5341652528136844,6.169844488572252,0.4664143520460989,3673.094618923785,72.85975983440417
1.6767002466640877,0.9393088775086946,6.342307700817513,-0.34782272506009815,3675.475095019004,74.72466428168929
1.9216945878384621,-1.7732353243388121,7.01076268932372,-0.4704679763214427,3677.855571114223,69.67721095245969
1.8721989058418895,1.8802339367889829,7.615321197132387,0.26605806709319085,3680.2360472094424,68.89884211559385
1.7878335995054584,-0.10453359721431499,5.87808919661403,0.6079367810994903,3682.6165233046613,76.6188634159995
2.1332663244115806,2.1857749135875815,6.853863931705993,0.24400674318800492,3684.99699939988,67.18863622317942
2.211490082783297,1.0203848146747199,5.403714963209596,0.010402011886272116,3687.377475495099,71.65154485623243
1.9519693703039287,-1.551198808815312,6.941357746989904,0.15507691305075352,3689.7579515903185,70.09421139504543
2.369255467103836,2.4209392266407033,6.818836166575412,0.06821345903364005,3692.1384276855374,64.76535394670444
1.5840392010847408,2.611231856524789,6.766719854964844,-0.5629754480676971,3694.5189037807563,70.64952696756284
1.868997944245065,1.608160260251477,5.8533512314652665,-0.6213100724724576,3696.8993798759757,72.2475889482129
1.7125992867189792,-0.857284475621116,5.091901361164348,-0.039412939736727395,3699.2798559711946,76.51814247544885
1.3682355528153956,-0.17355657291123766,4.3667098518008585,0.03992841788465189,3701.6603320664135,82.07015936749745
1.903943241388649,0.5039724575362783,5.722180476285939,0.005666189183867041,3704.040808161633,74.92525221062121
1.8927744579972714,-0.7693664586556456,7.296210249826528,0.33805080682495664,3706.421284256852,71.99007281464293
2.3838852510223463,2.8250867440612786,5.454333459613183,-0.10773835808216994,3708.8017603520707,65.68470094224826
2.1196458051202427,0.5034245740915949,6.550286229466828,0.281489590952428,3711.1822364472896,71.95884277960883
1.6236985783258033,-3.7677189869113255,6.610092957184825,-0.07229338366322392,3713.562712542509,67.67597447033802
2.4877350755622287,0.7967052562423123,5.483437878027445,0.911679481018233,3715.943188637728,69.88119943785523
2.298370448523639,-0.23419586864861447,7.084452108392467,0.04035686336322333,3718.323664732947,70.40086857760065
2.1072430392773303,0.17601931798015866,2.8604303279403775,1.1703613057628386,3720.704140828166,78.41136189892039
1.8652222411191612,-0.26415073482914214,4.547325224860244,0.17600579554543216,3723.084616923385,77.59685739668349
1.6458897964610846,1.4997173365621166,4.855428268047102,-0.10683858529410784,3725.465093018604,75.80044588483538
1.822613985527483,1.9690490133959377,4.952331231974918,-0.4497239881298372,3727.845569113823,73.0679687343279
2.2614554092973775,0.7144669589787284,6.109295526094557,-0.7214442870288468,3730.2260452090422,70.95824603903233
2.50076187437048,-0.21870945898050737,6.064057327658518,-0.4957211421980784,3732.606521304261,70.35104536609711
2.3989145544423813,0.22862185676006097,6.168997676105185,-0.4398031545819949,3734.98699739948,70.98363240840303
1.7898425369621225,0.32039766719844565,6.372076807017828,0.19741001020608834,3737.3674734946994,75.32215032578017
1.6011683552152343,-0.9122760029959636,4.8268795823244615,-0.26308268553009373,3739.7479495899183,77.66964377730153
1.979876035145884,1.1601330802385341,4.559797552877166,0.09346352627724881,3742.1284256851372,74.42096268892084
1.4076352814409048,0.982174879863873,6.175283399536326,0.640989181188343,3744.5089017803566,77.02055544950859
2.035674689569085,2.603144776540777,5.149722371355606,-0.0439041758174268,3746.8893778755755,69.48215698506196
1.8950012377945926,2.1758793462221746,4.210470756737261,1.039578349233402,3749.2698539707944,73.08458559698192
1.8000290556609155,-0.7352857055709364,6.753282073379505,-0.5879054901695989,3751.6503300660133,73.63163018071609
1.4619874327451976,1.5240464637136046,7.178032311702717,-0.07529177418746391,3754.0308061612327,73.72693591120033
2.095037085766651,-1.1324587054445499,7.341084540891079,-0.26965646180548936,3756.4112822564516,69.3969297389188
1.7817058569343156,1.338242223966534,5.971925248288745,0.46825330302850393,3758.7917583516705,73.44285971217602
1.5911004673236078,-0.480204286115699,6.411844128038136,-1.1198958151830605,3761.17223444689,76.45291935406469
1.080956617422657,-1.239789647458609,7.156775390307958,-0.7215576445889056,3763.552710542109,77.51770985651028
1.934940927429071,0.7155316133422812,5.146487141433031,-0.053673411225481395,3765.9331866373277,75.01191283506219
2.4754313496489475,-3.716013445132528,6.899577009650581,0.7756888605047466,3768.3136627325466,60.55715007550123
2.4426944608828007,-2.330252230595549,6.065292583509324,0.11292091701865364,3770.694138827766,65.53487486118473
1.8077489995796256,0.03034742537558005,6.704605655107937,-0.6757737271321169,3773.074614922985,75.40523095726215
1.7647757926506933,0.4206222571250819,5.977985306670117,-0.5985832963451151,3775.455091018204,75.86326005597658
2.0866335759521073,-0.25664395581754995,7.089147908200625,0.8364948514224764,3777.835567113423,72.03159964053833
1.6470479099101376,-2.071445420298648,6.017414503282204,-0.3105673993981204,3780.216043208642,72.61888141504897
2.0376637083161424,-0.9287536709608899,4.310911853190898,-0.471481686224882,3782.596519303861,74.91043837628229
2.17751317275604,0.8852733836831794,7.247818346520291,0.7386862803154303,3784.9769953990804,69.4949836389633
2.3163323614429077,1.171507585460954,4.849362404410316,0.5055485027934954,3787.3574714942993,71.26652853818888
1.9187698305372647,0.27487602592692184,7.050953416432804,0.6370298216333979,3789.737947589518,73.38622116623537
1.8882779417984483,2.034837382789842,5.708655015184634,-0.4750209401329083,3792.118423684737,71.24370048586086
1.6865496583615098,0.8960584914478369,6.975912201888335,-0.7625528205071803,3794.4988997799564,73.80358820165583
1.7024450498801127,-0.8208440435426044,6.935673781252668,0.0665832446813528,3796.8793758751754,73.92481882022358
1.8831305643918577,-0.12003692547588224,6.2320527200261555,0.16756306653683198,3799.2598519703943,75.2867840911362
2.061849314044067,-1.8032061278123062,6.311450272292399,0.1823009018524159,3801.6403280656136,69.5300147596781
2.2262808340727385,0.1392618118813838,6.2265494104419234,0.7390919678195009,3804.0208041608325,72.50177468205175
1.7118178993688624,1.9699986518806516,3.7911025051819727,-0.8668835450041241,3806.4012802560515,75.6938064175745
2.4011446477976772,1.3301605118063324,5.92426457820455,0.4298475256488829,3808.7817563512704,68.57904467079592
1.872567843500558,2.4056172714209016,4.690877910707355,-0.5483125220736589,3811.1622324464897,71.96909720738225
1.9480619363789575,-0.1513464492428307,5.97913758762742,0.42786766043042057,3813.5427085417086,75.06843200442013
1.7308761759759541,2.322509478251587,4.666016884230653,-0.23747835226068872,3815.9231846369275,73.34769157021742
1.2283355108418836,0.01378205294388929,4.625017105749509,-0.4069858979452558,3818.303660732147,83.20133512228094
2.2213894712021984,2.51149485871743,7.415913794720806,-0.3049513534746011,3820.684136827366,64.82627639150763
2.1777976389583835,0.27171119205725014,6.881437556712019,-0.7228051003882813,3823.0646129225847,71.57618457312178
1.872915174398612,1.3657226883957991,5.808859088894203,0.020214469916733594,3825.445089017804,72.8890832504803
1.977979982571613,2.5179237247342177,5.998782458967515,-0.3863366953302286,3827.825565113023,68.88317713914029
2.113234212752108,0.0154935220887773,5.56711054748522,0.39314911545013914,3830.206041208242,74.70472667153336
1.4902587245782957,0.6335984690791002,6.385916343347094,0.32002804051645867,3832.586517303461,76.91505951565524
1.8008770668104024,2.2396903844856473,5.140999624587712,0.8440785264513954,3834.96699339868,72.2822580674211
2.198443016437524,0.10727099580555532,6.811808907403026,0.1831637417705386,3837.347469493899,71.92656501788139
1.5844478823035386,-1.6741819509230327,5.565997086549113,0.26033888354003687,3839.727945589118,74.78996643444044
2.049373539774292,3.5220480219602335,5.400252844389755,0.7000499059139069,3842.1084216843374,66.69951236032045
1.5549034237739245,-0.39672805306507464,5.842829400993192,-0.31383134801334817,3844.4888977795563,77.80470837565613
2.102379119094299,0.5464341593158082,5.230986724499707,-0.7441291064115163,3846.869373874775,73.96840156220654
1.952330193044943,2.0426917626661494,6.151833705468373,0.1000470295641968,3849.2498499699946,70.04687849077251
1.4790559604991351,-0.6036771854162774,5.286807197834668,-0.711316734607202,3851.6303260652135,78.72814855571423
2.313590533311192,-1.2023560518505017,6.293712450772686,1.226969336462695,3854.0108021604324,69.04481692772518
1.744364829804531,0.6904341470582134,7.042215077300713,0.7277491460394716,3856.3912782556513,73.75567337796716
1.7222405017761886,-2.379403774948249,5.107907171646054,1.0819881666507902,3858.7717543508707,72.6117057909508
2.0260612762529955,-0.12126543724607186,5.697674350853652,0.031223488331564648,3861.1522304460896,74.94183467058038
2.31105636028219,0.6785347667754924,6.290602100508445,0.27528679685079893,3863.5327065413085,70.37930905004109
1.6622936022965713,-0.09356774657768607,5.394436241445421,-0.22973771597632203,3865.913182636528,78.37607745301509
1.986119449647649,-2.003432751649782,6.295636995836901,0.441462402793376,3868.2936587317467,69.659007029939
2.0968361456622495,2.7033943980147366,6.38773876387499,-0.6077716060255285,3870.6741348269657,66.88521669385267
2.176698932778493,0.467818731323463,6.916625777360171,-1.2715465947373894,3873.0546109221846,71.04192304342314
2.0222761263858424,2.459623949844395,5.228398682453176,-0.39535530974428335,3875.435087017404,69.83013309062251
1.8598120714474553,-0.07677409315569905,4.89263884540944,-0.7277367378086579,3877.815563112623,77.59060992741695
1.7222204745142662,-1.0063529453968911,5.528862682807602,0.7389633680797678,3880.1960392078417,75.41305981618224
1.9969181773258766,0.7178213886573828,4.869714349185282,0.907838727540158,3882.576515303061,74.9255295859716
1.6500111346860171,-0.009245463971196632,6.402992138770518,-0.7014645362065555,3884.95699139828,77.1723090544281
1.0958258732697044,-1.4518215081083126,4.677770510166853,0.6458578037606197,3887.337467493499,80.58718347832131
2.103777493768427,2.5198827565286614,8.173566733845801,0.4756924917503852,3889.7179435887183,64.60972305776222
2.244568893216677,-0.6178130404137816,7.137507312046317,-0.7848883423594382,3892.098419683937,69.79265528516265
1.265087952764612,-2.444421121575244,5.855184984581938,-0.19513376546580907,3894.478895779156,74.98546609707208
1.6716280687171796,2.3086139343561065,6.711034102118262,-0.29008186106225986,3896.859371874375,70.78888946119491
2.16087350930137,-0.4396955363857277,4.207868768577761,0.3739976993136,3899.2398479695944,75.30196993175808
2.592956176949623,-0.5945974815660278,8.369075617685981,-0.6143896754525069,3901.6203240648133,65.21624345395898
1.9825263075416901,-2.330555917052249,5.256519957113408,-0.04943631282974123,3904.000800160032,70.42861981136573
1.758468326239935,2.9293250356346032,5.727270068071618,-0.342967251974809,3906.3812762552516,70.01803569888659
1.922581643813483,-1.6159204967179082,3.992867737069225,0.23667059169257168,3908.7617523504705,74.59024400209353
2.3904952235923025,0.40636241962370634,6.336122500914845,-0.10839601584396463,3911.1422284456894,70.35594841083005
1.7848251199800513,1.6880067329556019,4.744525840642735,-0.2676228519701976,3913.5227045409083,74.38459344680648
1.7394392017585534,0.9520399353403984,5.95356119046137,-0.10664828781603898,3915.9031806361277,74.77404476188852
1.8349565313018892,0.23037159064937865,5.308667056775905,1.018021416420056,3918.2836567313466,76.78141818779758
1.6943641438484076,-2.2322569698804435,4.776234245204805,-0.2084498180596946,3920.6641328265655,73.70009305670442
2.017747313660635,-0.8939564410761285,5.050653998436843,-0.5205026091418935,3923.044608921785,74.04714939036933
2.4689336031058917,0.6027205507737986,6.081841483978897,0.2917167845779826,3925.4250850170038,69.61896757225003
2.079038048369312,-0.859351594024159,4.57560105634807,-0.0717623347114783,3927.8055611122227,74.355915043463
1.9069927708327492,0.6268384043119086,5.109319567146442,-0.7076169654332363,3930.186037207442,75.51298247183857
1.895740349998757,1.3448042670049927,6.522444458017225,1.115748167601233,3932.566513302661,71.68839984547162
1.5149117514338604,1.7663336580620577,8.462691419839393,-0.17623947279332394,3934.94698939788,70.77083471361489
2.2493875447230947,-1.5162992956663937,6.338841462360022,-0.1889347269806756,3937.3274654930988,68.70588920950922
1.9616894241778489,3.618329471322891,4.945032728101272,0.07991767595404872,3939.707941588318,67.84311183611807
1.9314829350738965,1.4749702895985852,5.496222557307394,0.8650583846044196,3942.088417683537,72.61637695945127
2.9441458595405896,0.32157116228782495,5.895968720263034,-0.8398726632594978,3944.468893778756,66.79895213756117
2.076426495899537,1.958838623541515,5.5159983798351035,0.13799292471026986,3946.8493698739753,70.21749390419726
1.7618506967306278,3.873036999172749,6.769525743197703,1.0436360808968137,3949.2298459691942,66.06831331342656
1.8600684754335248,-1.832762982055179,6.084985935094558,0.06436434036982416,3951.610322064413,71.41006583875202
2.3330975637568714,-0.012184729738467015,6.776410342239373,-0.6176669896517398,3953.990798159632,71.1401421522398
2.0231334250284845,-3.2415459552318895,5.555160301910647,-0.3091984264803263,3956.3712742548514,67.37832725882643
1.558257713407907,0.6154713702407817,7.196151076437909,0.10344126487839525,3958.7517503500703,75.20103325247793
2.2660989464782926,0.8749782069581988,5.705212666573089,0.665401957819931,3961.1322264452892,71.12594391091852
1.7904765538133007,0.2685366798191935,4.901556405484229,-0.16966792220803034,3963.5127025405086,77.65251126171927
2.5534989798761822,-0.6541272584901858,8.051115309061633,0.41332589871621583,3965.8931786357275,65.86001705117263
2.3161142884278854,-2.7462051951401607,4.049866464085089,-0.7176844135234446,3968.2736547309464,68.53077300859889
1.85849387588509,0.88876082150613,5.137155398397677,-0.7218591847975273,3970.654130826166,75.20441384155744
2.3775862831391263,2.512005975618716,5.249916814158214,-0.24140034434247482,3973.0346069213847,66.82441957460287
2.014229311979343,-0.5572792443860667,8.38630211096078,0.7190143609366311,3975.4150830166036,69.91351422675892
2.2502963997269703,0.9897327583282536,7.685906523595941,0.0344373197568846,3977.7955591118225,67.99443712096969
2.1404761349144814,-2.022178943645983,7.374028214266445,0.14490559778330964,3980.176035207042,66.75970124016953
1.741741639931364,1.0162520198245215,5.550494469052336,0.1390397977867636,3982.556511302261,75.19969512740929
1.803176387602527,-0.2592458884184751,8.30838482570447,0.5546039912933654,3984.9369873974797,72.4638969395769
2.305822637607906,-0.8124039976819997,6.251613145767296,-0.30511034626892697,3987.317463492699,70.14498918628081
1.8969952019040404,-0.8089269274668607,6.861579461922682,0.34414255424411616,3989.697939587918,72.5093518732165
1.8769270259325004,-0.25840299644611525,6.065067052048606,-0.41544133192756505,3992.078415683137,75.2409757233518
1.712078908636043,0.9060604284993692,5.836961308571591,0.9916363279603801,3994.458891778356,75.28277569680584
2.1262898738212894,-1.6354380323644424,5.635706044550512,-0.4001955521483449,3996.839367873575,70.44752686169281
2.618562455785249,-0.2624696773435754,5.678902193269382,-0.4411946515393104,3999.219843968794,69.87697287045499
1.680140285771731,0.27139243969995375,6.4980919332078795,0.2748349067440248,4001.600320064013,76.13325871476445
2.0082615312522,-1.3145617072975404,6.25785881077605,0.03989421571616191,4003.9807961592323,71.26071526557448
2.4252577492440133,3.0293921909254484,5.860246998897445,0.16342620313046716,4006.3612722544513,64.23408703038811
1.9782954077813346,-0.945451336655313,7.4023023485300525,0.11365689774615903,4008.74174834967,70.70655487331597
2.1384959607322864,-0.6689657558786583,2.9270859034501426,-0.5451960994037194,4011.1222244448895,76.82898906926985
1.6846633142822718,-1.1318743429161897,6.404787466101347,0.806679464539742,4013.5027005401084,74.08582642929933
2.1324708069242524,3.0337059158818147,6.613700800458015,0.4467711029445547,4015.8831766353273,65.43541755421442
1.9484330574628677,1.1657420675420438,7.043987467302693,0.679474975633558,4018.2636527305463,70.9321991704879
2.3008933490371186,-1.0681051091433569,5.8332162928722555,-0.2641654445552121,4020.6441288257656,70.17276599553628
2.361988533338164,1.9965291502024456,6.107071565817272,0.2082617723575857,4023.0246049209845,66.95216150906266
2.783240532176555,0.6386290011472979,6.886164275885336,0.09868423111734555,4025.4050810162034,65.8082568258913
2.180860467403928,0.7238604752938229,7.3924473206177,0.5640013131007539,4027.785557111423,69.65479409160747
2.1053088404500424,-0.17833584947841746,5.601810584555263,0.5801240659148095,4030.1660332066417,74.30897377587073
2.0664850201507825,-0.7853441606504052,6.170388635887706,0.09652540147905742,4032.5465093018606,72.24917648333617
1.9028199802032173,0.8458290606128513,7.5830537297646226,-0.7589755659216258,4034.92698539708,71.28828691219519
2.1109155136204256,-0.4780506046054399,3.7815202318223373,0.8898309435438445,4037.307461492299,76.24526903178949
1.9213507842423565,3.0651142492187007,5.216602879801531,0.27799371684506946,4039.687937587518,69.14150378331209
2.061110701033749,-1.563555052429413,7.3735202597636125,-0.30421852069557104,4042.0684136827367,68.54194637101105
2.406453223870705,2.6450178014079624,7.001291545943089,0.20327106913334747,4044.448889777956,63.63389238659982
1.709813102806529,0.17420564173024658,6.432268984065221,-0.7555467742262617,4046.829365873175,76.23757759712433
2.354341704097892,0.790214024871111,5.462297590462752,0.527676533735522,4049.209841968394,70.99628491934496
2.4081152734965476,1.5917238188072105,5.030147284649404,-0.7356058721395765,4051.5903180636133,69.21054733803548
1.9781631668993263,-0.6029847925088878,5.321822114085004,-0.11041724601854129,4053.970794158832,74.68449951240567
1.3776305811627858,1.639163944291531,7.462118533468229,0.1222272248027749,4056.351270254051,73.68786768976653
1.8324441347724014,-3.7181219624712787,5.286740832445954,0.5194198559910468,4058.73174634927,68.11503076697366
2.404493129071083,-0.7363877897644083,6.017680324422326,0.053272338217187014,4061.1122224444894,69.89656500638682
2.009138734781758,-1.042094775363983,5.163624183531894,0.3174814368062751,4063.4926985397083,73.57621690803813
1.7168132263182736,-1.5358564212198111,6.761180956333243,-0.014083454224776465,4065.873174634927,72.28408170190443
1.8657765163402589,0.022373738020722622,5.380756373357957,-0.016092975472141332,4068.2536507301465,76.94671896418919
2.270000451528719,0.9238345813241111,5.822965120649769,0.04273862517414866,4070.6341268253655,70.79596225348531
2.182440319073049,1.3996034968240487,4.238253864490748,-0.0945289604261873,4073.0146029205844,72.68408790861936
1.9473467780636615,0.7073327410103245,4.309345377687629,-0.8432851215407178,4075.3950790158037,76.18887585643346
1.9095855976387504,-0.6521182498848825,5.931465053202674,-0.3841617468483141,4077.7755551110226,74.19582201437377
1.9027123440052494,0.9003511825500147,4.599713580301608,0.12238742055584921,4080.1560312062416,75.62785292113055
1.744123955070737,0.5336598825564679,8.03103688008168,-0.12456050174435945,4082.5365073014605,72.66630333292042
2.506067293129665,1.751720642763246,3.8655072635123413,-0.0779045410909533,4084.91698339668,69.77389915278606
1.9253663755606272,1.5134467319466278,5.127935841467503,-0.1616768347193577,4087.2974594918987,73.12154840344716
2.3878183567735274,0.39416182123152893,5.945893401535779,-0.4317991963659089,4089.6779355871176,70.99320849042928
2.479674254471116,-0.9970265499789649,5.56514162023867,-0.24654973048814693,4092.058411682337,69.32232715892566
2.323381700873923,-0.6301662794617648,4.827211754766365,-0.15341587219429736,4094.438887777556,72.59671306220466
1.895011684315927,-0.4750188540361557,4.974512654960451,0.002571570270924699,4096.819363872775,76.19059040794151
2.1462265061007835,-0.1228278482078497,4.942870329611519,0.19668917223485616,4099.199839967994,75.10881283625683
2.018458852117638,0.7525539974079052,5.647887254575338,-0.09027514544286955,4101.580316063213,73.49911330767613
1.7552173850176387,1.4236468806832057,7.887623210827072,-0.5148276278462097,4103.960792158432,70.56770890191027
2.124246491121575,0.27461443154699605,6.014717219411709,-0.6990410199593916,4106.341268253651,73.29741616304234
1.6738378867922226,0.37588706461081745,7.120766843414481,1.2987186036876122,4108.72174434887,74.98842897901346
2.384465112380354,0.5670669880612622,6.44592976065816,-0.5649075151322815,4111.102220444089,69.83771698981677
1.8893879325207412,-0.4213425552250038,7.053903503244904,-0.25931250063219147,4113.482696539308,73.2506848969042
2.0897331985071377,-1.0351648519675765,3.1411651227313673,0.25850015125696757,4115.8631726345275,75.98247459792691
2.1149841974108083,-2.2798249553347545,5.6377603538685985,0.18043030478284044,4118.243648729746,68.92392350157375
1.9529392322040742,-0.6889835542384437,7.250443377489019,0.2604328462807863,4120.624124824965,71.77836219053776
2.207232107292864,1.0638674911352015,5.372662340540056,-0.22135853476608772,4123.004600920184,71.62348090300901
1.889366466565161,-0.6998087813580722,7.707962166739689,0.11927903531977363,4125.385077015404,71.57360306397399
2.293840703657381,-0.0017428798587711403,7.430470623848131,0.030671832120431824,4127.765553110623,70.49921123532182
1.6292719153811248,1.055024144088575,5.478541851792803,-0.15606568377064362,4130.146029205842,76.11045153904035
2.071594352520667,1.1368212304051655,5.44560177634341,0.12270487088566995,4132.526505301061,72.41678943930663
2.6159741917424757,-1.2631022835657315,4.936252810134403,0.5276827733753533,4134.90698139628,68.51007154194426
1.7348114621782174,1.8521962743870553,5.3213584073537845,-0.011100111717662385,4137.287457491499,73.50898000557595
1.8322030901039859,2.048042854874189,4.71945819140698,-0.007773576821787299,4139.6679335867175,73.14308085487217
2.19031501202732,-1.3373463477414091,6.38195368199682,0.5340805174379921,4142.048409681936,69.56118351143269
2.090633621746382,-0.8779159130187295,4.498191883834904,0.4806801799094066,4144.428885777155,74.33285341772977
2.142564901148079,2.144886605629962,6.559067898618687,0.7919682204817416,4146.809361872374,67.65866242881243
2.1847491487784723,0.13838172460649759,6.584510714205446,-0.8781151172397884,4149.189837967594,72.29928642694782
2.2290269428375185,-2.970593252998451,4.29632537662761,0.4525595915846947,4151.570314062813,68.29681325986232
2.3721383015573214,-1.7400366911187266,7.508446782275814,0.3007900227010896,4153.950790158032,65.41013168633089
2.1627921469171274,-0.014156737866339364,6.473336494128242,-0.44282619887663266,4156.331266253252,72.95226623880477
1.9680878084877826,-1.384253905511339,6.710524874553039,0.12579395899942242,4158.711742348471,70.72887545648983
2.2428561244355887,-0.2594129799048157,5.203261934590151,0.5255608738789992,4161.0922184436895,73.60372565286802
2.6116678579114105,0.4097298388205989,6.585407167260401,-0.4145794612427,4163.472694538908,68.20422178876662
2.0025327710628034,2.5549305027038103,7.090523040793311,0.22128121451140356,4165.853170634127,66.95662701354809
1.7505840752777644,-0.07371896322237897,5.8666233639801355,0.4356768378655087,4168.233646729346,77.01109494375174
2.375687393333083,1.9711881610571325,7.968257023776345,-0.535509781265744,4170.614122824565,64.11414491502799
2.0080695233955987,2.505929491442941,6.011502630613698,-0.071142846222574,4172.994598919784,68.6533661383073
1.3930040429788062,2.5146677752167923,7.109327856955615,0.15048418832120558,4175.375075015003,71.90530643269415
2.299652798296135,0.7907494201790248,6.262655554193781,-0.3980657527714774,4177.755551110222,70.23192073189269
1.8854495818994759,-2.580901696634693,6.556273599853584,-0.43957659954677303,4180.136027205441,68.62973870343708
2.019510149695701,1.0556840543637642,4.300525749053138,-0.0675223009313871,4182.516503300661,74.75392004294527
2.1468866844256027,1.9374615552235772,6.344018334224072,0.400819858451846,4184.8969793958795,68.46522513520013
2.10506529422322,0.24367626870654108,5.239096703701845,0.3218670005960549,4187.277455491098,74.69164191889512
2.2613740946324663,2.9825681714400423,5.128781337761432,-0.4307063645931711,4189.657931586318,66.75941480769802
1.918516151687708,1.6558583841069607,7.720391296214709,0.32608394255784307,4192.038407681537,68.93163788190887
2.203717669846045,1.2189340193246565,5.763626961525598,-0.41796988808325425,4194.418883776756,70.6774831506316
1.9725461488192566,1.9965111682050447,4.975205106081271,-0.8050848989967172,4196.799359871975,71.76554522981144
2.272677872228547,0.8674112621995144,5.620485666046318,-0.18357178552361567,4199.179835967194,71.21932036760336
2.2362699032007285,-3.3714426437618217,4.680278051961308,0.5614846857928678,4201.560312062413,66.66081708704766
1.771653331584603,-0.3805184657402274,7.415724365437126,0.32798027607068675,4203.940788157632,73.75189063481692
2.3787052154183126,2.164359094582316,5.287271399061579,-0.0007859036865971312,4206.321264252851,67.62855344160533
1.892747539566063,-0.8423626280805924,6.513364952788606,-0.20835274179552876,4208.70174034807,72.9820656840871
2.296580259285747,0.03423318867886055,7.34128523830171,-0.1948810680582156,4211.082216443289,70.52984709656431
2.164975814689585,-1.197394723741818,5.486139977752707,0.05439245293039808,4213.462692538508,71.45749670649971
2.606871778742151,3.046161676605063,6.519429855745878,-0.5342187429229144,4215.843168633727,61.750476794931316
1.9890042901931428,2.892934742730156,4.958436762703923,-0.1740536726006486,4218.223644728946,69.41797367757358
1.9518768094369756,-0.9546887771961373,8.435408410486902,-0.10778473067988441,4220.604120824165,69.3451509657835
2.051474084040504,0.5924803111215087,6.92713562938431,-0.6755372292257488,4222.984596919384,71.71630310579573
1.9669745026575833,-0.6487887799741608,5.799266339030956,-0.41922412544878745,4225.365073014604,73.9433325202575
2.298539833958175,1.294788467464107,5.220156959556476,0.20525339574319074,4227.745549109823,70.54447472033962
1.57429326087893,1.1373155781367643,5.880112679889096,0.004755919970497112,4230.1260252050415,75.74219594779301
1.743711251866999,1.5907690091605018,5.65524468229009,-0.1543808955966915,4232.50650130026,73.59052043872762
1.740104989504799,0.8715082488808688,7.949292760183607,-0.4557137187689819,4234.886977395479,71.97645032148402
2.3461683861049334,4.777160048591276,4.771933915141295,0.7884249127946085,4237.267453490698,62.1298519169704
2.574890716988395,-1.167414510706897,6.133391121448101,-0.41898960733965923,4239.647929585917,67.28225130515345
2.031002890520185,-2.19101326093382,5.981373321955493,0.12579640363086872,4242.028405681137,69.30238374057073
2.012322444158685,-0.2143226603084002,5.883423408305243,-0.24393454403689768,4244.408881776356,74.54047868350165
2.0846162692505565,-1.9762486514626665,5.893340003402283,0.018139646319167577,4246.789357871575,69.54243821223545
2.4127961244666256,-1.8625383158862105,5.88700942754026,0.22880487097018615,4249.169833966794,67.21077107324108
1.786659060961215,-1.1253953138180257,6.877270512942566,-0.685128294603943,4251.550310062013,72.57733345835136
2.137008417739694,-1.0062848762012686,6.614313731682229,-0.003308122076744002,4253.9307861572315,70.46674987005593
2.3586900877215116,-1.0545066204005686,6.425366364771511,0.5953643244899227,4256.31126225245,68.85616320006922
2.217092479802913,1.1551712448820903,2.9735914890919926,0.8807509467460015,4258.69173834767,74.91494481573348
2.124272498001411,-0.3810182496134786,6.308502452868565,-0.06500698662756552,4261.072214442889,72.59052071265216
2.368345979159412,0.10941623861745958,4.354195575633064,0.02084060360845439,4263.452690538108,74.24839820673145
1.2576969560236326,1.720460257700338,6.657283085666321,1.1056665143007665,4265.833166633327,75.65134907906062
2.272664086483462,-0.7699494600893462,7.486588906457964,0.5674621407995991,4268.213642728546,68.663930298222
1.873713986553402,-0.016861053729330555,5.086981672285456,-0.30864228462760945,4270.594118823765,77.33766296482128
1.5213823774687834,0.9290214768231869,5.752569938147463,-0.30949172544306147,4272.974594918984,76.87753238097056
2.224568935583959,-2.5315462637793553,5.416125460682941,0.4782747308936343,4275.3550710142035,67.75039466485553
2.4839419826427482,-3.196128650696633,7.25204407636811,-0.5055185650228653,4277.735547109422,61.26007639756426
2.0312464822396024,0.9008300176151905,6.112771950388358,0.5438633756694266,4280.116023204641,72.32879517246266
2.358980372489493,1.1201000930694218,7.747205839817198,0.16714998187550417,4282.49649929986,66.70709802768471
2.557438811592559,3.4788337584092597,6.433763685962437,0.2588603820135362,4284.876975395079,61.19275958229272
2.4688673503051852,0.620070989953529,6.263593317044657,-0.12836690174002666,4287.257451490298,69.30349374710771
2.5670204072420484,1.6129636081742293,6.090484202035069,-0.3149124021232049,4289.637927585518,66.29570141857543
2.2983076841195094,0.0905706591530005,6.841404431342567,0.7309964154341602,4292.018403680737,71.12500523214757
2.0989382710023836,0.8300462852655667,4.28686167612249,-0.12336864027673747,4294.398879775956,74.70308560463329
1.5963575324633716,2.8855167799793153,6.111028001800549,-0.20546753828693087,4296.779355871175,70.84880578764391
2.0037679804608066,-2.8009314092552593,5.956774404093886,-0.04006853393990459,4299.1598319663935,68.03236602703457
1.8252525533388546,1.0059087409799956,6.7533771061510315,0.09651106635897144,4301.540308061612,72.75314206161264
2.73014950638363,3.5892912225389066,5.841394733920249,-0.5154125633597243,4303.920784156831,60.42348379170332
2.0267414607718117,0.8093894651483555,4.991500596062242,-0.2824357471034558,4306.301260252051,74.27534375686125
2.117109514070737,2.8626248262061997,6.03872502520484,-0.3090160369530289,4308.68173634727,66.84847428411135
2.246234906548063,-0.5566253618035483,4.949673771106631,0.42264015230342417,4311.062212442489,73.21404668644668
2.0945116035148423,0.33954933848983404,4.108392666706926,-0.44298128399994463,4313.442688537708,76.23244482559629
2.590588111766168,0.4383355866741765,6.761918569728946,-0.8778839288790269,4315.823164632927,68.0365782845918
1.895920275317096,-2.9379098964798684,6.614999499516771,-0.983547281453077,4318.203640728146,67.5653638069884
2.1417399587757457,-1.3633615936389185,6.504171339023927,-0.7351900673378586,4320.584116823365,69.70141933716084
1.8612595390289526,-1.255978809250401,7.341151914814019,0.6807691014240557,4322.9645929185845,70.95824879242136
1.6886373080726016,1.6228618246746667,5.374335330031743,0.00810329974202583,4325.345069013803,74.3722439786849
1.9017570350343265,1.6984215000633571,4.609397434661477,0.25062454340360135,4327.725545109022,73.62579381757479
2.0748207782251393,0.8766758756195754,5.971626787351357,0.2682438635606646,4330.106021204241,72.25230390412291
1.957785559184889,1.6272051629769366,5.695301880809764,0.028091959196160164,4332.48649729946,71.7267497978639
1.8794946959449665,0.14525654085542122,5.2016527097314835,-0.037390648325654106,4334.866973394679,76.79842201570449
1.6659708683392818,2.194808242603203,5.965246148629238,0.5222632149090704,4337.247449489898,72.23734322383388
2.0635799073525853,0.40552371670890347,5.434637661157538,0.07299795715631997,4339.627925585118,74.32559495767075
1.6377412927989068,0.4795676744789396,4.211385658879982,0.6995487396317072,4342.008401680337,79.38207198309142
2.317820374148754,-0.005186559865701379,5.607363015947348,0.3104149726449331,4344.388877775556,73.0334260832247
2.115182045122543,1.4203091292827699,4.913313934171152,-0.308898136740514,4346.7693538707745,72.15779991455601
1.653831557769684,-0.2377335531799275,6.282487196249435,-0.2485670119349681,4349.149829965993,76.75128286051856
1.9989815270278282,1.8591432325589603,5.395955019790966,-0.36373240322713973,4351.530306061212,71.26635717269352
1.8667449251658885,-1.3032958131786343,7.164772535195387,0.6087740109753578,4353.910782156432,71.06064226293323
2.1887921508357464,-1.253014516952296,7.658159040974519,-0.20252547647277638,4356.291258251651,67.86988793947151
2.495823236550517,1.426932201185472,6.734826889000481,-0.39923639839981623,4358.67173434687,66.36384327113146
1.5317850210500839,0.2634081860880191,4.505572505916781,0.15988902056341003,4361.052210442089,80.3288406075041
2.1294935990549186,-0.2841799406892302,7.562948488320272,-0.048583553186251585,4363.432686537308,70.90917862335716
2.04759530417424,1.7321766939426777,7.634627370985734,0.14728425628758193,4365.813162632527,67.83685477527078
2.297686887479563,-0.5133688780995113,6.078852492720249,0.9449069519469216,4368.193638727746,71.21680396583434
2.1608939288825737,0.09765474549028996,7.384143832177784,0.45653540296442985,4370.574114822965,71.39249595694702
1.8719945709231176,2.4972321720699147,5.510698853855123,0.013505277150953178,4372.954590918184,70.51491472165759
2.0025199739449264,2.7075376218125835,4.197285006741366,-0.7042116921030043,4375.335067013403,70.91506864379708
1.8600795359706663,2.7578555107466327,5.304404082288118,-0.2499812486043178,4377.715543108622,70.2681188119359
2.422340927124746,-0.023496141704089035,7.79514759590283,0.35552305127265155,4380.096019203841,68.86981083488756
2.1065841268468555,2.2461814456402207,4.575925644824567,-0.5855205198309081,4382.47649529906,70.66798490388776
2.6712000388379336,-1.0228673529116628,6.067686318575106,1.070485148165177,4384.856971394279,66.97170182915471
2.0832971440010564,-0.9593573866527962,6.103469027820999,0.007208281317774322,4387.237447489499,71.78002583962805
1.8896262672723676,-3.124251580706204,5.557511617979755,0.02442419660474244,4389.617923584718,68.73609348308591
1.6486872429283745,2.9111700099892763,5.628125619206837,-0.33332259647898893,4391.9983996799365,71.09038860278956
1.5625132753688078,-0.8936663214503898,6.145058340006143,0.24836887838785923,4394.378875775155,76.04814048341436
1.6288683670439652,0.2129405636764849,5.511809480190806,-0.579000903261116,4396.759351870374,78.16898743417086
2.1849014711157313,-0.9623108623509019,4.653076570942799,1.0824462945507287,4399.139827965593,73.1353962187827
2.258035662814592,1.4463599763922852,6.291330886668989,0.6586756523260057,4401.520304060812,68.88281842649906
1.6317159794359508,-0.15940169771228319,7.150830031414912,0.49214822259852287,4403.900780156032,75.82152287310932
2.3752400726350564,-1.5527396167079428,6.9482011024973716,-0.6952145028949047,4406.281256251251,66.69392872340363
1.962466005440474,1.067416726909428,5.270058880957754,0.10270663522887542,4408.66173234647,73.72664181776601
2.1520783212411065,-1.7452347587850485,4.8297328271031095,0.6045431990070023,4411.042208441689,71.17568729245386
2.5923630569886575,-0.8503106756318835,5.79793988408883,0.2965526996788696,4413.422684536908,68.43840902887779
2.3784054683049307,-2.754097889575607,7.651086929431702,-0.5010545523168874,4415.8031606321265,62.61088113547399
2.0294516383734154,-1.7292632797996337,6.730061781617616,-0.32504687765432766,4418.183636727345,69.34613602108718
1.8433106784871247,0.6749059853218575,6.7895972921039425,-0.2259680690029953,4420.564112822565,73.38185367064244
1.4657815932461182,-2.539253248057781,6.976659109376445,-0.3017189172443038,4422.944588917784,71.46062546982193
1.8962384395720344,-1.8137289633694,6.508738892020383,0.7643894178551537,4425.325065013003,70.53266173696966
2.0493039395629555,0.40487529994163074,6.209751678655826,-0.960506569411628,4427.705541108222,73.27875271565854
1.8171480830990652,-0.4065423833099653,6.75262145886027,0.32795956982941826,4430.086017203441,74.31752718864216
2.0745841353165373,3.3973624375684492,5.545320518793943,-0.6461516874642256,4432.46649329866,66.59194004535567
2.1376764286983203,3.1605920615770233,4.678196302074905,-0.4806257437255339,4434.84696939388,67.97981396335852
2.04782406180138,-0.8916964565641948,6.816829568124418,-1.0048666834343587,4437.2274454890985,71.16292201199184
1.9209404287965315,1.2463338963009358,7.332744688937792,-0.27452721557943294,4439.607921584317,70.51752479546872
2.167198305500006,1.5349917712591687,4.977949223150613,0.7553658257696068,4441.988397679536,71.35801029312611
2.2498451538138817,-0.4847096477412325,6.919277853870228,0.132412121232389,4444.368873774755,70.41054786933051
1.7908046449099286,-1.831362725985451,7.779297923419803,-0.5991807734995485,4446.749349869974,69.42620914062724
2.5418658454330396,0.39394308037735254,6.097462476481383,0.5085738371896562,4449.129825965193,69.53402182087024
2.0896718093569087,0.15356365380695836,5.282883591333253,0.6156521317843429,4451.510302060413,74.97439100362746
2.1255656076253224,-0.24037293162801676,6.225082177067854,0.052023240519542796,4453.890778155632,73.0569195443256
2.3330378735851687,1.077190999985529,5.552707892436101,1.0173745790762951,4456.271254250851,70.31365767270067
2.1912015660202377,-0.7119365927476065,5.48769073740571,0.4107820623123072,4458.65173034607,72.45900988386052
2.4078412510147995,-1.3133961474748306,6.538784530988567,0.34132625364629404,4461.0322064412885,67.64560282671168
2.2087013987676642,0.5786672216628258,4.503051234671646,-0.40168935358314506,4463.412682536507,74.12914390369414
1.9394971793479292,0.9944407333466875,4.664032662823436,0.3136992428106704,4465.793158631726,75.00187173761469
2.232344046001487,-1.3490387568903086,6.128433970933331,0.10839563880224665,4468.173634726946,69.57599978336233
1.7814400771097063,1.8085078760238917,6.088016686520289,0.25991450133551336,4470.554110822165,72.09518466328218
2.1577911560717626,-2.2389062104382464,6.455062566975591,-0.3422928095706653,4472.934586917384,67.4578113748669
2.115919906345021,-0.44991091904789215,7.987916772551582,0.06404944217949333,4475.315063012603,69.96598829279273
2.064119859722803,0.030690473639963245,6.218389443906159,-0.40843075010747903,4477.695539107822,74.08273077225843
2.0886600310057446,-0.5361880460196122,6.713232211556881,-1.073566049983016,4480.076015203041,71.8804013195697
1.5633332924876429,-0.42899870623549907,5.140712408628807,0.49915228428919173,4482.45649129826,78.70976828156691
1.9639376096808099,3.22564844479757,6.885368920410935,-0.7511944908447586,4484.836967393479,65.8963246299432
2.1570759823782484,-0.8568444588677386,5.59222693406428,0.05359323239120804,4487.217443488698,72.21294059270824
2.1778472138346023,4.081759447864792,6.191225803666217,0.1665010647245199,4489.597919583917,63.085984964161874
1.822255892323716,1.0760624593309132,6.012144147555733,0.16328150793152743,4491.978395679136,73.71358049174938
2.510939279393687,0.558900657390839,7.1551554387083005,-0.1415395367991251,4494.358871774355,67.78250096331095
1.8720433193693524,1.1356243793039673,4.81339371021825,0.1356057376399867,4496.739347869574,74.96450193145789
2.4234021348578025,4.216601607011116,3.8413213204067937,0.23548353489258106,4499.119823964794,64.30929692299961
2.261392838294017,-1.068233152742164,5.912317577992097,0.3674824078759924,4501.500300060013,70.36979804480431
1.9400362459787543,-1.2580239191166536,6.595472481672938,0.8667206696921315,4503.880776155232,71.44144151186893
2.6671679700807847,-0.7092494933259272,6.280402179892711,0.11709707574910268,4506.2612522504505,67.46892923619984
1.7771542703036753,0.47171160033392096,7.361529250446123,0.03202442250885094,4508.641728345669,73.56119296106661
2.4116625436129606,-2.164712492865553,6.567890525788487,-0.45336448267504703,4511.022204440888,65.4430826302497
2.436762312808847,0.4579006039085477,5.567862987955169,0.2179731619496685,4513.402680536107,71.0093555058251
1.9360732347056062,2.9651602317395747,3.807485263511164,0.3336915515702843,4515.783156631327,71.38728564773947
2.555670921647197,0.6523986403557651,5.896787910921045,-0.0961515921408136,4518.163632726546,69.07845415955144
2.063589765614163,-0.013292375133682754,7.163254504469085,0.27230625209201853,4520.544108821765,72.71316918054886
2.2258845513104095,-0.501056364674473,5.7444437062688,-0.1462580967746709,4522.924584916984,72.32361711842734
2.2180461108570744,1.774400596311152,6.166008368967912,0.33549632604446195,4525.305061012203,68.57061706891366
2.1003303876504518,-0.8116671531293272,6.560245605580693,0.4563011570148718,4527.685537107422,71.32782060760204
2.3845392970721115,3.1971250909816566,5.12479085263761,0.4493139333652427,4530.0660132026405,65.24368661701254
2.3800175904890546,3.3280202711204625,6.76451762876929,0.058922163070650325,4532.44648929786,62.493032155132475
1.6180858957178024,0.8135565231188523,7.779602657004828,-0.5199840758085257,4534.826965393079,73.35201754095321
2.5346224280852203,0.41160760469954877,5.970867279611971,-0.30595652632091036,4537.207441488298,69.7377006441514
1.6452479805102431,1.9753200969763027,5.015816603804934,0.2975786619423642,4539.587917583517,74.3759910077699
2.454435014089266,2.0719785218655002,6.079481022376727,1.2244061528701136,4541.968393678736,66.06535204905703
2.4833586238675194,-0.7787562080429603,3.9228995941808993,-0.17036038576604093,4544.348869773955,72.3018910976811
1.8187334379538131,-0.35915045502613796,6.485389249787056,0.22791883919407,4546.729345869174,74.82417248412357
2.023455718997778,-1.5523878151021742,6.601963276109297,-0.2780262787397017,4549.109821964394,70.0284397960984
1.8156655973708062,1.0451820727788104,7.8265287345861605,-0.48698352212455037,4551.4902980596125,71.12192693720729
2.083578035529052,1.4319780549291177,5.95810182008346,-0.33815793178868125,4553.870774154831,70.81427784831959
2.0563217602256887,-1.5924004264709688,6.561786752335646,-1.0412359883513358,4556.25125025005,69.7257447235136
2.383308260194603,-0.2498582902150377,5.293218742971969,0.6767175314538754,4558.631726345269,72.36906007844763
2.5431811335487273,-1.5874885365634608,5.799285785631089,-1.1150651264573068,4561.012202440488,66.9869009117549
2.569472416315527,-0.9143548666467294,4.631734159921874,-0.1319141152003164,4563.392678535707,70.21073226297615
1.9827959826373984,1.260823184080042,5.963337295358345,-0.5890639476750272,4565.773154630927,72.04056823566319
2.089359300186531,-0.6654725251441594,5.854025712810127,-0.44219010768110223,4568.153630726146,72.84040571643216
1.6477742305092578,-0.016035141931419417,6.459743211734306,0.688261329869334,4570.534106821365,77.08810348349593
1.911724848258992,-2.0053103464490745,5.538155774259091,0.100533495015696,4572.914582916584,71.38569168641675
2.443621892336044,0.7165962495248676,6.246307844142748,-0.48269807959085026,4575.295059011803,69.29007247128536
2.6395221378368867,0.37015488074797165,5.83079290576552,-0.2947585662482554,4577.6755351070215,69.2122463367867
1.7852238717407043,-0.6564198528466226,5.833884670908807,-0.38274061022104283,4580.056011202241,75.32633238759459
1.9784708522577283,0.15395197347868644,6.24695811263609,-0.021772836039440302,4582.43648729746,74.41691607928732
2.1489703537814866,0.7083703746679431,6.208331086084414,0.08644584239384624,4584.816963392679,71.72481460395163
2.2416227335472674,-0.7839192994297594,6.930195169542991,0.94778738661428,4587.197439487898,69.71192712873298
1.9153759891237645,-1.7755557859358304,6.049591712715069,-0.9581503829988535,4589.577915583117,71.1637150530977
2.286158371805011,3.1476550213407455,5.8215636437050575,-0.017406157378976227,4591.958391678336,65.10925000665046
2.0174716218766875,-0.5101601064001009,5.991856423353595,-0.15778384626726108,4594.338867773555,73.59704212395584
2.1559714664333094,0.29506461035086146,5.459215256842195,0.47327426385839116,4596.719343868775,73.82574385739308
2.3248764979633862,1.9569204182386544,5.815184414988487,0.1774090590891967,4599.0998199639935,67.78591034821355
2.163602334537693,5.7346998837520005,8.207470986129962,0.2951811040574728,4601.480296059212,56.04322513512351
2.0314446706352296,-1.425156049637832,5.264850906492044,0.17254309300754128,4603.860772154431,72.28827615108551
2.1301626349808913,1.1167712046955254,5.9000913570693845,-0.4659955626417698,4606.24124824965,71.31663387280997
2.137222180929133,-0.6188410488140037,5.792477681069392,0.6056327482465065,4608.621724344869,72.66640340892783
2.053413606424841,-0.36524084660541356,5.934014015114674,0.39925245230783446,4611.002200440088,73.75856800941573
2.087464297454747,-0.6369159540069331,5.851166231130277,0.4577648958623715,4613.382676535308,72.93124638864927
2.645383822438343,-1.2446226708429253,6.462866183508872,0.6320250852535824,4615.763152630527,66.03107346812263
2.334752414868003,0.382380677646762,4.474672152804883,0.2088375503259799,4618.143628725746,73.65402075773174
2.078519748442239,-1.7669781346716955,7.223240528267092,0.7404962020587464,4620.524104820965,68.11953588338221
2.3769377827362153,1.865445657356469,6.819874286545299,0.18881978589332055,4622.9045809161835,66.09107216490116
2.068393586154852,0.5281973594378322,4.945642961637586,-0.10952929401230432,4625.285057011402,74.71389346971023
2.521165150222961,1.0798042986501386,3.9206609651755424,-0.0033019552416823626,4627.665533106621,71.25017660382765
2.2808090966383627,-0.2526719586000449,5.213890412043371,-0.011921884068058232,4630.046009201841,73.30101171232792
2.1384148299762837,-0.10373558586592091,5.949521046444082,-0.2596956610452715,4632.42648529706,73.70906082585881
2.305609939285906,0.8788757654462074,8.773704985878016,0.8159444241851104,4634.806961392279,66.19737359328022
1.700721758454196,-1.2980862125589077,6.737896261107155,0.14814768275183382,4637.187437487498,73.04216600930843
1.8346444601003797,-0.08853585110445616,4.388276485526669,0.047369237916453304,4639.567913582717,78.51908996314582
1.8151876497188328,-0.840510169725315,5.507438098012033,0.19413712746321682,4641.948389677936,75.116066230918
2.216938885099542,-0.8864825781062349,6.145109264474447,1.4899272583685734,4644.3288657731555,70.8306185772264
2.6945016157144908,-2.714925950359153,6.4532339825095875,-0.5658620942998297,4646.709341868374,61.97682122462181
2.8448286730919383,2.4592823037094322,4.8860309249947305,-0.4225192558581378,4649.089817963593,63.76411846849882
2.3675458271982137,-0.5790544652199956,6.06701954405136,-0.6902855087234981,4651.470294058812,70.51146790328727
2.3270760609478143,2.19627922838831,5.485601250770752,-0.11629961921774304,4653.850770154031,67.66429156529058
1.6371979740837985,2.054865344977852,5.100713071761453,0.12275922166368017,4656.23124624925,74.1141832372428
2.015406084441209,-1.4768607435337966,6.465299156674804,-0.23266125917053868,4658.611722344469,70.48665073062364
1.9425663829873923,-1.1800158478026928,6.980813188660358,-0.269863399075885,4660.992198439689,71.03820953360359
1.9933408674496296,4.293817870316835,7.049210427050445,0.07120243331406616,4663.372674534908,62.744912744035204
2.129845993881281,3.0799150058618605,6.7837892657235965,-0.25105391241484876,4665.753150630127,65.0857606357097
2.0393563128459844,0.4067112207779256,5.713267775579956,0.15508791359141907,4668.1336267253455,74.09846978191737
1.5878882439074444,0.8405117843061446,6.926422093943827,0.5571171733713022,4670.514102820564,74.80598144705934
2.4067463188871514,-0.49135410971952237,6.522162423974317,0.3385152349004032,4672.894578915783,69.7344005386425
1.8612457435283123,1.1039081721340125,6.348286151841354,0.44050667358260115,4675.275055011002,72.82783439367644
2.2555384738486146,-0.6199299080068608,5.603888059836459,0.5429592057533598,4677.655531106222,72.00003534943924
2.80668533307193,-2.592223625016285,5.71994259647525,0.14141408005935144,4680.036007201441,62.48604437817097
1.909341626369331,-1.5255623438697377,6.291943831849457,-0.07932051302155056,4682.41648329666,71.47344538159683
1.426767572886332,0.4888750082493682,8.659170164248135,-0.3861265354415978,4684.796959391879,74.37491664991373
2.1007497431778233,-1.2389001800926438,6.521777608521357,-0.1955890818178605,4687.177435487098,70.31408519156378
2.5175364344397053,0.35724949858978783,5.610586686976619,-0.2618427663384472,4689.557911582317,70.55070474754297
2.775450668571243,-1.1533606042792515,5.390626434684005,0.3658361633104558,4691.9383876775355,66.82705348870593
1.8197797965009226,-0.7144344338618918,5.732490587053393,0.17339127729709808,4694.318863772755,75.0569396627578
2.33835303850584,1.7393101406430431,8.402792596944414,0.3483789313571507,4696.699339867974,64.34071144492906
2.0504490853657553,0.8312489697266712,5.827485082764743,-0.5801684280500757,4699.079815963193,72.77705726861016
2.158957021140071,0.4459977196508536,7.13485547226595,0.7158747421205395,4701.460292058412,70.91106632335337
2.984744190734615,1.779406750692313,5.853300530758874,-0.2134901857533812,4703.840768153631,62.89357880125399
1.741250101475804,1.182340356683921,6.491657785714028,-0.5500083210373313,4706.22124424885,73.37666161791273
2.2689634659742195,2.6317393152276165,7.023463616276896,-0.21960888241090637,4708.601720344069,64.73374855972186
2.333850240753628,-0.2274273673233782,5.661061219921628,1.241882996293754,4710.982196439289,72.26903782578009
2.519979262570605,-0.1816235577320624,5.593098772671765,-0.19385843324578378,4713.3626725345075,70.99645884609735
2.2243397411615247,-1.4883673695068471,7.894327108002452,-0.16254823573546273,4715.743148629726,66.64287298493701
2.288061741169595,-0.1797066898463866,7.2212979247951115,-0.09605234031483804,4718.123624724945,70.41429245883461
2.078854147456587,1.9113873199090847,7.028625594571839,-0.07431019171572766,4720.504100820164,68.04776012871683
2.2777892925880696,2.4146818652028927,7.0264784446154245,-0.39073803290062714,4722.884576915383,65.20126332936508
2.09479637426338,1.9056271234050706,6.700027145044582,0.0716065416030652,4725.265053010603,68.42752047981341
2.384928824734136,-2.2256496279726075,8.25947760477919,0.5377974540991651,4727.645529105822,62.9672289250266
2.088277711995601,2.090825027530229,6.286860857981496,0.15714465773935354,4730.026005201041,68.63642444823738
2.3129948401773697,-2.291201453570297,6.821466317435077,-0.5555826494499928,4732.40648129626,65.53583816850269
2.191790141265896,1.814221976431114,4.7945430453995685,-0.1721729524668542,4734.786957391479,70.7383093606957
2.539088678134368,-0.08416105458810474,5.421747940791367,-0.27576370005081485,4737.1674334866975,71.34426602726774
2.1865604575241515,1.5217856873012483,5.047142910566199,0.026469734117400553,4739.547909581916,71.13233775570437
1.670774160003266,-1.5302165881982952,7.523279406565625,0.6652258357811585,4741.928385677136,71.5233461396297
2.581966030710813,2.225677836056964,3.6979302133065666,-0.0744413980104415,4744.308861772355,68.23318184421123
1.9323759244357677,-1.728065042694298,5.84941551448204,-0.04407743443519539,4746.689337867574,71.44670672605506
2.0086721014644975,-0.5328143642403376,3.259274736111188,0.8888224094097147,4749.069813962793,77.70967517351639
2.0268103573773386,-1.0268027779266289,5.422949874456575,0.4381029958358301,4751.450290058012,73.08408538447986
2.6185472702395267,-2.160616717708227,5.764545881002857,0.28704064105326754,4753.830766153231,65.00326122230894
1.5662210289592209,0.6130735468179223,7.6416236149546295,0.9790658076508878,4756.21124224845,74.47511247884948
3.148955658282028,3.180887742211462,6.6546387804375104,0.24490562739700655,4758.5917183436695,56.87417720755886
2.525156300101698,4.472584005067935,5.4261282675721585,-0.9932635709887612,4760.972194438888,60.47809718515834
2.2760194449851356,0.6184321944602968,7.326493089947626,0.41633287894018034,4763.352670534107,69.25602431904673
2.19328843809266,2.148193004786314,6.279621833689839,-0.7960042285593251,4765.733146629326,67.66377723275818
2.2961320824326528,0.821785863543043,6.300617276441217,0.22600268429122386,4768.113622724545,70.12555276701934
2.36751216435362,1.2224417493788649,5.061640378165463,-0.85687178706462,4770.494098819764,70.41133774447567
2.4054500416559508,-0.03863273277690238,5.27556026986741,-0.23342770519995973,4772.874574914983,72.74647743000902
2.3792769898697363,0.7676791548463711,5.441739411287724,-0.1818922648049356,4775.255051010203,70.8839770769946
2.2401804928096967,1.2817555825317242,6.31456134147974,-0.3850595536158766,4777.635527105422,69.4023250889735
2.1548157548719966,-0.39167807267170063,6.347249782028132,-0.1744259985956,4780.016003200641,72.26140410630258
2.1693466425658663,0.36024430193513124,7.814721334923014,0.5162808601802762,4782.3964792958595,70.02253410225072
2.156967844420493,0.3893150405212992,6.656949085317919,-0.3569764560797767,4784.776955391078,71.78554601535593
2.556283412617447,1.7170398983673387,3.5655940993186968,0.27257043975527045,4787.157431486297,69.90874180416404
2.394931809439269,-1.1211383956048473,6.53706828610282,-0.4828248198036501,4789.537907581516,68.2320971063195
1.3354609657200616,0.4010717245014198,4.825677076933527,-0.09474978819606457,4791.918383676736,81.07511734758566
2.4150609066092614,3.3468686526792686,5.310990272989057,0.16191963316372515,4794.298859771955,64.34585570594415
2.277425003763606,2.2254263257775553,5.466060120003401,-0.49826420830927987,4796.679335867174,68.01794397544217
2.214105344278497,2.5035805541412355,5.616160291976171,-0.655860216455345,4799.059811962393,67.60396542245468
2.103876615316546,0.5169358610958588,4.905618876836517,0.2459390752894441,4801.440288057612,74.51821910947322
2.5583805014366128,0.962260802489574,6.485520555347058,0.5615401996703194,4803.820764152831,67.39902314926258
2.5061195124419164,1.9845952992577611,4.872507179451368,-0.0395325097436861,4806.20124024805,67.68079488314322
1.9907135159888791,2.822101171853704,6.641248614069335,-0.22865645327835213,4808.581716343269,67.0571660213507
2.3454080991708777,-2.445209427301985,8.522824255787881,0.07783769384419341,4810.962192438488,62.3394752546962
1.932511343535339,-1.4904897179762853,4.957766921328558,0.027739959382690242,4813.342668533707,73.37703457478374
1.8108392194919056,2.447315931389695,6.003889107089373,0.12145127035562572,4815.723144628926,70.38916275495646
2.0374261607491078,0.06829351843085946,3.766216109711703,-1.2641225501568571,4818.103620724145,77.88053275336244
2.4848763832050897,-0.5234756228936078,5.990012869679222,-0.5345521455829816,4820.484096819364,69.82728057260643
2.5128132226339064,-1.3966576744793522,6.934940635335627,-0.4226150527184269,4822.864572914584,66.00343907972693
2.3815190567477384,-0.34746276517046387,7.0141386637458005,0.07543381425578126,4825.245049009803,69.55798263747323
2.4458402426370722,-1.6180129207472884,6.372139741986626,0.09293894181113317,4827.625525105022,66.83003614405527
2.3838834227479353,3.6226613668410144,7.185316645405106,0.318090244342018,4830.0060012002405,61.09430423280632
2.03730424224399,0.4528450692363902,8.843385595162127,0.1287908746052184,4832.386477295459,69.30437499621391
2.3600446225771377,0.40005276013922736,8.010914214859742,-0.6503675351936679,4834.766953390678,68.10313979674521
2.4713102092739927,1.3695732472222064,5.777367695844919,0.7235023087925301,4837.147429485897,68.13953366398516
2.4581945973471457,1.93145588616857,4.850064366249837,0.6359591517111831,4839.527905581117,68.23070695642666
2.5893014107095036,1.907250501010033,5.896297293234394,-0.6290986450134629,4841.908381676336,65.67301652194729
2.44583910845812,2.0993315520598914,5.356746930912076,0.16635264718709145,4844.288857771555,67.1498378558172
2.3395033257576183,-0.45688908385618876,6.756358860744888,-0.2977121926215079,4846.669333866774,70.00721239318125
2.555835198354067,0.04305987713746723,5.125100019431193,0.06943199460027412,4849.049809961993,71.758018691177
2.227555366615068,1.6438886460899371,6.234754001880389,0.5266551398209353,4851.430286057212,68.71770444903403
1.9716713207187708,-0.3002611150680392,7.146873994246686,1.0650521331604794,4853.8107621524305,72.7556656552097
2.18803595276791,0.4836440799265218,6.209448201762449,0.3756388525713051,4856.19123824765,71.97242987539674
2.0142079285397094,1.0899314612916506,5.365115016330682,0.14746736755506798,4858.571714342869,73.11383539395717
2.035848273686587,1.6700454609181654,7.487528290792628,-0.1699105841541486,4860.952190438088,68.30680772202294
2.195769543328156,-2.1737713471934272,4.435019312211171,0.09106743550558823,4863.332666533307,70.34688631707442
2.0021229107733856,1.5653510662156669,5.987491854475202,0.6798859466641568,4865.713142628526,71.08840126656095
2.148184524878877,0.14312923573613773,6.274914169988602,-0.022354378379792674,4868.093618723745,73.04432945664574
1.673213034548321,1.555384856052876,6.333770764416443,-0.44305632567382514,4870.474094818965,73.22517743685657
2.306010351876858,1.6600790316422276,6.499646704371373,-0.8098449327583133,4872.854570914184,67.6522495493225
2.243109041470816,2.907037524253502,6.930879640008869,0.2565239337051254,4875.2350470094025,64.39121439758641
1.9983463229055167,2.5258290795824543,6.286322182689714,0.12364406281386965,4877.615523104621,68.26917344376515
2.441972480286173,2.515990013753078,5.954961770756678,-0.32295408663114833,4879.99599919984,65.24180246719291
2.526196042741549,2.6621221463850784,5.9167217690355605,0.5130070628536488,4882.376475295059,64.26004363855156
1.7633836180066715,0.9341695287688281,5.714087002081403,-0.21088843219381523,4884.756951390278,74.98637673090245
2.0175610737779346,0.545863302120459,7.114438448500731,-0.0673220459123976,4887.137427485498,71.82319548172428
2.0163630866086972,1.8072961524640927,5.6816595943810615,-0.008332066648971759,4889.517903580717,70.8283655343986
1.965862499575967,1.596677047088618,7.176252762179136,-0.17547637106904404,4891.898379675936,69.517028242402
2.497403875018543,0.035441593185288944,6.349774944373682,0.11793253287478543,4894.278855771155,70.40750260032792
2.1911419275042228,1.106761625969778,5.810815893830206,0.5757575729665005,4896.659331866374,70.98773667429646
2.170664017606578,0.4473676131562825,6.951773384632599,-0.5712409490592114,4899.0398079615925,71.08860874930778
1.6495888157080851,-0.78040101267001,5.6072083419970795,0.24426006923700438,4901.420284056811,76.44147442966468
2.4421023432898816,2.4366757348826003,6.974143034909749,0.08607933480322053,4903.800760152031,63.910277364109824
1.880429179134727,0.5842699955223128,6.549982472464262,0.07688191477235312,4906.18123624725,73.67091786942001
2.2709166042009743,3.5750202632956602,5.7422296489011035,0.4359222849370454,4908.561712342469,64.2817720348014
2.3368803682054935,-1.9357935474210584,6.868487769677734,0.02464871260857935,4910.942188437688,66.1627415312868
2.6625956914332436,-0.33223608414395067,6.887741926011569,0.24011463095285146,4913.322664532907,67.53703136915682
1.8624831729761795,0.5523777835109159,7.499971681742247,0.3579323147855736,4915.703140628126,72.46923263479991
1.3500071801625828,2.2099788643825913,7.30989959358055,-0.2521826001903033,4918.083616723345,72.71014600737203
2.311747578698509,1.1035992024182115,6.836327736766107,0.14959173040689916,4920.4640928185645,68.49252975921723
2.7974783122558793,0.9705924364728759,5.218764529329233,-0.12539380360531596,4922.844568913783,67.36554561677693
2.629741460381329,-1.1855239858315556,8.796244862839831,-0.06634088985994775,4925.225045009002,62.80389105811073
2.3216883299454127,-1.2295517589355236,4.945344687351346,-0.16103069823916596,4927.605521104221,70.93459693207086
2.112032954703591,0.9901061973636605,7.299527726092451,0.2355402020484432,4929.98599719944,69.67917927982344
2.50239424858123,-1.5393206776675126,6.782852651713032,0.04082235450912686,4932.366473294659,65.95826533961183
1.9689276230421817,-0.2904889701316449,5.178731374991814,0.19727201715833717,4934.746949389878,75.7542595278457
2.4046331812905257,1.2591932272845594,6.229878350870229,-0.008758681447874223,4937.127425485098,68.27013395515905
2.4141016199304377,-0.9651793602948641,6.2767325754094925,-0.8020605062351625,4939.507901580317,68.85913977670509
2.581258620293556,2.9168310422386377,7.662374978999664,0.015684208049854237,4941.888377675536,60.56429096355546
3.09182908974731,2.345191901739493,5.644788794073543,0.0317689775784085,4944.2688537707545,60.93520433656247
2.382391652424364,-1.8473520893269613,6.097462748723617,0.1212979685767301,4946.649329865973,67.17629243420225
2.112713912921884,-0.8882881976835582,4.02464684055053,-0.296864596842871,4949.029805961192,74.84059794159023
2.2584671995065877,-2.917906204632968,8.096788558748797,-0.597734858332756,4951.410282056412,62.49231405424169
1.7361535683941556,-0.6626361505816059,5.292867472288179,0.312303322447139,4953.790758151631,76.51487986796047
2.059199601397531,1.6613250753414313,6.691557158860061,-0.13680327826708444,4956.17123424685,69.3357547621761
2.145566364320327,-0.10860834957611332,6.264549673841262,0.08562202384249788,4958.551710342069,73.1671237007352
2.111862485570543,1.2039218687245647,6.269268375351629,-0.14073003994414782,4960.932186437288,70.6913928805968
2.3155337299243515,-1.7702832985464596,7.1784437952072935,-0.0030309128867974018,4963.312662532507,66.2823562214281
2.0238399061295422,1.7106734724356594,8.041157368471106,-0.22464267396790413,4965.693138627726,67.47086101716785
2.6076140577381635,-0.3184606035319766,6.62270230557012,-0.48404179457691404,4968.073614722945,68.40888257090957
2.2721063028795534,0.532950645693754,7.027601010348916,0.23686583038432857,4970.454090818164,69.9493714472058
2.2699937670924353,0.3758774901997672,6.702729516165298,-0.30156004411306003,4972.834566913383,70.84626186351315
2.1751554826767214,-1.391640182918028,7.392685019718353,0.08197574044740531,4975.215043008602,68.03062815171363
2.32082149115152,-1.2134503069471227,5.9135534622804755,0.20523011095103894,4977.595519103821,69.52947210999932
2.522534507923999,1.9683617225209447,7.453177271791896,-0.29340635780154084,4979.97599519904,63.7190537226178
2.015607060506973,1.1156523197327055,7.489604088261149,-0.6019428171864925,4982.356471294259,69.85160658422072
2.0790526293608536,2.0927319463857605,7.462959366164564,1.2130428069265264,4984.736947389479,66.94131004990192
2.1861115724802707,1.0051402739959576,5.721593254642671,-0.26388593797271304,4987.117423484698,71.41586685320394
1.874210263267798,0.7331336457536665,6.214722881869053,0.3117085793005792,4989.4978995799165,73.85139945666987
2.032936695756458,-2.069873225551545,6.623847528643381,0.969731774785062,4991.878375675135,68.6260520771044
2.1365906591393067,0.11408790232671495,5.014859148420246,0.3949538734269466,4994.258851770354,75.09976624843839
2.5425168971129724,0.4790569479938201,7.981942684351177,-0.15022140441377577,4996.639327865573,66.4893084265849
2.3597121174628337,3.450289943250365,6.376067855408502,-0.03355819376755566,4999.019803960792,62.93247641905866
2.3397646222022743,1.55156004734269,6.673594818790519,-0.41630360986942416,5001.400280056012,67.3925906758393
2.53770132163881,2.825713061223238,5.813985663363319,0.4408482134788711,5003.780756151231,63.913128278786445
2.241965034831659,1.4184242730764107,5.065436345257827,0.28313535402934414,5006.16123224645,70.92006452076896
2.401061018859857,-0.5443404645034257,5.789608450314011,-0.2572129091308716,5008.541708341669,70.74624801239156
2.253700384697806,0.6987975979431469,6.614167584215908,-0.5210874035492222,5010.922184436888,70.30215155123582
2.3650213162604605,0.8779438770233975,7.069717899759154,-0.6606168688318458,5013.3026605321065,68.28039292771909
2.1113310691867673,-0.8846275770091948,6.559406947660928,0.4932570019021004,5015.683136627326,71.05867208249148
1.5552599281836352,-0.05197768111167256,6.745666372982508,0.06018656447778038,5018.063612722545,77.30947681227798
2.247368090373647,0.21645073550393423,6.063243561371136,0.10749226816637579,5020.444088817764,72.38506309619429
2.7152233973891473,2.934029053220454,6.8978467112395,-0.41147431293117864,5022.824564912983,60.59637012097644
2.567011048927923,-2.595013169249504,7.885759849951143,-0.7317515516522031,5025.205041008202,61.147738910526144
2.5795134994957287,2.335323800486316,7.109045894204991,0.4813067873558162,5027.585517103421,62.86201366151089
2.6614816506898276,-0.878097896340433,7.215128437849317,0.02101951849861537,5029.96599319864,65.69020939685632
2.3179882456326304,-1.5305248020082882,6.700933676362985,0.45361733002881016,5032.34646929386,67.57838151537376
2.3513345689287677,2.298006432862422,4.905093564546333,-0.19296656325778205,5034.7269453890785,68.0866670195943
2.1075935306063256,1.626439836675992,5.364914090233878,-0.11840892151842919,5037.107421484297,71.0257810281086
2.1988168391247105,2.4108705175270018,6.865789037877755,0.35664908831031605,5039.487897579516,66.08360543636817
2.479119991727015,1.7306453525154801,6.401307431232221,0.3661740398252623,5041.868373674735,66.23846553804685
2.656304282975817,3.619860137156217,6.8534232452731345,0.39878281134297705,5044.248849769954,59.41978052539322
2.254055728317024,1.3686788294309442,8.091338281881983,-0.1476006265513481,5046.629325865173,66.40884967706347
2.1615838449287055,0.2963776854046815,7.142285998134452,0.3072736188254339,5049.009801960393,71.25295602985697
2.2975503795705654,1.0459842272577378,7.676471969144752,0.5545497327383594,5051.390278055612,67.48992844157401
2.47850573828843,2.3972995015920757,6.513603546999077,-0.05238600584076716,5053.770754150831,64.40830001921375
1.865739344632395,-0.6364657949085372,5.613043503799929,-0.2567441818870268,5056.15123024605,75.0633554999696
1.6107939335607004,-0.4447340607958232,6.3637306754556535,0.6713738016583829,5058.531706341269,76.45621736634135
2.1352399488504643,0.0701606472350984,5.618183303966087,-0.32722286677565354,5060.9121824364875,74.3154038351594
1.934940414286411,-2.6227714367742263,7.982568987102508,0.3147382485572385,5063.292658531706,65.98969461311938
2.149465575295838,0.7417227023530075,7.216004649139968,-0.029211155259930677,5065.673134626926,70.12596166804083
2.258327385640814,-2.2940854017358356,6.947466241136823,-0.9207828082422802,5068.053610722145,65.77696804882866
2.1674411594418284,0.6151994241647502,7.664237748270294,0.5642970337392901,5070.434086817364,69.62611554164806
2.7399104975192854,1.834048125654916,4.409579562682218,-1.378926814773684,5072.814562912583,66.8812263616851
2.4029485757547397,-0.17869792671639106,7.01911598934096,-0.9920640333788044,5075.195039007802,69.80099259315966
2.3958227176199265,3.052794078438092,5.121674944116389,0.26366503974033584,5077.575515103021,65.51892064677077
2.4930981704789863,-1.6531273309504215,6.426408350007167,0.2635355993390577,5079.95599119824,66.2827837837813
1.9655420636276744,2.3250190217556854,6.123300405687283,-0.31878992893876784,5082.3364672934595,69.27816532805846
2.6196818610505774,1.5513378011600458,7.09808918956272,0.07391104515162246,5084.716943388678,64.51706682435119
2.2859757188931034,-2.0349132025635397,6.665885075367607,-1.2657150228890024,5087.097419483897,66.62608362939491
2.510606224222002,4.605832807927225,7.784160798588923,0.3534877322352996,5089.477895579116,56.724326988522535
1.9886622575001414,0.44452835668550916,5.838492932244609,0.12486274352679849,5091.858371674335,74.22164164991818
1.8448495401365705,-0.7755745866058543,7.150851580640198,-0.022821426666897703,5094.238847769554,72.5759898414325
2.557102164044753,-1.5694739477511956,6.6053081353650445,0.01042074106888601,5096.619323864774,65.71153561521642
2.4254165753290065,0.21163543684365654,4.809143005483561,0.24662708809651593,5098.999799959993,72.85386429703347
2.0426370562216576,0.3510580397676676,5.527165803750586,-0.014450761748930473,5101.380276055212,74.4905097451817
2.0531127573423147,0.6966427472926452,6.297253845099561,-0.9370277513656101,5103.760752150431,72.38761030538052
2.652401630411618,0.09648656238885112,7.560774574491171,1.0981661172612613,5106.1412282456495,67.19840868899817
1.9587074947561058,1.4935253402501765,6.913556057763877,0.6004004097142256,5108.521704340868,70.2261926046799
2.8090931702888624,-0.03725055945348732,5.283683681562971,-0.6424723309774141,5110.902180436087,69.50860271671093
2.046865639780135,-2.3577449357443765,6.312220412263054,-0.17256861523829523,5113.282656531307,68.26238192400339
2.509330367886085,0.32116628332791824,8.471695853599376,-0.11801709507802043,5115.663132626526,66.41489756819246
2.2199885316746015,-3.005500430460386,6.566466133772941,0.5394247832544817,5118.043608721745,64.87664146979282
2.5002919420863794,1.0768797548448683,6.129271247615028,-1.079634467659884,5120.424084816964,68.11155820477425
2.1568635046564504,-0.9222185418968143,6.949691116828591,-0.2495041322148946,5122.804560912183,70.01500893276348
2.2720221801647043,0.7922805670312957,7.22269983866889,-0.8803182216687518,5125.185037007402,69.00907138310079
2.3338985054674453,2.518860974186059,6.004494324251016,-0.14254775791416918,5127.565513102621,66.02491803441876
2.0217295711432772,-0.8748658376501874,6.964593988376271,-0.2362504465424522,5129.94598919784,71.19210785416391
2.5453965206993985,2.140650532483751,6.134486889237388,0.039847033691356115,5132.326465293059,65.08347116933936
2.16994891049418,-0.10080902973879302,7.184061789270603,-0.3024371995045917,5134.706941388278,71.61229345779367
2.2560971233625966,3.1795769350747793,6.6357857765750206,-0.3755116956952621,5137.087417483497,64.04860201054976
2.0271367572776477,0.002565459976147544,6.949419506448805,0.30982834588157393,5139.467893578716,73.35236303216524
1.55750629788386,-0.7099352145784015,5.70962782365019,0.2273363704712902,5141.848369673935,77.20066984500784
2.269663246771307,1.5821720592938378,5.64888530579622,0.2756991713891211,5144.228845769154,69.41393591890062
3.0515217362307894,-0.10185985460417746,7.417029944209466,-0.08845004524542133,5146.609321864374,64.20763155732905
2.5638842844785312,-0.7098389391207633,6.393497837475171,-0.2858692911125947,5148.989797959593,68.12408162015709
2.323491126717667,-0.16391361563036289,6.759291169900225,-0.05942624101038539,5151.3702740548115,70.86335019233242
2.2511685885710198,0.48644742661449786,6.169223839284148,0.2505810350342261,5153.75075015003,71.52069696596938
2.3375425560392804,2.567138722331059,7.375709508583719,-1.0883898504859242,5156.131226245249,63.81824848298253
2.4957058277770487,-2.3467515560397088,5.870536852369428,0.197055965185429,5158.511702340468,65.3616692091302
1.9780939078273048,0.5895128233722698,6.344110319956821,0.15456909366739896,5160.892178435688,73.18530119901565
2.667402274182744,1.492759235835786,7.267069729649056,0.031075453042863493,5163.272654530907,64.028279122475
2.5484885279432326,0.8460889513616003,7.655410602828016,-0.07465671093583758,5165.653130626126,66.01375349380811
2.550098572718669,2.5212263241544934,5.960050228984496,-1.2830596929662068,5168.033606721345,64.35607026438767
2.4669546525112884,0.44542329260779373,8.444860747944096,-0.21992663155020295,5170.414082816564,66.48351342647406
2.3420663582053014,0.28062707731915193,6.799786335288468,0.8947193555386866,5172.794558911783,70.362221938127
2.5388095158825372,1.4464617505816757,5.4449848850223574,0.00645064778415284,5175.1750350070015,67.90589216895198
2.5152655235769443,0.7074515780633783,6.858334330286912,-0.15364491933735905,5177.555511102221,67.82174537079564
2.2322795627009153,-0.02661859009855816,6.107652831708938,0.008453097795056295,5179.93598719744,72.91373777558287
2.1671820908094963,1.3337244744986139,6.9260909275006295,0.17738643431400428,5182.316463292659,68.93909569602656
2.3705907121191596,-0.4187698907979255,6.4505372164117745,0.32941012234473216,5184.696939387878,70.31254375143425
2.8055114240177685,-0.3562288089828489,6.569038807646523,-0.11444008157897091,5187.077415483097,66.81177837393095
1.9698451650683442,-0.2309395074720776,5.584544023884101,0.21245980119684185,5189.457891578316,75.2870738749469
1.9020919714007365,2.5911701076672564,7.487571543830081,0.8383254013806798,5191.838367673535,67.07398164388084
2.392550421026031,-4.2694430882085195,5.34275648823577,0.5031253997163576,5194.218843768755,62.1718541789168
2.3591614509071404,1.15599501237797,5.391493131884489,1.1701501079284897,5196.5993198639735,70.14948116397122
2.396670965523369,0.6145200321084977,6.868993177969259,-0.3283851791758582,5198.979795959192,68.98684242858792
2.4186281056133607,-1.9576775913633067,8.105852507161632,0.8380947537510076,5201.360272054411,63.598002415942396
2.2792555040455857,1.0287342889946882,6.151791223710752,-0.3953368199612973,5203.74074814963,69.96643340958246
2.793949600378521,1.2782883669458955,7.206733333900226,0.17678307337023166,5206.121224244849,63.64258227875675
1.8674941177834634,1.449635721253712,7.58047850811051,0.3662382646190497,5208.501700340068,70.06523999243225
2.099991300587519,-3.412048489219695,7.323200718221345,-0.25538859595223623,5210.882176435288,63.68514729491859
2.318339430838705,2.615794690370604,6.198686571063509,0.04398213873713785,5213.262652530507,65.61576797076859
1.8571350205656483,-0.5398772810859955,5.420227351982634,0.45523055122592054,5215.643128625726,75.66288560478587
2.2981115017774085,1.597096835534451,4.305106342074476,-0.35513544915595396,5218.023604720945,71.1647063838329
2.8500853861872195,1.6793735620026384,6.251193876482166,0.8346917297738236,5220.4040808161635,63.6240921907724
2.3586871504860394,-0.7467648257641055,7.693502842335064,-0.6922983123636745,5222.784556911382,67.72333646819882
2.422408697407945,1.5594888789888852,5.392631216468892,0.9698457213641921,5225.165033006601,68.63306139856088
1.975926572002308,-0.008922526999149305,7.218389405837133,0.500663067399796,5227.545509101821,73.34269699772796
2.169845509170633,-2.537229814618919,5.569410014983641,-0.0448627881638893,5229.92598519704,67.94404636761217
2.2429733016803417,2.321967698810017,6.6270187377691006,-0.20133410561836573,5232.306461292259,66.31076623287856
2.2609963251123517,-0.5916935417648785,7.230122021513634,-0.2535141313955118,5234.686937387478,69.58761251241853
2.741582985168704,-0.7103469629953658,5.864219846126146,-0.06789782012850742,5237.067413482697,67.49513894197273
2.525176511580115,-0.032686006480031615,6.695585468897051,-0.024247930774413128,5239.447889577916,69.67349468781342
2.0252115071431245,0.9807876841405715,6.1113955863399765,0.6276131233172908,5241.8283656731355,72.1792453529936
2.4333803827821443,0.4870470166018753,7.233022346498253,0.9843270501922919,5244.208841768354,68.46580587649078
2.5096758829965404,1.3955732926924256,6.76457825016909,0.09968996032700386,5246.589317863573,66.28679232904298
2.703034833365499,-1.4352406352535758,6.587156779867701,-0.42281424399470213,5248.969793958792,64.90688457514051
2.8359334453078975,-0.5390653960878449,8.090387718963997,-0.272863020318097,5251.350270054011,63.829287368871206
2.0580244534839442,0.4010395322059027,7.19573318420351,-0.09154539230564224,5253.73074614923,71.73960576530843
2.1200772835307746,3.4223872969173095,5.844465088351713,-0.5150610526483878,5256.111222244449,65.71671585693296
1.9868433592477155,0.40535900366076316,6.450343595952639,-0.5894707010536894,5258.491698339669,73.41634022293741
2.2946932933848827,2.2044328962370985,6.461699883572743,1.0485636061865136,5260.872174434888,66.43882158696908
2.5055896518124063,0.6349541794954806,6.619310042809222,0.15130676297312703,5263.252650530107,68.43893227254821
2.662665736983418,-0.1478443681518944,9.064892177952716,-0.4165665668401734,5265.6331266253255,64.73172491682385
2.344463671608765,0.2080793496293536,6.9126278548470355,0.40830178517885635,5268.013602720544,70.35515047078594
2.272078672586555,0.3260590516653503,4.507267082451683,-0.5891730624034228,5270.394078815763,74.24732236646666
2.4143446322657693,1.4846800981685393,6.0017650008895185,-0.5480060239355268,5272.774554910982,67.97089519511822
2.119059023296932,2.6416514972221243,4.613586834790304,-0.40152120053212254,5275.155031006202,69.52301881838378
2.9972485236558146,1.1197792096277368,6.217556244549507,0.8272566404325167,5277.535507101421,63.89622941985988
1.8888739665400618,2.3613980345629524,4.561440480807757,-0.12644003288918695,5279.91598319664,72.1433524600605
2.427380170038946,-0.8658792755310427,5.6785570780342,-1.2208534934512434,5282.296459291859,69.89842483380953
2.9798259380005216,-0.04011638173329257,5.030823487666556,0.6050329665877966,5284.676935387078,68.51486631016276
2.3755704556276833,-0.5041001331383776,6.937103293095804,-0.15319068208117873,5287.057411482297,69.32953108248888
2.317305575953942,1.0545450772818725,6.554881205214461,-0.9247040029392029,5289.4378875775155,68.9928708913421
2.267870797972621,0.04496537210804574,6.858703507171175,-0.1583417439817049,5291.818363672735,71.45656492519215
2.3217744128150386,1.6785873504471338,6.452589797820382,0.26050194830245155,5294.198839767954,67.55045162463128
2.7885343064413837,-0.8120493914230456,5.1642440525305595,0.20202458326648465,5296.579315863173,67.91523599111548
1.7139093915008896,0.6495251032484164,7.073464417965386,0.8992074895824096,5298.959791958392,74.05471548292377
2.838286630316608,1.6157912131368577,8.483569484585383,-0.42638393128496527,5301.340268053611,60.528874697746915
1.9518582833872884,-2.511923876479361,6.9719600081573585,0.02336006013248615,5303.72074414883,67.64738402946725
2.2998389937132813,3.7690034226510423,6.138225965097733,-0.34978463928921094,5306.101220244049,62.971440546019544
2.251850983921934,0.1623550460212081,5.137487152803946,-0.7710964470936115,5308.481696339269,73.87307378436559
2.557980262637327,-2.449950349376852,5.658891752273121,0.4427636861529774,5310.862172434488,64.92294439704958
1.9027673020022187,0.8252772529100743,7.0214034033584465,0.23163478457376008,5313.2426485297065,72.1825633466694
2.52164708741981,0.6388287270232109,7.6428874269686675,0.14183922484942635,5315.623124624925,66.76542034263049
2.991079208775819,0.46634931183443606,6.832041857903777,0.21339509662932227,5318.003600720144,64.6574302633517
1.975625508773109,2.0765051428239674,7.372469885529899,-0.34273642634421003,5320.384076815363,67.94502824446036
2.4422813029619124,1.7114137589264464,7.281668382122875,-0.5028475436590967,5322.764552910583,65.26071260580427
2.187566896034305,1.037588652784626,7.081932701382874,0.018823686084680137,5325.145029005802,69.28259414768968
2.5147201620923445,1.2665361177429273,5.918333516266626,0.580605701205807,5327.525505101021,67.83839813450399
2.3934911384869584,0.4352935293510254,6.752140054663566,0.8040385677267735,5329.90598119624,69.63562698673142
2.1960938917433914,3.2555962501645284,5.731248799596411,0.39771635340371647,5332.286457291459,65.69538504124694
2.5356951632791103,-1.625905042324791,6.5984662468563915,0.014587213384047974,5334.666933386678,65.75197671767054
2.931431778281567,0.8028957415542078,6.9133121450145465,0.13489196469996803,5337.0474094818965,64.17133820234012
2.333650429521764,0.6914846581431392,8.26264437101344,0.00579692966268572,5339.427885577116,67.20811836194788
2.6076435255454697,1.8143980376975661,5.275541168567505,-0.5129716698497141,5341.808361672335,66.68954494854107
2.0045291855673795,-0.6707734341848631,7.0681939828646,0.012323689105271474,5344.188837767554,71.6845419557019
2.1063754440776923,-2.0199713321794075,8.069336782064653,-0.6674134087942466,5346.569313862773,65.99506294383296
2.535823878848227,0.8313025211366989,7.348362424477221,-0.062038613051519795,5348.949789957992,66.61260902965661
2.8401327965725747,1.0184443970024297,7.423875199290437,0.8180525552981596,5351.330266053211,63.59701383597768
2.5023783393418073,2.831528670642213,7.180040385789784,0.4114296113916759,5353.71074214843,62.132091029975335
2.3025736264101395,-1.3078823791095722,7.89209633078357,-0.46155959211826486,5356.09121824365,66.4715605447696
2.3970755122217207,2.3302327104715563,5.507700659611569,-0.0362145348211416,5358.4716943388685,66.73626313662999
2.0229631795980803,4.14984521256668,5.21066977809908,-0.41718815587736896,5360.852170434087,65.62567686465005
2.5802378610565393,0.0326081774829039,6.591680549579063,-0.03125688408860501,5363.232646529306,69.38905584347182
2.6643812993745386,-1.3366257421214924,4.438271462077207,0.5205539082622815,5365.613122624525,68.68597805658415
2.2648527525218305,-0.010141647978886947,7.831498875061131,0.3265039691549519,5367.993598719744,70.10857554728645
2.2602660339047955,0.6218599032121684,7.822988401242368,1.242072040372668,5370.374074814963,68.62873936886766
2.481841327155805,1.4470670513504986,6.170343415155812,0.5962387012537858,5372.754550910183,67.27208663164359
2.2718614716422074,-0.28517383312081357,6.234344767702844,0.10200019053884574,5375.135027005402,71.76065649250604
2.383837496427488,2.935249321764503,6.534189912965302,0.33857498706664657,5377.515503100621,63.789891854720885
3.0343940600926906,-1.0688134569502683,6.659980691937818,-0.10122158709166786,5379.89597919584,63.06284283897608
2.331170409813091,-2.00528898156794,6.736557243704311,-0.5637521235432481,5382.2764552910585,66.23257840201896
2.29857702529133,2.2641183503627733,7.169039344029763,0.6528882891437603,5384.656931386277,65.19752890571779
2.2126178342346075,-2.807344629525862,6.439605426414021,0.504495738465824,5387.037407481497,65.62128761268745
2.6309396265692477,0.2989267034371035,7.556850254800935,-0.12052710729698213,5389.417883576716,66.86989084665186
2.3541167965145995,5.282177726132091,7.06103052997869,0.1369678684656691,5391.798359671935,57.370075517584944
2.214474504511019,0.5881256145650671,6.009545738140603,0.6204695936924032,5394.178835767154,71.79957132028828
2.8064803473834186,-1.0744253842433644,7.953048912606791,0.42317571310301005,5396.559311862373,62.93252039141406
2.8367731149163276,0.5211652800279669,5.261106949099267,-0.7315506256248494,5398.939787957592,68.11124145695057
2.2315685738679987,0.5315959127971064,6.528626444448942,0.12181001074491213,5401.320264052811,71.02552196038982
1.8525374423754517,0.8493078623854327,7.5891386060241555,-0.08381576274418201,5403.7007401480305,71.67272289599657
2.7155576730953923,1.6022635173356399,5.9005776793444165,0.5565003495693404,5406.081216243249,65.41901330288113
2.2087191109436453,-0.9492613801038443,6.934636639961189,0.5155213693913306,5408.461692338468,69.55513870224945
2.652100585114461,3.1412640197656105,7.169851428760168,0.6593039140890224,5410.842168433687,60.17525812653004
1.8246869609127156,0.9781501640431043,5.767419431976567,-0.5589471693601038,5413.222644528906,74.30599975462567
2.6843028627433476,1.7012068437717422,6.5568976781900625,-0.3920557670281194,5415.603120624125,64.43721347133877
2.053977991663262,-0.3306710526684664,6.474304295030782,0.5570412180677193,5417.983596719344,73.03004199247657
2.6373650695280473,2.5416637613653603,6.080503630493201,-0.2958229076712228,5420.364072814564,63.42616459462242
2.423224371686267,0.22704968767062722,8.935350321091374,-0.7607164904571537,5422.744548909783,66.64355532569624
2.1335675972102415,1.0294950522597874,5.872003731939831,0.26629824380703265,5425.125025005002,71.54971599375885
2.298445855011752,-0.7859546165208066,7.6414756254275025,-0.2736092201329864,5427.5055011002205,68.18533318046272
2.627259966004,-0.8811544869918639,6.2451801900823956,0.8948953851542003,5429.885977195439,67.41126376936475
2.453940799045416,1.6470896017532213,5.552781523311777,0.14809227699423178,5432.266453290658,67.92157731828596
2.5983047456131,-0.05008967766350936,6.7436690902152545,0.08012964332083276,5434.646929385877,68.97283420561355
3.0167217693531616,-0.6648749019242215,7.291385995940418,-0.18462194580787852,5437.027405481097,63.266959596453525
1.9553262071790143,-0.34837588591232604,7.564240580740931,0.7954176669634857,5439.407881576316,72.14008975667568
2.910571914043383,1.6653683686113288,8.20743514008226,0.17927722994491047,5441.788357671535,60.240851056001226
2.457524727836878,-0.32607816075214024,9.591855972743836,-0.20424975907810322,5444.168833766754,65.13682281630886
2.157392891276747,0.4415363397792108,6.898564169575482,-0.39704185330272346,5446.549309861973,71.28916976597478
2.028744531412412,0.6411007048533848,5.98639870463525,-0.03673652728210894,5448.929785957192,73.18769392961437
2.371913369428075,-2.256923671241325,7.103806747525887,-0.4888234185774028,5451.3102620524105,64.72667374518326
2.7059557419322515,-1.5870491358236678,6.386161642224467,0.5144387208394721,5453.69073814763,64.80548876164612
2.392007548102035,1.1245983566815405,7.579783524012755,-0.904171027012117,5456.071214242849,66.68276843746074
2.8844306933165327,-0.48482123223415996,5.358096528953974,-0.0697570141665354,5458.451690338068,67.67535657945137
1.9965437914205468,2.206351699211304,9.025039428508908,0.3050667725439672,5460.832166433287,64.974211277844
2.429082452442537,2.0720167475733855,7.514197671302363,0.17105971005482856,5463.212642528506,64.11600200457269
2.0578040959994084,1.7011010857487185,4.97559087877867,-0.35864148650783445,5465.593118623725,71.82142819946493
2.5434250408044785,3.352547998313555,5.9520119439374515,0.3301293533532746,5467.973594718945,62.3432117618741
2.701215393906474,0.4987987929700814,7.478568469673555,-0.4430196941929538,5470.354070814164,65.92542716181268
2.309734693799917,1.5972983767919136,7.840278690667868,-0.011192328248405036,5472.7345469093825,65.76845847161908
1.6555134841096935,-0.25208303749549077,5.393144845830852,0.3259207859901778,5475.115023004601,78.03596726463745
2.4972768484970356,4.303616472275143,7.37985679169177,0.2314563897465566,5477.49549909982,58.1929588437982
2.5694290875050463,3.6010554933106915,4.720940166422508,-0.337519505709734,5479.875975195039,63.36051831704914
2.560511420167061,0.6439693142290557,6.580393901068601,0.5987472582821817,5482.256451290258,68.03539450148797
2.810773477085409,1.2065718912169636,7.783226965727674,0.04334728574276703,5484.636927385478,62.82254200668281
2.119538895670912,2.6661830654242933,6.121115380235911,0.3714977054695757,5487.017403480697,67.19655810071811
2.6457363653942774,0.4070717652849346,5.167160427544907,0.7645505033366237,5489.397879575916,70.06568902231608
2.8002406758627036,-0.3566104914533499,6.821749769034112,0.5587602743873035,5491.778355671135,66.47392371091382
1.909729389444177,1.939855069607745,6.072268981624312,0.5600647031655219,5494.158831766354,70.76412373799076
2.5400188091152986,0.7470743766852421,7.307999719558468,0.09633996492473612,5496.5393078615725,66.8501640060268
2.29368726289743,0.9044524826010448,5.794569056137018,0.39696756045525483,5498.919783956791,70.69751710611243
2.4213027152960165,-0.6209006697842747,5.908713363194029,0.10679828728215804,5501.300260052011,70.21425655838013
2.550881121481442,-1.9454561049318002,4.6618033260925404,-0.6046622338892067,5503.68073614723,67.73660577668015
2.301228620545959,0.985811741338668,6.854206381771527,0.15137189625252118,5506.061212242449,68.84433210962837
2.2455041335582773,1.98958743377914,6.5248133858243085,0.12818049186923275,5508.441688337668,67.27477826834948
2.4592820042465564,0.2939807290527033,5.4987909363713054,0.2918646807609096,5510.822164432887,71.34260573883884
2.123682573201349,2.7878818492450934,6.882432233518541,-0.06399848760669759,5513.202640528106,65.71718644099866
2.1249292462213276,-0.4220899648653944,7.717162362665265,-0.38072777838192534,5515.583116623325,70.369597574068
2.655309553967181,-0.9477249697287267,6.475983290501459,0.32825304158761354,5517.9635927185445,66.67423620818855
2.1076804968926313,0.5340336774992885,6.961177985271268,-0.656636143626124,5520.344068813763,71.36170485320383
2.6530339502396427,0.5115379369509836,6.96778271619295,0.7294095679282346,5522.724544908982,67.04520948141598
2.5927394345163677,1.7909277947762887,5.491602700216919,-0.1157090306024962,5525.105021004201,66.54336098660295
1.9370422288829594,-0.5259214044158851,8.753980038521176,0.12276408602808411,5527.48549709942,70.05788860011485
2.25233740684605,2.6892125569201784,6.228006707738599,0.279279076640786,5529.865973194639,65.91625929132326
2.8146625326542196,3.587995251589052,7.3564356893980625,0.29534402242209545,5532.246449289859,57.47805807569652
2.162903315758016,0.5794526096141013,7.470998344073354,-0.7044921499758674,5534.626925385078,70.0416444337906
2.318755313933671,2.513283358694136,6.56365214866467,0.4120432902721318,5537.007401480297,65.32127086879828
2.5975188322952745,-0.9454785630580864,7.311507139405777,0.15157691418813668,5539.387877575516,65.88889222488393
2.694742042964355,2.2526489052259246,6.951996804357858,-0.31763069227930446,5541.7683536707345,62.38244618668356
2.3850879043927513,2.2112809929765938,5.290003923138993,-0.3748334754729569,5544.148829765953,67.45608839770802
2.2821215459917834,1.9360723232176684,6.376837706570846,-0.16702654102842274,5546.529305861172,67.3375902641653
2.8889109512686564,0.6181220285339617,6.098026862551012,-0.649370843305246,5548.909781956392,66.19636702468932
2.9846956344248583,-3.78935625500599,6.250300710272691,0.8611336954935128,5551.290258051611,57.27359322167712
2.757509247213257,-0.32002282749238176,5.409511190125529,0.7430756625716721,5553.67073414683,69.02560216837469
2.4902737256080116,-0.2957551713012335,7.841417330681149,0.22585010048796963,5556.051210242049,67.57629627086109
2.223025371372665,-0.8237123485140876,8.318446144151089,-0.11169920817104544,5558.431686337268,67.67884694150683
2.217198925091064,0.8275860048592883,7.695926970768245,-0.09855399396869766,5560.812162432487,68.6495531309709
2.623913991997504,0.01632800532999923,7.989924353778747,0.37903285308698403,5563.192638527706,66.98298152002684
2.5935070942107776,-0.5915929293514177,6.376232057114818,0.8789134497509753,5565.5731146229255,68.208612837263
2.8892954275211498,-0.9423229892802488,6.086082453257912,-0.2851983697983716,5567.953590718144,65.40070542674331
2.6647794532577636,-0.42683986122989503,5.945225265182816,-0.5587930213116621,5570.334066813363,68.69682682308893
2.01954926499533,2.3292310547904096,7.369350888331935,0.7738203867976355,5572.714542908582,66.96650191056344
2.7868869250331567,-0.34400248879705386,6.953823301528649,-0.8935692937922257,5575.095019003801,66.41416342544915
2.1727140898816155,-0.12431987426594915,6.6510134494254665,-0.5042654041263231,5577.47549509902,72.33096742114401
2.3577708890165447,-0.03640490880003622,8.024859247488232,-0.1234289462554264,5579.855971194239,69.00953174463521
2.548852679170722,1.1576853489109387,7.136128229006834,-0.7802167339025156,5582.236447289459,66.01077285084662
3.0733235650900186,1.3341231115626853,5.894006039199112,0.5560745314032991,5584.616923384678,63.23709464157447
3.408429939982706,-3.916681893410678,6.053232278741812,0.42845263525255,5586.997399479897,53.86100732849894
2.6583027001148736,2.183310008990758,7.417612467919067,-0.28739661360765856,5589.3778755751155,62.148884674725515
2.4221585601174755,2.8059637485213584,7.778830711736538,0.6398070595888738,5591.758351670334,61.939576080151994
2.6383013578039822,-0.9233133638692925,7.290257411384534,0.7246462142019131,5594.138827765553,65.6499196108181
2.7450787627148463,-0.8059259438004551,8.636945876676874,-0.05658532414503177,5596.519303860772,63.06913622376479
2.383414673145069,-0.02230344112592275,8.376544873842043,-0.22533408878400374,5598.899779955992,68.31210670126157
3.019011547612106,-0.48037393529263395,7.184054751896825,1.129801013871239,5601.280256051211,63.87089065302632
2.5503029027886663,0.9900780942740732,5.9059200961296,0.3605809110420775,5603.66073214643,68.26350139781108
2.631438490118152,-2.2650442206111405,5.435995712073981,0.12816232648442666,5606.041208241649,65.13188795941596
2.682727081533213,-1.0215915414438597,6.360084576615284,0.6817729733198062,5608.421684336868,66.44407762920173
2.6102603857940045,2.9646520686688067,7.502163495500011,0.15096531750151068,5610.802160432087,60.45304149872593
2.7363015036099974,-0.7359170487092841,8.577081485479251,-0.25281029295959423,5613.182636527306,63.40417312112793
2.300278702531135,2.5221121894845284,7.169366427291177,0.04007988024377674,5615.563112622525,64.53844026510284
2.3187997915041536,1.1905341718438471,7.922127803454281,0.5193271436598675,5617.943588717744,66.59007453317574
2.1570800611558574,-2.0558173511841433,6.509583769007515,-0.9960927831746068,5620.324064812963,67.8394404792815
2.6198130677594893,1.611635591873257,7.379147256024744,-0.14401536971961051,5622.704540908182,63.94368559420383
2.7224803713197643,0.4826986602214731,7.5812224655058476,0.6915286992908025,5625.085017003401,65.64157668062943
2.626968355971056,-0.02344292029095041,4.779759495037233,-0.2559342005467588,5627.46549309862,71.75600660894833
2.9928216561557646,1.027751590525675,6.347403733003941,0.7730542802157049,5629.84596919384,63.966942174933784
2.4896329046954557,1.3728247019129678,7.712032313778616,0.7073719096799064,5632.226445289059,65.082826536986
2.6927723453812415,1.722820965430921,7.038290288887209,-0.03276455774447566,5634.6069213842775,63.59333339004195
2.1654780783876637,2.429371498808309,5.568797558479215,-0.28426965244450036,5636.987397479496,68.2495502881591
2.377697277179761,1.2747553277822554,4.336681513911899,-0.14367943707481726,5639.367873574715,71.28651119223844
2.7033277160510902,-1.4003402073253046,6.402515056975961,1.3323072460007173,5641.748349669934,65.26875516781408
2.7502365770302286,-0.04679755727192969,6.698202651652406,0.9372122234666219,5644.128825765153,67.83380951309974
2.4081557687006114,5.07880307156951,5.887358566615861,0.06269548590336915,5646.509301860373,59.20670832154754
2.475706340801679,1.7515273348119909,6.915860254999727,-0.3040767758102047,5648.889777955592,65.441740554057
2.0426646098807417,4.219282107140569,7.2806564963617575,0.058520517790631575,5651.270254050811,62.18949310856001
2.39175894533554,2.7590629270171267,7.44645198064183,0.12191346330838235,5653.65073014603,62.79859314881012
2.7668239804926493,1.0291757949580984,4.421341575399612,-0.621679368804677,5656.031206241249,68.66045630556414
2.6731122162945264,1.1191444123133805,5.464471722569758,0.04002063460763009,5658.4116823364675,67.6205336550057
2.6515924620694156,0.6127251039547662,6.475631121698691,0.661202162405865,5660.792158431686,67.54200086100973
2.5171672401684884,-1.938550167760282,7.353924480396042,-0.8996783406082367,5663.172634526906,63.985399938657324
2.505196824128454,0.6957894630623371,7.272483571843371,0.4132919825686241,5665.553110622125,67.31022639155147
2.3058246313904203,2.485292477634932,7.256618344734372,0.6873989850273898,5667.933586717344,64.45524423768775
2.71441295015232,-0.22961704283743234,6.40282992308273,-0.2802786725471841,5670.314062812563,68.10640890706377
2.631900112434135,1.288334984670926,6.46011452556527,0.8470878790955282,5672.694538907782,66.0337898505017
2.654058042707568,1.9483548277129483,6.060919421906665,-0.3451685312241727,5675.075015003001,64.80526945619708
2.3494864488685177,-0.6929893911895185,7.558944175517033,0.22054133093020187,5677.455491098221,68.13321866780251
1.862138893233134,-0.004859783719158628,5.87176324638399,-0.1533863423318152,5679.8359671934395,76.28309452526105
2.838132804412984,-0.8542092417911551,7.643791045655126,-0.15349817858130177,5682.216443288658,63.69372789173555
2.3661813299433745,-0.5600266988701798,7.003111134574794,-0.30864953487902275,5684.596919383877,69.16581591141536
2.251845767558633,-1.2576222609652126,6.751717293583191,0.3492877404310099,5686.977395479096,68.71360226674312
2.7195684545380923,-0.6763228380911106,6.141555877492679,0.42440272886572455,5689.357871574315,67.34031145222846
2.394767627347133,2.8040978007453403,5.444229550965424,-0.03221109978859434,5691.738347669534,65.66527015291145
2.83119932706249,-0.6977366024031032,6.153624420241516,-0.6799841068361371,5694.118823764754,66.37562724713005
2.6991675434137954,0.8657326676182259,6.472776702114289,0.20158508331719488,5696.499299859973,66.53316293047264
2.719984256359865,-0.07769415757328602,4.4352662829071425,0.21100717970534694,5698.879775955192,71.39299113082714
2.105974801065149,2.445473248505615,6.6084430925325535,-0.1083575056932137,5701.260252050411,67.12585383141594
2.8801931192334704,2.6444833939837915,7.731663898901651,0.9336156435904043,5703.6407281456295,58.74975071282029
2.5958338463465997,1.9744107645260494,7.376033348947549,-0.781964632450327,5706.021204240848,63.233252294490754
2.407524662728128,1.1380736993221254,6.3141191100398055,-1.108641855126784,5708.401680336067,68.42343978480994
2.5621738163968626,0.3328488788681101,6.858771456093782,-0.36541744984883545,5710.782156431287,68.38233008751415
1.9871365321835415,-1.1078073215848498,6.257181389783399,0.35521226704572473,5713.162632526506,71.94761735389444
2.6434531255227416,3.5958648430689895,6.963618123697546,-0.5279223187169204,5715.543108621725,59.41728570259927
2.2128963638160744,-0.45837098244836616,8.356477274891935,-0.49048545926303766,5717.923584716944,68.61618572101258
2.116757618876443,1.677175323635598,7.786380944188439,0.4755106680890773,5720.304060812163,67.1934293236168
2.066702191289597,2.271621657038405,7.3401897673015775,0.23127396139887482,5722.684536907382,66.77704367613484
2.8580680563440546,-0.15007971612660942,6.328024498899975,0.18853045481419992,5725.065013002601,67.26821951058108
2.3363344765980063,2.240427787444505,7.572362383533004,0.3907144597327641,5727.44548909782,64.34971114330517
2.9860841127062105,1.8302970048291236,5.1370622481491885,-0.21259647663644216,5729.825965193039,63.82999121405373
2.366078020007642,3.2764913923548686,6.5731015560950325,-0.18949203702909564,5732.206441288258,63.02049502490914
2.01546408500417,-0.018905384785363966,7.410682926103157,0.4048896362807125,5734.586917383477,72.7129994688485
2.1935675078228316,-1.243112799381286,7.568909818149848,-0.6724433903905997,5736.967393478696,67.99031321173936
2.9001220475015392,-0.07198225883379505,7.499890821770332,-1.0713599231992732,5739.347869573915,65.3692317402477
2.4834631839771375,1.000102072040256,7.126355377846384,-0.2166420868139272,5741.728345669134,66.94250628131269
2.366600878436291,0.774710468883232,6.6373186962645105,0.4654366445328458,5744.108821764354,69.17443875590483
2.5799473193312927,0.09780438997181196,7.372539261516189,0.12777984949340163,5746.489297859573,68.05710157814585
2.683331810784358,-2.175264861843135,5.8832224970743106,0.4286457520615077,5748.8697739547915,64.27034961350583
2.868872127230123,1.3948261491665828,5.992927149967878,-1.0081471552115826,5751.25025005001,64.57256688429074
2.9690580981192056,3.648188938057518,6.900860594951546,0.15774840416174588,5753.630726145229,56.775771977475245
2.4274339362731974,1.3866198771911207,7.013845696059722,0.32693225232118894,5756.011202240448,66.59321027274703
2.13840677921056,1.6045173352703843,5.016555639275658,-0.6753987113053423,5758.391678335668,71.35661896922608
2.4130384458900886,1.550053288717367,7.298840592908756,0.4310287952732724,5760.772154430887,65.87229832172274
2.61601940956049,1.2875268432140161,7.61794661362717,-0.055759448252896436,5763.152630526106,64.42610769504029
2.249665197247646,2.090027533709362,6.769457651619624,1.535668350803001,5765.533106621325,66.623423110316
2.252505572334175,1.2861610863136237,9.222734455377658,-1.0886180344483678,5767.913582716544,64.93045102247606
2.6436455371261633,0.22465702729421788,6.166858978415831,0.6845571838373754,5770.294058811763,69.0389046671314
2.526772147215225,-0.49973812988889077,6.490233463611104,-0.19707904826303688,5772.6745349069815,68.80112730213932
2.5520659855016525,0.321357441664438,6.457780892767326,-0.8085758572200218,5775.055011002201,69.09340717267469
2.315537674826623,1.1665850948337615,6.778187989129682,-0.263477571782496,5777.43548709742,68.39195388060809
2.474825803500034,0.22183957015671618,6.527179218610179,0.13873962066873297,5779.815963192639,69.85602581869267
2.2675361711730457,1.168045434332837,5.450622547756972,0.5187333347825216,5782.196439287858,70.76366322314809
2.8127260886493985,1.3558362440919347,6.312414486540347,0.8609821440660878,5784.576915383077,64.63997895076446
2.8571021707541657,1.9474540604632995,6.762872407047329,0.7109465443521713,5786.957391478296,62.130238872237435
1.9935321708573421,2.6224514729443174,8.09059613455759,-0.4826910103522472,5789.337867573515,65.35971974894409
2.2693967848294307,0.8158444896430553,9.065798905172297,0.5650823461330584,5791.718343668735,66.20651613949846
2.100153133885165,-1.2622569074466985,8.200561738583435,0.19564247856043684,5794.0988197639535,67.74229005242678
2.3549669517818073,0.18232660950713253,6.091241649623174,-0.32730151046449396,5796.479295859172,71.56758538754295
2.5258053170251085,0.7666516564180436,6.17234453686222,-0.10595529673874052,5798.859771954391,68.61841151746069
2.1168060720776505,-2.052520042274162,6.710359667801244,-0.35492132972236196,5801.24024804961,67.86871181599153
2.276004978241261,2.784705394939626,8.655781861615994,0.01854617096822792,5803.620724144829,61.84652389429685
2.2522393489127026,0.9158512424571345,6.707334277661934,-0.3648289411470601,5806.001200240048,69.63145568606265
2.6164707518817862,1.2748896205784959,5.546786826017419,-0.5139970366087195,5808.381676335268,67.56082969447334
2.575958200864581,2.751726293625203,6.374653795942442,0.23955956389138602,5810.762152430487,62.951037965106686
2.339498334610785,-0.24120117813887954,7.634424180685126,0.3143652741298186,5813.142628525706,69.22937410673883
2.609930917278688,1.5656526667506243,7.568846331361631,-0.09379850004580596,5815.523104620925,63.853151497851485
2.3937460394522496,0.5403705252327158,6.6802278932033285,0.6838256519679862,5817.903580716144,69.47876353149522
2.4771192950888254,0.429613584933882,7.56539836811406,-0.13021529324755657,5820.2840568113625,67.7609141247836
3.0615175728010677,-0.45196728456556434,4.610351256495846,-0.15138727256276915,5822.664532906581,67.46241432143378
2.962486732940129,3.205303765465141,6.98889308819363,0.33024449117284865,5825.045009001801,57.80350709052567
2.171340872182916,0.14422676872744045,7.747290298277421,-0.06621279247166838,5827.42548509702,70.64777065330193
2.81100214864977,1.7572513192008983,6.055283255131719,0.04239886451307172,5829.805961192239,64.03592963010202
2.8063689238249707,-2.1038777762229093,6.053350276797033,-1.2602192353095325,5832.186437287458,63.20932875364741
2.2193388592098353,2.479194691758427,5.024783573166517,0.008353692368987446,5834.566913382677,68.51012703717547
2.810319381486859,2.288107459509188,8.482670863006962,-0.91359796873563,5836.947389477896,59.07317000482171
3.0269342605755996,0.8565209554805102,6.174165463070582,-0.6104752854994353,5839.327865573116,64.38197533208805
2.2296601940365948,0.37053539139972597,7.136907519479744,-0.6676612693777525,5841.7083416683345,70.53101868998831
2.2920420946303777,1.3115286357101206,7.501326714256097,-0.5212915767669131,5844.088817763553,67.13285158229753
2.873461040179097,4.145294391404465,8.41102368269887,-0.2744269298161265,5846.469293858772,54.03254017600776
2.650481206731784,-1.9321666393658345,6.746604649986079,-0.24324630777274264,5848.849769953991,63.84582677275203
2.7353458635806414,1.8863097353670475,6.362619950237199,0.33213760212856275,5851.23024604921,63.857528827581454
2.6729504676202813,-0.6535768180974325,7.076665342259677,0.11119390706734851,5853.610722144429,66.36745620040466
2.6888535548365757,0.6845522579224914,8.189226549534522,-0.9505372144089929,5855.991198239649,64.49395109219938
2.1745745700894603,0.34319062710386217,6.736522950524167,0.04164731877340388,5858.371674334868,71.64064244573841
2.8875833047605246,0.07311460848609308,5.953376238903195,0.15912762329171365,5860.752150430087,67.78648268234578
2.9251371288603796,0.7004757271756046,5.369037980363834,-0.16428325812647904,5863.132626525306,66.7941566806322
2.5063154004362493,-0.9845016354789138,5.6900495018954995,-0.030442988453351274,5865.5131026205245,68.95314845496947
2.562962385403762,2.261107634423898,7.777290111358523,0.09515506269852834,5867.893578715743,62.177596663672375
2.117546420439119,-1.9732961526606771,6.593826494725786,0.3822997988177901,5870.274054810962,68.23564851274668
2.732028653035754,1.5281482533961155,6.308483047822229,-0.7874399937313673,5872.654530906182,64.86067557049034
2.750243367935867,0.22928031147922556,6.201590350898943,-0.1221585193198245,5875.035007001401,68.12246675146659
2.5608430936797024,-1.0367204081915165,7.00415768025262,0.7541680490288645,5877.41548309662,66.41521770970466
2.917681024265172,1.0238250667673903,6.681211601886009,0.7083306541489781,5879.795959191839,64.07717173613113
2.4810268187012166,-1.6145933047295844,6.6490900571611,0.42546846388789,5882.176435287058,66.14166710282466
2.751507091621109,0.7809876084814712,8.273102263549458,0.268412341977838,5884.556911382277,63.62582085050326
2.277101692269877,-1.412314699132324,8.46335138208832,0.8273173742010442,5886.937387477496,65.5573726408777
2.5768113828063752,1.4144928118558446,5.3168708214352645,0.9589240008033328,5889.317863572715,67.87397067575648
2.5324471390555834,-0.6633670561612739,7.256043249234397,-0.06453999402342621,5891.698339667934,67.19794037330055
2.653222535563157,0.04726241375661855,6.153147072846828,-0.48471622164416006,5894.078815763153,69.42634307183296
2.475649176991959,1.165262252342721,6.683317340613513,-0.1351461588122476,5896.459291858372,67.25667494228725
2.5479429277982115,-0.4338900300968792,7.242406752237293,1.5483477568860267,5898.839767953591,67.66812137401618
2.836076662956561,0.638562341513619,6.721968992445275,-0.7846781713625971,5901.22024404881,65.63202735389555
2.4581113995436947,-1.5446519713905071,7.166709961899027,-0.23526956976470864,5903.60072014403,65.72341393232563
2.1080460538512584,1.672992861442808,7.610782088828117,-0.7063455762463157,5905.981196239249,67.53697628234073
3.1157732228588433,3.3746360760576355,7.233951114490928,0.06238193143869267,5908.361672334468,55.78629735524878
3.0062134968953704,4.916164817390425,6.294101070566998,-0.6013455144474338,5910.7421484296865,54.21872837551048
2.2049780406141988,0.8651901194302485,6.313301458177915,-0.054375511416808936,5913.122624524905,70.72724818924391
2.8004491207437554,1.9113307306425782,5.504360088573426,-0.9750475800093795,5915.503100620124,64.56154007458338
2.443524632195759,-1.9413271337871256,6.09171003734357,0.3088103325423252,5917.883576715343,66.46092005195075
2.6743438663180976,2.984299957270902,8.909264276065247,0.6111726282339874,5920.264052810563,57.780602762180095
2.684445932947098,1.8951285532481923,6.156758549003511,-0.1919718110317295,5922.644528905782,64.55147332979747
2.5267377008390755,0.005473193195798642,5.756950149216575,-0.06756500353785104,5925.025005001001,71.13699018647304
2.3628120421156282,2.5877323616278787,7.271824291696412,-0.08170361536565612,5927.40548109622,63.72043632146066
2.391661481120897,0.35083508290917076,6.843099768380628,0.09045533761251262,5929.785957191439,69.72497079118895
2.324848631362282,0.04609969614926812,6.759440018273716,-0.019084793483214124,5932.166433286658,71.146801681318
2.351042306895054,1.4467283677173617,8.365648578615088,0.384058476215347,5934.5469093818765,65.02636775762353
2.5813185998735655,-0.8607170251532297,7.507299274471027,0.6165195667254728,5936.927385477096,65.93670972642187
2.387627561845984,2.2673408523193954,6.429750283548453,-0.40703561124609144,5939.307861572315,65.58600194911097
2.8078550041504853,-0.8484917949324654,6.5368385436290195,-0.1546642463871484,5941.688337667534,65.61067266402142
3.05029741106162,-0.8389998084275514,6.460299822913589,0.4508097244623724,5944.068813762753,63.809671456067775
2.430992126240624,-0.6278626168447436,7.8391984636276115,-0.7108345240295162,5946.449289857972,67.22360875252173
2.6777143371696974,1.8765120476135726,6.657884347451901,-0.985360640922785,5948.829765953191,63.90017866243063
2.756683762624064,-0.18731088925743877,5.174452238938177,0.11315797644923929,5951.21024204841,69.71657431745662
2.7492645074997193,-1.2835511257347956,6.920860456774877,0.2481732055352461,5953.59071814363,64.41571544050294
2.631336357456168,-0.1694868151828025,5.43372915812779,-0.36115009397679615,5955.9711942388485,70.37499836520198
2.8322408076133154,0.6915604987162024,9.156561414386722,-0.28932552706022757,5958.351670334067,61.87833017072289
2.754997427100306,-1.0312435646325058,6.008239181790296,-0.3800961608704494,5960.732146429286,66.36955289893083
2.239911027955282,-0.9867151604492013,6.813619242915108,-0.4334626196722172,5963.112622524505,69.39349501086208
2.872843941494268,3.9083425826010334,7.23526428523889,0.3467479103023,5965.493098619724,56.39349558368494
2.879172095048176,-0.548858209808728,6.689981561753043,-0.5902492434988194,5967.873574714943,65.5595053724632
2.384887088471899,0.258018393324139,6.690188122490206,-0.13276143071667437,5970.254050810163,70.24057512517915
2.6261427003837268,0.1923187319673686,7.403625241271003,-0.45266808375742623,5972.634526905382,67.40462370510525
2.8206488317833918,0.11173154430438448,8.509593974689738,-0.7276444879506078,5975.015003000601,64.39108952293729
2.55374512642354,1.676379624818552,7.752467788123694,0.4350890873733854,5977.39547909582,63.750388244379764
2.9393221791510813,2.1671669355889263,8.465053904922481,-0.25991261108676944,5979.7759551910385,58.369924370435314
3.3274803598976685,0.2866140937105187,5.941502867927583,0.09422004021037843,5982.156431286257,63.75136758465098
2.383413002578601,-1.1085782216424596,7.3070671885781975,-0.754037939900505,5984.536907381477,67.20064964239775
2.2057859864468505,2.6583932533686765,7.146533816312472,-0.3709697268782379,5986.917383476696,64.9879282505348
2.712135855264985,0.6043152142606577,7.343962894491886,0.37804394034750277,5989.297859571915,65.77618078049065
2.838350291478558,3.3434037489128965,8.370688041641287,1.293635727922655,5991.678335667134,56.378656233427364
2.553513245311129,-2.6198634080380376,6.77525201903383,-0.9881080321951559,5994.058811762353,62.85935748886513
3.059643328151367,1.0422149180283515,6.592123529721569,-0.10055389764471316,5996.439287857572,63.029130785135834
2.222975715095232,3.6276144708224494,7.533194050773698,0.20614029907175,5998.819763952791,61.84736702602147
2.8333257219454926,0.22040388686676893,5.222597512498169,-0.30805007661964184,6001.2002400480105,68.94848823852189
2.4445849229987964,0.41265531114902193,6.765535807280425,0.424760993497062,6003.580716143229,69.26337862721644
3.1430499294457603,1.1947585757745556,6.86977841308534,-0.43336633533015656,6005.961192238448,61.564036505369515
3.225884906057767,-0.08610686158921532,6.085206361661663,0.07692383010832066,6008.341668333667,64.84984405507234
2.399027420462739,0.2845750331193962,8.064213494552565,-0.2610359522491799,6010.722144428886,68.00002281167075
2.465051706882234,0.24655659048276746,5.946504300709708,0.6097155414773863,6013.102620524105,70.74343841767065
2.888690018772466,-0.18725533318720966,6.874462334175804,-0.3381822515178028,6015.483096619324,66.11064801558854
2.5155696169320407,2.5977573665467695,7.305084001978782,-0.17593689814325794,6017.863572714544,62.42342364520857
2.618980959846246,1.4466865985952646,8.366970361877751,0.4728445187485776,6020.244048809763,62.88098028192524
2.6411167189123153,1.131609143321348,7.0045550188962,-0.5140193295464318,6022.624524904982,65.5352108620538
2.0584944675806227,1.9691207866284548,7.95285833091029,0.03437502838178613,6025.0050010002005,66.67995479641844
2.6311416664686282,0.3603282437260658,7.718894046693837,-0.9112671718433009,6027.385477095419,66.47170498889506
2.429271588101279,-0.40384578064899657,7.1433507478500875,-0.5439667293145374,6029.765953190638,68.84118672179214
2.4891503577908844,-0.14587832058129202,5.931974955301329,0.19106563794540177,6032.146429285857,70.82413890326771
3.071074443908398,0.7613311235687491,5.58850330419388,-0.4953487547681162,6034.526905381077,65.14532168352012
2.2619307671075664,-0.8295623389651241,7.131185997670464,-0.2722864659118958,6036.907381476296,69.13386901922097
2.883742738105979,0.009462596507710419,6.483580783131316,0.24654320102396884,6039.287857571515,67.18103042918592
2.556991003838938,-0.013721707514831816,7.947136439127479,-0.2895930705734651,6041.668333666734,67.58906304181019
2.557650887413277,3.947886970051539,7.7753301855866255,0.41142103660817897,6044.048809761953,58.006080197185
2.8795899159677405,-3.399070178466057,6.846461622722464,0.10783139374303216,6046.429285857172,58.19591279200924
2.7453934988797473,0.49282249156426994,5.874959272519317,0.21784155596225152,6048.809761952391,67.99235687127236
2.8154621271984435,3.3513928412438787,7.545007954998535,0.6204827993692661,6051.19023804761,57.78030894680495
2.9356340978826,0.9462191626805085,6.01792379781639,0.15991153130703287,6053.570714142829,65.12249361351334
2.546687010624554,1.8941792271846731,6.2790107892105596,0.769423645234672,6055.951190238048,65.47253966322604
2.463309685250688,0.914393276384994,6.059661071745758,0.45563114151891176,6058.331666333267,68.91804771941338
2.322337081825788,-0.23574524529596874,6.902178515470052,-0.26172621491722836,6060.712142428486,70.4786724589487
2.401160969156208,-2.597017816330106,8.212475228559263,0.6465740375106357,6063.092618523705,61.979454863086175
3.534414698265932,1.074641111003331,7.038846010973476,0.13193301045147263,6065.473094618925,58.479810619904
3.0239928415844233,-0.39635059532799544,6.602272805107215,-0.1973398543302517,6067.853570714144,64.9137715713438
2.2461696083577056,-0.4328418304345478,5.521481813457177,0.13919284766044132,6070.234046809363,72.66631583686622
2.2556578362204176,0.01978259819365802,7.600827203829379,0.5561634121951314,6072.6145229045815,70.50404000900845
2.7978587009490656,3.386158031557586,6.269904518397627,0.22752254712111092,6074.9949989998,59.74687853591707
2.818382335003591,4.376724910574426,7.169433878340675,0.9111964162756988,6077.375475095019,55.756978226024195
2.819772413908744,1.0958834151682915,6.699305407751866,0.5432652789494109,6079.755951190238,64.65315403918152
2.579525246937413,0.07352382080142339,7.893309637383477,0.2615800167010812,6082.136427285458,67.34002401642192
2.619280782859292,-0.994561585603374,6.899505049500625,-0.5130340413705788,6084.516903380677,66.21009219886629
2.756186348131261,1.4746919029080732,6.999424740380867,-0.08986625700506043,6086.897379475896,63.76464234710843
2.6844961769613978,3.4468439168133154,7.5457085253637235,0.035832069875425664,6089.277855571115,58.588358004229946
1.9938443016057352,0.4020790284155954,9.1685124728054,0.3483157506088735,6091.658331666334,69.29127930690703
2.591601016780687,-2.794800123827673,7.951630763164324,0.31866652063609635,6094.038807761553,60.35274541143883
2.406025822365053,1.7793730094853837,6.976189898350318,0.08477020510914308,6096.4192838567715,65.83907604984064
2.714918379172256,2.253002869508209,7.069606796836982,0.060174957688585565,6098.799759951991,62.043735597595955
3.558840209303932,-1.6032601215634983,6.543162777049626,0.36022844753803485,6101.18023604721,57.70638385608536
2.77441491735506,1.0408398873029416,6.119640594636338,-0.42929311281499294,6103.560712142429,66.02312005094765
2.571019775217561,1.453558144917002,6.518500201501288,0.8477579096249283,6105.941188237648,66.02019613371507
2.9425277491856208,0.6676639127148889,6.3007173448968485,-1.0235834425817356,6108.321664332867,65.33954220738254
2.811702636445026,-0.4082255317731889,7.727850642075463,0.7277047410860146,6110.702140428086,64.89403911589363
2.793833943274284,2.302442899437822,6.004903979710981,-0.02259276421258103,6113.082616523305,62.8858652356447
2.8507704541265557,0.1740738984882123,8.410926607890007,0.501289907135797,6115.463092618525,64.14226170893201
3.286588379800491,-1.4480290371488123,7.831380268688392,0.18192021714630638,6117.8435687137435,58.34014996569145
2.331269168110281,-2.2938545960324843,7.101454082626434,0.17301720545540095,6120.224044808962,64.96302904109689
2.8135360642745715,2.6722385741530545,7.082890062542641,0.2771272380132605,6122.604520904181,60.18677995660683
2.3944431989264054,1.706567656653922,6.526909868911432,0.40452714454388927,6124.9849969994,66.7876704635868
2.839922782679926,0.9141396465452544,7.355895946951766,-0.16441541329362,6127.365473094619,63.96142470176981
2.3985748403544607,0.12237524059065397,8.175524985520214,0.5173995652631181,6129.745949189839,68.24217569740736
2.549882908908453,-0.01010231931137151,6.385897676393037,-0.5422353117893918,6132.126425285058,69.99683441586438
2.5874784920749483,-0.8296013284315367,5.557284295696951,-0.00266528666306235,6134.506901380277,68.89024229877614
2.969663349672728,0.1374287557397158,7.795517515068859,0.41798496213613845,6136.887377475496,64.2058450406656
2.9533678887416857,-2.3949097856409542,7.418288739681954,0.49750878980794466,6139.267853570715,59.2583493164412
2.3050299184813454,-0.31826539259259734,5.975348098852618,0.23039442413070052,6141.6483296659335,71.80107502238882
2.6961392947381673,0.3200330997655011,6.363780293864927,-0.1966962189778678,6144.028805761152,68.08513245188351
2.467699389203066,1.70186896787084,6.239692784843758,0.44835388918435176,6146.409281856372,66.64419328943274
2.303936510781474,0.7277689609293374,6.375890813604106,-0.3346831195593767,6148.789757951591,70.1852492910187
2.617297861379673,1.9806533218179947,6.778366981971229,0.8757045368744555,6151.17023404681,63.942433331460784
2.5907734866598,2.812581539801175,6.837129714735335,-0.0423354487498321,6153.550710142029,61.98666368511566
3.412248969956417,2.3767444901046595,6.454511276580892,-0.7698128471029803,6155.931186237248,57.078380100215675
2.815038026683836,1.49586482378492,6.348769654412298,-0.597341734008276,6158.311662332467,64.21687924544857
2.272781238038876,0.8085050109479408,6.879778301885324,0.021821818439793764,6160.692138427686,69.47682011549115
2.5175510503700362,-0.6798598448727927,7.277883982186351,0.06991263566302659,6163.0726145229055,67.2431160115782
2.9943153577729626,1.9018496564984033,6.795526342113632,0.9848283424755477,6165.453090618124,61.09756348339984
3.315350672694598,3.3121663005547073,8.272120962601072,-0.5192496688071132,6167.833566713343,52.78859742315484
2.213940673018362,1.306316170602127,7.623173344091452,0.01973109965196536,6170.214042808562,67.58792417321061
2.126676531170818,3.6696579537808725,5.525872092852471,-0.5297107035410283,6172.594518903781,65.52363472690257
3.2528619335135005,-1.4939759748236485,7.642078664795125,-0.2463274266067017,6174.974994999,58.77904659764019
2.809375522469324,-0.9362508976639438,7.725528461266565,0.841986015034669,6177.355471094219,63.5960758841857
2.4329226922178826,2.0784092694762553,6.686883719486106,-0.5681681115779954,6179.735947189439,65.31026970933715
2.8547188343069143,1.1926553875433326,5.62805593886606,0.2935212120339169,6182.116423284658,65.73852694838726
1.904525737621165,2.767506637741864,7.132955753768876,0.1964536795071958,6184.496899379877,67.14559387402271
2.697183016328074,0.7742394484758408,7.118816440693623,-0.012085713179104314,6186.8773754750955,65.80871258714538
2.7954373753912,-0.5039024514336483,6.006515583090405,0.2597183115958688,6189.257851570314,67.36697149365067
2.9752930787556253,0.47828482795528726,5.6785799604410006,-0.5800101909716443,6191.638327665533,66.48407335940527
2.39476461872917,-1.499737020107647,7.043883616954439,0.8281612539017787,6194.018803760753,66.52671507446587
2.7255612745272457,-0.8929825922413932,6.8999985876936005,0.9624227475617605,6196.399279855972,65.61305544163815
2.4231498141443213,2.25918413151848,6.71744966038818,0.023552348879656678,6198.779755951191,64.89066666746696
2.778314758687104,2.1103142096942875,7.052944166559766,1.211553065306777,6201.16023204641,61.9182801564278
2.434018519465166,1.3462547046584974,6.035219032711367,-0.19951396577496022,6203.540708141629,68.10938653356538
2.581115302781924,-1.7792525784207105,6.704815928520535,0.20021599692814013,6205.921184236848,64.84572223891203
2.405724428615491,0.26537400143237344,7.674603336485564,0.7159445318872567,6208.301660332067,68.5788645627668
2.9007337662888784,-1.0339045704955547,6.7929506196341,-0.22950223011145476,6210.682136427286,64.01994251399893
2.963852429594655,2.5690112770800853,5.472591251936613,-0.6907745294397192,6213.062612522505,61.65776549263762
2.6368554786329588,-0.07075543393044681,6.673515099378975,-0.805858532809427,6215.443088617724,68.71799493704175
2.7196379572973703,-0.8231771936327494,6.077693196598672,1.0304132819513294,6217.823564712943,67.06841356264115
2.27451439777513,0.8507554624589324,7.416632869199852,-0.26451232531938884,6220.204040808162,68.55204685785185
2.6201144452856413,-0.1535533921267992,7.469979518380741,-0.09286838170924931,6222.584516903381,67.45023167982676
2.6958820262642913,3.0329114728901034,5.4940136618060835,-0.5563820391605272,6224.9649929986,62.609644614951286
3.498107664541597,-0.2943031881462167,7.913448058995708,0.4741696396645942,6227.34546909382,59.40920862480812
2.379206309522797,-1.2903114440002497,6.043896218285967,-0.39077992961229246,6229.725945189039,68.67472658638805
3.1529766230698715,-2.4202213060068467,8.716912870827489,-0.24563151383066095,6232.1064212842575,55.650264444182675
3.013708471839629,0.763587472913135,7.1106030062547365,0.14976020970808024,6234.486897379476,63.315459033618026
2.799769503669327,-0.03250944923869881,5.914635092256013,-0.5320229636227862,6236.867373474695,68.64861770916461
3.2440928242698774,-1.332352457093365,6.0206924697719195,-0.08929113475711269,6239.247849569914,61.68533755844969
2.8290667716491007,2.595463111795039,7.512424411550976,0.7011047947516349,6241.628325665133,59.61017142999313
2.835111693589777,1.8131103444034617,6.774680438793887,0.21412719875843161,6244.008801760353,62.6243099320823
2.7033568981731446,0.7705352443130942,7.070978257632363,0.06527114621417922,6246.389277855572,65.84033931738357
3.087293272159658,2.8599711045456795,8.782064868135386,0.10743235473193252,6248.769753950791,54.978628759155455
3.0500932450996494,1.807905700068842,6.471693669026719,-0.19456754798828188,6251.15023004601,61.37194928549062
2.534379510396487,-0.41956205451408146,7.232554318398552,0.9980761598774628,6253.530706141229,67.82722730294508
2.3272391141213395,-0.743488064318836,8.594090305152555,-0.4060785652670337,6255.9111822364475,66.63223146850336
2.663050011304544,2.042935118362953,7.446414279952162,0.10546308098196505,6258.291658331666,62.41864069372802
2.4848639173928717,1.4111340925091367,5.570953685463621,0.05751278317140357,6260.672134426886,68.23682290138875
2.706749752683136,1.0718264020011543,7.684601678519235,0.5043812535665676,6263.052610522105,64.13953345575317
3.0979705579952137,-0.45192062591004656,6.017866684598728,0.5515869693968198,6265.433086617324,65.05963394436509
2.590480967752816,1.7303689933611999,8.589334576339816,-0.016009402243535403,6267.813562712543,62.066227910064754
2.715757150740915,-0.31417888127799887,6.361317577463156,0.1453332465565248,6270.194038807762,67.94651922468294
2.7469440405990926,0.6667114982138657,10.155353454690685,0.16426737695697413,6272.574514902981,61.12463874763657
2.9849998940069984,2.990729972477412,8.65487932938619,-1.1360708277853035,6274.954990998201,55.6608569226712
2.0573375925055233,-0.17031509191461536,6.39255079517363,-0.7944948012388877,6277.3354670934195,73.52668533740882
2.5503284217934596,-1.537924878793926,7.21083782317592,-0.3025318453609853,6279.715943188638,64.93630369390362
2.7966580895956876,-0.7566387998639349,7.946129582810078,-0.28079933818843444,6282.096419283857,63.81594390935955
3.0942314946953533,2.3142534452096317,7.977807688035233,-0.5996412109820661,6284.476895379076,57.49380289736025
2.5875722535375347,1.2055253645965784,7.638146016046235,0.37479128568681497,6286.857371474295,64.82838953613893
2.1731127101655883,0.6307362799523035,8.449631964927267,0.0010592105087362357,6289.237847569514,68.36380967140363
2.9229278441233983,0.06103556558835066,7.07616778284751,-0.10734727369341861,6291.618323664734,65.84973665877067
2.5473419362079275,1.5533402965668626,6.834083492056173,-0.6280776372536934,6293.998799759953,65.48678853083516
2.381987251817219,-0.4477324434557832,6.855602233487527,-0.02227243212239427,6296.379275855172,69.5413675265915
2.552520583485725,1.285047819897022,8.062505143793803,-1.3133423779993059,6298.759751950391,64.27345806668094
2.685403898124954,-0.2697075162716295,7.570979272163462,-0.08147815540292051,6301.14022804561,66.4860311160761
2.560275765248914,-0.5186896348389956,7.498748847219817,0.03159183440387802,6303.5207041408285,66.97294652008148
2.0809673608359787,-0.12780636692705127,8.004367010085092,0.12095749216074929,6305.901180236047,71.02619468086691
3.0126954045538135,0.2659391939325061,5.159748561902009,-0.78205088173964,6308.281656331267,67.49396593588521
3.1269767795599166,0.7564314242169785,7.5225386321885725,0.11240836834573738,6310.662132426486,61.80929925469536
2.9409099404334307,1.1834859213543907,7.432708165374301,-0.5207156349322712,6313.042608521705,62.36494342508513
2.4050870719260655,-4.7016194217736595,8.884617455618057,-0.40623491614616697,6315.423084616924,55.67832868673024
2.6868850970578393,-0.3799207984587507,5.688892119500057,0.3589656929113324,6317.803560712143,69.02177904814033
2.746316301028494,0.24482683103082858,8.776338091216457,1.007056861679872,6320.184036807362,64.2528953773703
2.9288515049877937,3.0904018499919754,7.296232574469947,0.02567937940134001,6322.564512902581,57.89883447341279
2.950656181423186,-0.7865678893680236,7.711485592540511,-0.4085477293201161,6324.9449889978005,62.86110243638369
2.5308430960294075,1.0782584175918393,8.900088095454631,0.09433522375499927,6327.325465093019,63.707477044603195
2.7766354576088705,3.077236658393624,7.786604451445221,0.46951457874957275,6329.705941188238,58.413918015977146
2.8901628212578734,-1.1341336616720419,7.627885978126208,0.3104987829363677,6332.086417283457,62.6015343085676
3.1906676598724832,1.4269101476155723,7.4714840093195685,1.3715564362318728,6334.466893378676,59.70015733800185
2.9662155426976744,-0.36683203040160917,6.74739045300608,-0.35766878454733336,6336.847369473895,65.23210990290546
2.9925235586513694,0.08025375485862407,7.204055857602876,0.12611573995964903,6339.227845569114,65.05309335723817
2.7818978666726313,-0.3668329987340899,6.518709239732936,0.7744589767091016,6341.608321664334,67.04967071018433
3.180831301876635,-0.25932359041343966,7.191332759802222,0.743079618509266,6343.988797759553,63.11804146924999
2.881566431291847,4.921959950195737,4.9016472451742334,-0.9750389632621903,6346.369273854772,57.29009780641453
2.5012556078069936,2.1064051286802083,7.668296422428108,-0.0016788100199906122,6348.7497499499905,63.22149768220137
3.181537714418341,2.492957941599836,7.119199143337768,0.7422603829243498,6351.130226045209,57.63650471564703
2.9708428018308632,1.578971443634181,6.906412832345067,1.4453214951995688,6353.510702140428,61.92620972775004
2.6295040645856345,-1.5677736686534844,7.4640554544720175,0.35189794187540924,6355.891178235648,63.84845012997319
2.6195151857260823,1.434679006115531,5.81241487871608,-0.18393164684824184,6358.271654330867,66.73855868082839
2.8532818986764132,2.4522672451838092,9.176930859082056,-0.504601576218695,6360.652130426086,57.27768040900609
2.904211187069441,-0.4365953787325566,7.146576091382029,1.1093716787654246,6363.032606521305,64.95495791954004
2.8253902957001618,2.292125078082223,7.1051824399358985,0.3643707932328796,6365.413082616524,61.008791279289305
2.8605424397319514,1.9012708732471757,6.287314612443231,-0.42403346344270876,6367.793558711743,62.931511380361606
3.2780846259269394,3.623458342923189,7.278341784323084,-0.10157818316689059,6370.174034806962,53.799164458791886
3.090508289246082,0.2193557102799829,8.643040501074376,0.155093258414352,6372.554510902181,61.76298365871982
2.827184305143368,-0.7997540549043496,8.293682658790008,0.2719033269440589,6374.9349869974,62.942616433407174
3.0533354403490023,0.30485268002035293,8.113890668685013,-0.449809328772895,6377.315463092619,62.64034877412958
2.4621340875820437,3.0012839955056387,7.807538967027815,-0.30709520906274634,6379.695939187838,61.08840886003783
2.89221872031255,-1.8940484177106063,6.904285215243625,-0.8264672811864799,6382.076415283057,61.77070137035764
3.316582211103294,-2.2533700356909745,5.8143529328448285,0.5198811448023909,6384.456891378276,59.11238782267897
2.7093265925871557,0.9839198258673317,7.0651663147197965,-0.17080923338515805,6386.837367473495,65.26783822255473
2.5214005918073013,0.1865765744341169,7.032023238387259,0.23316082459164605,6389.217843568715,68.81431897187541
2.5810148671699196,0.8626861955954189,8.318379388556286,0.7111292542881634,6391.598319663934,64.71759649081767
2.4507027400665855,2.2696960910333326,7.580666266938579,0.10993507118697281,6393.9787957591525,63.349138451476115
2.543115550519107,0.023508729460000044,8.885278857605625,-0.05648523797453401,6396.359271854371,66.26838548578871
2.668343519235178,-1.9565114471878065,8.472148004593173,0.09696073844196708,6398.73974794959,61.053751221259304
2.3587780230800153,3.9203544216889883,6.8198566195334305,0.03159680192511342,6401.120224044809,61.099104831837266
2.786086163206563,-0.6415753224770429,5.482916426529789,0.6230824989389724,6403.500700140028,67.88299774836021
3.0530367035124026,-0.7336533154338738,8.665314880832874,0.1554191987693949,6405.881176235248,60.743600762066784
2.5109799398537116,2.5111178831824197,8.640819523493477,-0.2722005097894563,6408.261652330467,60.67313648797404
3.2400455676783495,0.27943991216160236,5.916917992361451,0.5239245284448751,6410.642128425686,64.50565868962701
2.938451967998781,0.7617247829081188,8.794065515721726,0.615242178179176,6413.022604520905,61.396974025156865
3.095342822149056,1.5816309503983694,7.668639208746898,-0.6691653134102318,6415.403080616124,59.78022123369128
2.5897729394941864,2.483456858431545,7.44890470816979,0.7663919423840527,6417.7835567113425,61.89981727571296
3.0444358871244543,0.3585278395636551,8.904700265810828,0.18235588660424273,6420.164032806562,61.391142905378985
2.461453516407169,3.1392837998886245,8.636300615943082,0.14163497507329922,6422.544508901781,59.50571144510646
3.0570636584646618,-2.343706834293069,7.944645455486243,0.5033123157982574,6424.924984997,57.767255463320666
2.8424972860063673,2.0003111781418212,7.7682312597111975,-0.2834881955021394,6427.305461092219,60.60689687702771
2.957877280084994,-0.398023394300113,7.913108804467354,0.477082257095462,6429.685937187438,63.472260066868735
2.4401803165900073,2.920312773763629,6.898358029721853,-0.18838773486892765,6432.066413282657,62.83023848828809
2.5252948839490377,1.0756106093338307,7.245015593169047,-0.7374753398551691,6434.446889377876,66.24109101531955
2.973941794629244,-0.14617577857861686,6.39950209723342,-0.4988781395534671,6436.827365473096,66.24377305066938
2.5112267745738297,1.8580824234265085,6.97048231464524,0.2835109164516133,6439.2078415683145,64.80925627287523
2.9356512643253403,2.204242105274613,6.9385916799010285,-0.4727341699973291,6441.588317663533,60.5962971023592
2.387506589778696,1.8279398054324705,6.671624286763704,0.8050380615948246,6443.968793758752,66.3226613380437
3.0530591047045887,-0.6788064655131985,7.445380886478842,0.5946417267198214,6446.349269853971,62.71043966886203
2.429809109828507,0.14035171740624575,6.986358890204418,0.6667195830164825,6448.72974594919,69.7311094925497
2.96621570308404,0.8609078921713027,7.814280447961188,0.06238928983870596,6451.110222044409,62.39658397295764
2.9891749735617603,0.8057676500035492,5.691431730649274,0.12893080864747974,6453.490698139629,65.53503349052313
2.5934144737935156,1.992915559372447,7.202104795799168,-0.5968559271221388,6455.871174234848,63.467238117522
2.978014669468888,-2.1534140491975995,7.4487191056769975,0.49789175507874517,6458.251650330067,59.6192688627394
2.88250041253127,1.3710690708510571,7.008246730885258,0.1899167275185427,6460.632126425286,62.99995392629431
2.643676565027768,0.4352473829354331,7.148192405765149,0.2836528126461301,6463.0126025205045,67.04018041379155
2.5037244591837653,-0.38689034830484315,5.73704885932637,0.844155905726441,6465.393078615723,70.39740516677821
2.2184652535925453,-0.24222819259152006,7.68048236883717,-0.302981491973755,6467.773554710942,70.12598393652507
2.913110426138571,0.5503371111888302,7.973322270475806,-0.06307077493865909,6470.154030806162,63.35929040720565
2.339737385561043,-4.528842178709503,7.820965235483161,0.16333546077108388,6472.534506901381,58.22854761551316
2.8387446359897,-0.1785067720824529,8.367867283721841,-0.46771770272935337,6474.9149829966,64.29197505629351
2.7320704246869347,-0.43965231062836707,7.53238274269203,-0.09379941063841987,6477.295459091819,65.74573171189556
3.0158115896640214,1.6738873186723116,7.811247859819938,0.24647490523348467,6479.675935187038,59.97191719627715
2.72241932887321,-0.33293470461900154,7.49037158951493,-0.16271063568641553,6482.056411282257,66.15275122319443
2.7151632186703,0.5533276694605501,8.023546372169253,0.6544947048645561,6484.436887377476,64.86005551873234
3.034523695881828,3.190056597888846,5.760481447592925,-0.755462280908497,6486.817363472695,59.10794676683388
2.916445177508138,2.368812458911737,6.4458461765249275,0.5613856201166709,6489.197839567914,61.07763816786816
2.9117401942919523,2.2313360380065914,8.928043491943525,0.3305927374080023,6491.578315663133,57.73567311273261
2.958639676600545,0.12876428748904722,4.882425332851328,-0.2844142937782954,6493.958791758352,68.68533386919603
2.358154109383377,1.6937655831648175,7.204401174788893,-0.46220428411499903,6496.339267853571,66.0937514048376
3.0468290511957763,0.5290149307860638,8.518572643518613,-1.040141308621226,6498.71974394879,61.52497129819071
3.0045001404245895,0.5863665187982655,7.2547562272946955,-0.397587506206917,6501.10022004401,63.615948238665574
2.516721972835038,1.4956792898918159,6.9447256599412786,0.5235883275014984,6503.480696139229,65.70993750267823
2.7494705326598576,-0.013693932789986651,7.480878876392399,-0.02804286313933714,6505.861172234448,66.74868259215756
2.8118706059946126,3.12194651818674,7.000058117389379,0.5814904401959208,6508.2416483296665,59.200081680492175
2.784282228649818,0.6428922999166528,7.385749517593095,-0.309935535312276,6510.622124424885,65.03988714462018
2.9257580797949867,1.8112742426057815,6.673241345389961,0.3535530800532814,6513.002600520104,62.055887737040706
3.255979304394522,3.0677802321160588,8.467019788569354,-0.3587493010422108,6515.383076615323,53.582185301699646
3.15206882233441,2.4325065312178036,8.783333906012437,-0.48278750310491947,6517.763552710543,55.52718223426155
2.434842934357185,-1.2277061924447157,7.228402908797902,-0.05356360858533813,6520.144028805762,66.60938668083388
3.0160999319991206,1.5536631324530303,5.977028685810634,-0.33248325565999826,6522.524504900981,63.021499684158506
3.22912952745528,2.1630454460874082,6.841400441410439,-0.7714110745186062,6524.9049809962,58.49724950302358
2.947463038655421,2.2254081882068966,7.182981086472431,-0.09115735035849666,6527.285457091419,60.08230359053074
3.1596859150251064,-0.7816810595257357,7.874235387959771,0.05321770821564442,6529.665933186638,60.95695694904516
3.4370445803668543,-0.09664389108823601,6.362410681996655,0.6341793057480337,6532.0464092818565,62.71841760634959
3.1414483238426802,2.3813943269528233,6.602989610265558,0.46840283856653003,6534.426885377076,59.01044317647816
2.9101004062237186,-0.2524353376698354,7.884556720136496,0.6099715996164157,6536.807361472295,64.26127332583091
3.1498070914438916,0.4413096144825057,8.31451869731683,0.3601787491967542,6539.187837567514,61.22649118626735
2.880719975001451,3.255316130967877,6.755745732735777,0.1663063794749874,6541.568313662733,58.68233127346503
2.8453979680784416,0.8204524944847854,6.045853266214257,-0.6144724532359462,6543.948789757952,66.11690511983912
2.733776568566059,-0.19736064723064572,10.664919693341535,0.07493609896763727,6546.329265853171,61.639006293382614
3.309198985283687,-0.42297605020498796,8.165837530660365,0.2983968886654071,6548.70974194839,60.22021169622749
2.5956208703719827,1.3931786411475042,7.117261962952227,0.7287189746852181,6551.09021804361,65.07619348972703
3.301834634245199,-1.1049724681546373,8.255030061027309,0.3431442708659068,6553.470694138829,58.440346664110855
2.993058754817709,0.5243957326191047,7.263275846188863,0.6201917173027108,6555.8511702340475,63.84962686062727
2.4242832202755014,1.3958958509624217,8.25662368503989,-0.5159989456826195,6558.231646329266,64.7310590828301
2.9553457698006484,2.845425385423649,7.55059494338195,-0.16320881307404753,6560.612122424485,57.91777796296276
2.216019292961526,1.898673617393002,7.484209223068929,0.2146753568306354,6562.992598519704,66.2988477782219
3.034656267826768,-0.1730951017882968,7.281091665595802,0.5804763453712807,6565.373074614924,64.36837460452142
3.1135502793612506,2.6662828659886153,5.949029038918337,-0.07261432291945982,6567.753550710143,59.502347041760956
2.671251373622685,0.4500328838909844,9.336242739959008,-0.041222979574576726,6570.134026805362,63.50054269135254
2.8870001491253765,-0.9535973061816454,6.458352018112171,0.34357015300148935,6572.514502900581,64.83247751437462
3.4371611046508415,0.6425472107856282,6.04160108951297,-0.5629354135725622,6574.8949789958,61.83394150155974
2.7001682516008803,3.0585153103048603,7.190504140140453,0.8037022749117145,6577.275455091019,59.96660950122013
2.5351987292828397,1.1497740786972677,6.4436321960891725,-0.4395680465538424,6579.6559311862375,67.17852667486035
3.298349122825611,0.9213495312192336,7.355131835371873,-0.9592947117796515,6582.036407281457,60.277135436289214
3.4436057100997326,3.3590371690146092,8.096349720455981,0.0050335042612903,6584.416883376676,51.90903681598164
2.8569180595151646,-1.2431593652744337,8.405630648015109,0.8492293511877825,6586.797359471895,61.42831113866993
3.160228427770286,-1.0238723263139726,8.226800974328844,0.29322656516680506,6589.177835567114,59.81829030055952
3.2602128051606636,-1.5185896861159818,7.1081813327723635,0.3755452715018165,6591.558311662333,59.45955134426619
2.6360056282601576,1.4648062117345313,7.465148979700116,0.020692881153557132,6593.938787757552,64.05221597503224
2.714140369098238,1.1562277704784192,7.825180597046111,-0.07618874863558851,6596.319263852771,63.65853672544888
3.229976049508598,3.2212470146277825,5.661259145946243,-0.7724546847965578,6598.699739947991,57.6151853484424
3.367199909194961,1.2730096994267608,7.991376923377474,-1.129693128952093,6601.0802160432095,57.8928110928072
3.031542167821598,0.3022162006272402,5.9652392186726875,0.09813616922043164,6603.460692138428,66.04426332785009
2.599716242072211,0.9117993413990455,9.464632017791516,0.656274597170113,6605.841168233647,62.72582368323742
3.460761874152848,1.0863234881201143,7.021517876501443,0.17206685241403272,6608.221644328866,59.065819471724765
2.706335617986267,-1.5972239851056793,7.242905955836265,0.3117997635260067,6610.602120424085,63.49189615959126
2.7660692538319145,4.976571191957906,6.659822835310322,0.7918587728197699,6612.982596519304,55.44028373648444
2.9702959935503825,1.6915362892885315,6.801309333839415,0.16438342572052903,6615.363072614524,61.80682732761649
3.3348271786047263,1.2273984969607463,9.707122995614874,-0.06132755015380976,6617.743548709743,55.69220183533801
3.125756608709412,1.8357885202470339,8.375149805501067,-0.4092624028250325,6620.124024804962,57.841751121455516
2.995008583372422,1.9778157597224733,5.887328991765671,1.011106281486043,6622.504500900181,62.26439844606594
3.010520963986036,0.7035260417134219,8.942496287264081,0.26327388957684017,6624.8849769953995,60.743272752932036
2.885574631397052,-0.031848217158375824,8.633278241015232,-0.4718008579596654,6627.265453090618,63.885865044404795
3.040948265179625,1.814846970031938,7.160576712510064,-0.5855838339006184,6629.645929185837,60.39443138471806
2.115624921702496,1.49489489080437,7.750239955382348,0.6265318634644563,6632.026405281057,67.71240346629558
2.786497595643213,-0.2978485930580105,7.430353402115197,-0.5187208482041628,6634.406881376276,65.81786764903647
2.9488636563592054,3.0461981343070104,9.419632483796569,0.9269170787511105,6636.787357471495,54.66414668766397
2.532150447484989,1.3583311695317029,6.652518117800517,-1.3782313985453556,6639.167833566714,66.36819131959005
2.9943396187676328,2.0136907923508893,7.596575273640909,0.7112975988949883,6641.548309661933,59.61619315852035
2.818089562148304,3.007501950482639,7.024176319574556,0.24344740558098218,6643.928785757152,59.40026414724514
3.4070622971254165,0.9531129568344318,6.021038862281292,0.05929721152843702,6646.3092618523715,61.32916093748865
3.353314518548507,1.396367077798873,9.64747576791552,-0.08772921752088145,6648.68973794759,55.211352505241486
2.7426562977685345,2.136639503428497,6.276029809349113,0.9453649242970148,6651.070214042809,63.303106145256805
2.83813637672056,-0.1650331655730325,7.679485081159898,0.3535294292006017,6653.450690138028,65.36309845056309
2.8621934963612894,1.0039960049648728,5.720415422141988,-0.4516018044477257,6655.831166233247,66.01183888348453
2.749870353215811,1.111901677352521,7.0638062537590365,-0.8594549780144407,6658.211642328466,64.62557360025366
2.944866475458679,-0.5098485073582644,7.886607008544997,0.0886486065736542,6660.592118423685,63.33653641511741
2.65986549793716,4.401355262079775,6.641666231348192,-0.0005355667687070927,6662.972594518905,57.755188514280995
2.5491570106420274,-1.1853790911564133,8.054964714954828,-0.7599340186877546,6665.353070614124,64.5608491145405
3.0761468249798662,-1.0209335503242127,7.200885055329315,-0.027696762741167853,6667.733546709343,62.03716394135657
3.0791845339294825,2.8982236359973284,8.631772572243838,-0.2869673165371001,6670.1140228045615,55.17330578020506
2.6500234857847467,1.99744485198331,8.835215515442881,0.004645034153347288,6672.49449889978,60.55337671059943
3.1609177520979825,-0.6107398109750315,6.888475013259683,0.36296180582420096,6674.874974994999,62.85309593588904
2.7038310674727137,1.8398031134674149,7.553718434899292,0.7463049737320178,6677.255451090218,62.43926602420082
2.970247575153471,3.131307669990683,7.662206233124814,0.45444451818464365,6679.635927185438,56.916440874108304
3.1413951792122297,0.8848000638901833,8.09986836286313,-0.3607203749151028,6682.016403280657,60.50703586228201
2.886202531870447,4.82909188429958,7.4966687540781525,0.1844575644145972,6684.396879375876,53.59264690317024
3.033703254943622,-1.6545720621011986,7.674266037211787,0.03155356074601199,6686.777355471095,60.08254474938035
2.7433471223213832,1.9729191911137562,7.242417552738488,-0.6660644773154505,6689.157831566314,62.25729871453681
2.840331428812251,2.6826401068919585,7.602833473799894,0.1991163923461362,6691.538307661533,59.16649809157225
2.838509317096256,2.2705272833147756,8.787304009286881,0.928336168958857,6693.9187837567515,58.43465124101269
2.677289739084618,0.6276419053959872,8.137217895517079,0.016213302093502004,6696.299259851971,64.80675048055747
2.8492274449649377,0.49917757291639087,8.194161761931676,-0.7970913398627003,6698.67973594719,63.66699386509201
2.438671009260184,1.601722089243758,8.21774854443657,0.015134335554309536,6701.060212042409,64.15970388615428
2.756907533962965,2.159800835381835,7.342642169862247,-0.6068560994866251,6703.440688137628,61.53127438504832
2.8197885234476354,1.8405442687292362,7.817051348394706,0.4318027534431439,6705.821164232847,61.114754118003766
2.829395113229516,2.497586195508837,6.414824613180931,0.2624324958625644,6708.201640328066,61.49863668562038
2.834798026903142,-0.5901400951571858,8.770580564164735,-0.08545502673737164,6710.582116423285,62.6903947006348
2.8897165765592354,0.5971740889927307,4.720587721465266,-0.1655821329279106,6712.962592518505,68.30845058284639
3.053077221962644,-0.47052738716108156,7.418175637063374,-0.10611715080777336,6715.3430686137235,63.27180030080108
3.1725991729627845,0.36099353635280595,8.64799651176899,0.004137247171160182,6717.723544708942,60.74472800776223
2.7163141210214032,2.4636604637720465,6.145009735838895,-0.3861175106707711,6720.104020804161,62.89282126864032
2.5512834249786476,1.103471668818104,7.910435351564214,-0.6938765405007185,6722.48449689938,64.96540040077923
2.600630704608621,4.852451430245689,6.831667381477065,0.569349473347324,6724.864972994599,56.81632471530121
2.768083852775887,1.2329393702074856,7.145409586605558,-0.1927004882484791,6727.245449089819,64.05486637236585
2.809669388808878,1.0330350103054917,8.461933465801803,0.08352155208457207,6729.625925185038,62.247157165062546
2.6852483734807118,1.1034391747202903,7.715829714045059,0.14264097558374714,6732.006401280257,64.185670504286
2.528413957417751,-0.011880401494757775,5.485197832902694,0.16101023982760695,6734.386877375476,71.51519058756706
2.7814148259698857,0.8587457975750376,6.544909703312209,-0.5869089985492121,6736.767353470695,65.784452343335
2.9736815319324092,2.6378510712662804,8.498453149818925,-0.8379200822759238,6739.1478295659135,56.86824034164664
3.098765211501615,1.1177935833589556,7.973842934639123,-0.29434626234599603,6741.528305661132,60.454629947631005
2.7540326358378304,-0.24268322697832256,9.274819220115976,0.19785576620847664,6743.908781756352,63.448802015677586
2.7983637393133294,-0.43945154008037957,9.21111530238016,-0.3639749337371565,6746.289257851571,62.697788281722175
2.645257481654852,0.27354181204059835,7.188007268624844,-0.1774606768496168,6748.66973394679,67.37207471372243
2.91483946571595,1.0603092961685758,10.035275523875503,1.0636487068747842,6751.050210042009,58.97759774803771
2.670747223257129,2.7405636788906422,7.558303338321909,-0.9227119424022678,6753.430686137228,60.445158009233495
3.098219108339377,-1.0598791191383108,6.57294171335456,-0.3775169979552493,6755.811162232447,62.705136765407374
2.3915261218060784,0.4717846294244069,6.903757590776199,0.9483020342869641,6758.191638327666,69.33269306582605
2.8204028268365215,1.1686595148674586,5.2824601899501555,-0.02229933599761171,6760.5721144228855,66.59143831321396
3.019629943682383,-1.7976934901609112,9.147992771671255,-0.3529925827494553,6762.952590518104,57.62673756763178
2.985454464340865,-0.2968613514868672,9.137524850277844,0.5843844585055601,6765.333066613323,61.667923631139146
3.7392209303241684,-0.06562558885093339,6.529045149862268,0.027615218240555645,6767.713542708542,60.12860086048592
3.0372579143529492,-0.23907695612069613,7.318458657364897,-0.174154197522003,6770.094018803761,64.12655630882732
2.6321089579491845,1.2433845422003293,7.6437414765602,0.09618446351875555,6772.47449489898,64.3690547660654
2.9056938470609284,0.7153826665390708,6.589572496635931,-0.3290544046913831,6774.854970994199,65.081633812211
2.402467359500231,0.12396501912522317,5.796615763466912,-0.5087455314440392,6777.235447089419,71.77542493098473
2.912169827270306,1.5995104412018417,7.3431530665507925,-0.05679846381737418,6779.615923184638,61.68913567900675
2.687441781644927,3.5428511422994777,7.234224746087694,-0.5054984800380036,6781.996399279857,58.792000771960346
3.212984882265676,3.4177966415110466,7.168687069407007,0.005346655898240155,6784.3768753750755,54.99859873398647
2.7745152722380926,-1.924572755015669,7.781609137475192,0.17720328373716945,6786.757351470294,61.3200322283433
2.905357489063957,1.8258664516210632,8.990208127508268,0.4265302280258054,6789.137827565513,58.70716176717329
2.750730174733641,0.6938967496742168,7.259391773028206,0.5639624927584137,6791.518303660733,65.37032906840302
3.464063550230044,1.1943384440807308,7.734724144808553,-0.20286825081612583,6793.898779755952,57.69955927074499
2.847046286524406,0.3648548605926969,8.29294895282899,0.24970730396953467,6796.279255851171,63.87206912707953
3.494197555255928,1.1393365729722484,8.12201926822327,0.2462617231031782,6798.65973194639,57.01504922318705
3.189687650866688,1.1907391755955001,6.9552513595187495,0.16390935790799194,6801.040208041609,61.07277381479962
3.0910741746175168,0.0958751349212158,7.667851178966304,-0.23972970547522923,6803.420684136828,63.52994199730737
3.058086488964502,-0.3795736252249403,8.120813677536603,-0.5140339062320554,6805.801160232047,62.405153508916726
3.0666184767531197,0.29260933426293634,6.4467229510016555,0.25100094453327987,6808.1816363272665,65.06544442381522
2.3711906101702116,1.317717152667745,8.840414360083432,-0.853431281096525,6810.562112422485,64.47556069684379
2.8668408165809707,1.865498402410528,9.010265944905129,-0.13391971628415558,6812.942588517704,58.886128543968226
3.205067031200449,2.2477032259069887,6.857699104280222,-1.276815507824299,6815.323064612923,58.4536570292086
2.937864643988529,0.22707083142013806,7.775952327736187,-0.6682012116791317,6817.703540708142,64.26547727793714
2.531991358341948,1.3947990592094524,8.226364145351958,-0.43856696922371224,6820.084016803361,63.917525267212845
2.9388418447286933,2.413462674531237,7.040275941274684,0.5483621038146421,6822.46449289858,59.89519464393034
3.466810056464147,2.718777943774525,8.069308781843649,0.34405401220213444,6824.8449689938,53.364611516085034
3.330661492100133,0.8828133704291949,7.75275603062944,-0.27696734192112116,6827.225445089019,59.51854059118179
2.9390087046487783,0.6403423508963062,6.1233883245098,0.3646848975648754,6829.605921184238,65.70199199880432
3.2440609747615365,1.259103811850662,8.052274545568087,0.44381148169019835,6831.9863972794565,58.82134085392892
2.84969072388587,-0.7514659893485847,6.4947781703890275,-0.08033242418736077,6834.366873374675,65.58164197995804
2.449498346467098,0.6833589484568134,8.535931425022248,-0.6921890721068451,6836.747349469894,65.89171871958781
2.6843373727617275,2.0913310438434243,6.927326114556056,-0.10395615503305712,6839.127825565113,62.90598423646353
3.431561500605186,1.938050607534036,7.439061001988147,-0.04894620258606816,6841.508301660333,56.543789973341205
2.881515000522721,0.5704072101685076,8.974435224684818,-0.616227195415113,6843.888777755552,62.06020913336974
2.8917161404444442,1.3030648578020498,8.100348462985645,0.18352339646498395,6846.269253850771,61.45808603746085
2.875798638726576,-0.2598087786966712,6.526304031730415,0.13990592715117767,6848.64972994599,66.55463289585009
3.538010191999685,2.033084365756059,6.592673144983641,0.22252134994709338,6851.030206041209,56.724197832136916
3.455576361421797,0.8617936370040759,7.010099321266369,0.13946154858372173,6853.410682136428,59.685756034215885
3.6344425826996662,0.5652784975659433,8.005859216983733,0.3649215175574915,6855.7911582316465,57.50247426901221
2.9221151295639105,0.4373000409825374,7.971328601926414,-0.08966401393651577,6858.171634326866,63.57283595814275
3.059536573493407,0.8862253508963984,6.7717407653269595,0.10089255368547664,6860.552110422085,63.15053288682131
2.5168773503950472,0.30943027608291873,6.449448497001258,-0.198870142122766,6862.932586517304,69.41723276113044
3.4159716855754243,1.9691421258304729,7.900056929956843,-0.29224960781097514,6865.313062612523,55.89928580588516
2.623579089044872,0.38968331425923053,7.438429630965842,0.6691248153810379,6867.693538707742,66.87951455554419
3.0399675744060035,3.3727360808925484,9.779322385718341,-1.0218843507632482,6870.074014802961,52.57943562394309
2.646766452005977,3.1817872287526248,7.6605275859778885,0.43837999457713206,6872.454490898181,59.38060893310379
2.800319821459489,-0.35266198846102514,9.439994817888893,-0.3102704377228303,6874.8349669934,62.555794230338186
2.726824153518108,1.0898916593659325,6.457177082487692,-0.3750190888215605,6877.2154430886185,65.77491199970876
2.7966636721488456,0.01003256823010168,6.056167061063343,0.13078874203270352,6879.595919183837,68.51735861063896
2.8183131610921226,0.49672863657496036,6.511114817762139,-0.7448048061755014,6881.976395279056,66.44500089318241
2.816593409411171,3.9910239000596586,8.822150311033367,-0.4080115359731015,6884.356871374275,54.25646750801144
3.232098651441316,0.5267085262644505,9.390943328195267,-0.424569823256496,6886.737347469494,58.740024480515444
2.6516644241736507,1.529087897011081,6.854484123100534,-0.11069912909254744,6889.117823564714,64.68223867943229
3.050310828548402,1.8014142079752453,7.17792001547465,-0.40206884408034427,6891.498299659933,60.3270978284627
3.350561638654397,-0.5108281300830415,6.471328232832352,0.8005593428196345,6893.878775755152,62.21144421630869
2.832240830293851,-0.29184338518189423,5.830493023366714,0.8985082582489771,6896.259251850371,67.86672535964439
2.7718502732753825,-0.8175495967790698,8.362368925331586,-1.0109967613740316,6898.63972794559,63.23777043385189
2.919095107964033,-0.3367877705012603,7.868802517216577,0.27216135238286815,6901.0202040408085,64.00206593420972
3.3431969672114183,-3.28219222750697,7.658095813257352,0.42933171953878735,6903.400680136027,53.561799973655205
3.0485389573409627,1.8104113798937458,6.249377539378763,0.2714926011955526,6905.781156231247,61.71159358246979
2.8319699971910786,4.075513618933011,9.291217633959075,-0.32905674654584727,6908.161632326466,53.21862952420024
3.137525252614825,1.2166392800603993,7.149731719298817,-0.12204778107927074,6910.542108421685,61.13360219998217
2.662702938159194,-1.1288095669374973,8.188543017012247,-0.37413732738884775,6912.922584516904,63.593538051864336
3.1988271162613655,0.032114934402398876,6.202183951428131,-0.2101320155794143,6915.303060612123,65.02581980676088
3.118030489624024,0.30865026400483375,7.468049561159507,-0.6049825143335881,6917.683536707342,63.08205608125646
2.9041351443234937,-0.5287253753766241,7.951779230754422,-0.05739441081727515,6920.064012802561,63.51743656083886
2.745931688649307,2.288612243048386,7.989310645935044,-0.7514008556525349,6922.4444888977805,60.327049914282014
2.7325332481834095,2.214415083141965,7.818715254113863,-0.10006727711406882,6924.824964992999,60.875623425507015
3.160013176623842,-0.7334657069131099,8.160421115551117,-0.6242908445498823,6927.205441088218,60.64559864639982
3.369292931485062,2.0880207538301576,6.537210709724095,0.10340818089570192,6929.585917183437,58.01978859895797
2.8104376158146334,3.2913056219814116,7.866936943081031,-0.33970978047144534,6931.966393278656,57.487829603907855
3.1401774643402973,3.855611610027575,7.78515582263557,0.1452901739372687,6934.346869373875,53.56181752625533
2.377585215212464,5.300280248491,7.904905254493878,0.540790364182391,6936.727345469095,55.87125977533197
2.82934022328081,-0.34983861251281656,7.747412848391128,0.794723468052354,6939.107821564314,64.8695624098848
2.9964404384682366,5.240169385145809,6.403690547561283,-1.2640022945102452,6941.488297659533,53.322517208047664
2.733886023253147,0.47321778280194904,6.360939889398043,-0.41709704693689137,6943.868773754752,67.40445752287289
2.7268724200956607,0.11651803861758836,5.466308405284408,-0.15154303855600698,6946.2492498499705,69.69426293476414
2.808524103943369,1.4965138762394579,8.499948680305804,0.23016390919074153,6948.629725945189,61.0405994573957
3.097549781900095,0.13350264112860333,8.511909889116858,-0.8251772520772647,6951.010202040408,62.11798030830245
2.95472760456507,1.6058504176944441,8.529641509154533,-0.4910462034001078,6953.390678135628,59.55309085551153
2.340491640940943,-0.9721417743136624,7.9947206485742255,0.06517860132855498,6955.771154230847,66.85363146382696
2.3767860201660205,0.6505351408758753,5.556651566204627,0.04244412076333358,6958.151630326066,71.02439663717522
2.831971921784145,2.937727668303384,6.664901019577041,0.1888092032100465,6960.532106421285,60.00255392560282
3.1523732143087733,0.9244528885150711,7.8638682860245925,0.2218378634440581,6962.912582516504,60.674079635205246
2.1918519031931996,1.223129250783671,7.830812857922053,0.16929721655793126,6965.293058611723,67.66114236061215
2.8672207748499954,1.7243144588729573,7.474389258306618,0.09682765831574634,6967.673534706942,61.539863766557716
2.8603022965916267,2.7681102130077253,8.067897920324874,0.02786988666318392,6970.054010802161,58.09545921426036
3.435715167027407,-1.4700278459075675,7.712476300689463,0.3323815448621813,6972.43448689738,57.27049459797763
2.904744824235686,1.8902869895891823,7.823439563772775,-1.1196613332821126,6974.814962992599,60.30116458648239
3.1361859515231485,0.6119841285379353,7.065448900236197,0.7721667434856173,6977.195439087818,62.78237871611568
3.064704640645086,1.2648418420469896,8.688370983666209,-1.102241025440162,6979.575915183037,59.28770179422253
2.3841961513613175,2.6055026515125492,7.277434782970243,-0.539580908452246,6981.956391278256,63.496521985872725
3.254867211144281,-0.7750099463479263,6.379404332365613,-0.11338039832507237,6984.336867373475,62.454430946427514
3.0900633028095816,-0.5020037613828374,6.94090205593273,0.33630644554492123,6986.717343468695,63.61313109016716
3.1789646022596596,-1.8854889326658542,7.365283160384299,-1.4976334453998081,6989.097819563914,58.80663610968164
4.2053953356394205,0.1946109364933506,8.709601052739554,-0.0140621619709172,6991.4782956591325,52.80590839454193
2.4033305093768385,3.0146914440525014,7.675179808189944,0.39619751970786726,6993.858771754351,61.723857602569126
3.547014107839292,0.8388559592304357,7.533149759542724,0.4972590580142385,6996.23924784957,58.22702259989549
2.944411932942051,-0.989756550974074,6.472485355258986,-0.3486648292487294,6998.619723944789,64.26158512613992
3.11788629010091,0.29260696232410077,8.508482800994033,-0.15041764347751613,7001.000200040008,61.56266807189142
3.019075729374137,-1.2099729532595946,7.072900117913521,-0.3080740644463139,7003.380676135228,62.21311160498763
2.906500641296252,-0.6652647917196328,7.626677103397624,-0.1963373267630422,7005.761152230447,63.64481723523447
2.8638641553618447,1.6064377212845513,9.208741359252482,-0.5159132753642175,7008.141628325666,59.25988041501514
3.134709501189835,-0.7369054024470885,8.239175563081183,-0.444626081235459,7010.522104420885,60.72129713974182
2.5817479723675403,2.6935515120509823,6.104012763607571,0.217188461014184,7012.902580516104,63.45611829552087
3.263117386643339,0.918615321345702,5.964611783890744,0.06580768663637089,7015.2830566113225,62.65160492765292
2.914129224105651,1.1543837529642729,7.671667408674047,0.24579325379523675,7017.663532706542,62.29350571173304
2.7010110072101896,0.6091284212030235,6.525093712098167,0.1070071948504184,7020.044008801761,67.08145032116367
2.906072569041275,2.1866560421089307,8.388238172415253,0.3521693005737978,7022.42448489698,58.70242208377459
3.419266163183166,2.202820763748446,7.783812217186124,0.43910699907749734,7024.804960992199,55.46310045938437
2.8825661978705543,1.5313593438518716,7.9087922783135,-0.870858309933052,7027.185437087418,61.24788363993564
3.1517484894559873,1.8766585948568728,7.038523314345382,-0.4271548252071813,7029.565913182637,59.53658062569185
2.8259715554627913,0.7120377872376505,9.488509767602142,-0.11568797874501945,7031.946389277856,61.37936843680033
3.2736813815055044,1.8441743947158518,10.591580086283205,-0.011338762743670532,7034.326865373076,53.31274283174153
3.253003890683117,0.5247510494866604,7.47226251010294,-0.33504528690901675,7036.7073414682945,61.455697485664004
3.602981315719269,1.035613210397167,8.10574798749117,0.45601183549415286,7039.087817563513,56.42849446701617
2.9967769329315237,0.6209984536714125,7.8519882169866015,0.9899741841452993,7041.468293658732,62.69530607688937
3.251090363026255,0.3478348054204612,7.496746774956946,0.093080977790867,7043.848769753951,61.87656991980339
3.0809623426448134,0.0006936906060679426,6.926226564770546,0.042170516099105625,7046.22924584917,64.96122718517051
3.441352128692934,1.7365955518776814,6.675193068757798,0.42472812755216555,7048.609721944389,58.11490448762563
2.8379897453689633,3.0016685103212497,6.626428444077289,-0.932919877601718,7050.990198039609,59.85226809512923
3.2781902771989717,2.793112079728197,8.1691310181461,0.014234470219205212,7053.370674134828,54.538001055868584
2.9973290703516398,-0.8476891644603903,7.2460824270170665,0.4895179127337584,7055.751150230047,63.033020885510304
3.037531736071605,2.9716633699130797,5.189330597333521,-0.3215769986005559,7058.131626325266,60.48659179064418
3.0853642187228285,0.5613212298319842,8.21434883995533,-0.6132802899509827,7060.512102420485,61.59225991570442
3.1345612306671344,1.940358930544475,7.733097138405411,-0.09290280504988915,7062.8925785157035,58.472967120693625
3.0250713913200107,-0.3193629285664177,9.119899853412877,-0.030342716600960315,7065.273054610922,61.32117176790456
3.1254054058918763,1.2536308381048205,8.148218309874508,-0.4543261409577292,7067.653530706142,59.64035219279118
3.535478569060146,1.5119468755396877,6.298292006874576,1.0480806380254755,7070.034006801361,58.48886624835775
3.358730112493481,-1.1848437166735355,5.549159282485869,-0.23934819050397282,7072.41448289658,61.84431088463951
3.324893993742062,1.9551658268449459,7.061234488538494,-0.5768296757132844,7074.794958991799,57.9210817501434
2.928538521536561,3.0623694313199543,7.157471031472966,-0.046810659535305735,7077.175435087018,58.17956170219818
2.799481248392607,0.7821970793849611,8.727609862086574,0.4539303188522456,7079.555911182237,62.55724252126688
3.3538971360164656,3.085123508605446,7.777452567346231,0.008707124499115483,7081.936387277457,53.789835289335315
3.3311748321547654,0.7610336227519401,8.921885465913313,0.24279696002200116,7084.3168633726755,58.06518908701206
3.5112161771384613,2.3206534461787034,6.465238009920773,-0.4357552971665786,7086.697339467894,56.41077995256439
2.88927532080639,-2.2808752765285436,8.757210177442063,0.7438442232017568,7089.077815563113,58.047793976064426
3.0026598003396994,4.67584960026873,8.514810303560349,0.28085551395922165,7091.458291658332,51.51688214127006
2.5807343907074705,3.2915737941745027,5.777463025395649,0.5238507844388048,7093.838767753551,62.45899585081051
2.955893904330788,0.6221519010521818,9.120191594414639,0.18258031623758467,7096.21924384877,61.11718162110128
3.373662340173487,-1.9083394152992916,7.892909490876847,0.41244201886439213,7098.59971994399,56.4004885040486
2.9357988782484483,1.4825408804695055,8.19337337856523,-0.4365262798386137,7100.980196039209,60.5171967049908
3.2689480897610617,-1.1146855531434254,6.938311267484137,-0.24570520834478124,7103.360672134428,60.654234497826735
3.0207102327520308,1.7191877493704815,9.08033352767997,0.673240297778015,7105.741148229647,57.9158484730376
3.1761356405350543,1.669960933458814,6.6211139499941725,0.7798709736419819,7108.1216243248655,60.48434161708127
2.7356688368077506,-0.3587872510014032,8.640938691711636,-0.5735327998595384,7110.502100420084,64.25627314046703
3.1065971644931385,2.7354734218235452,8.631335172980615,0.12486803393190608,7112.882576515303,55.36153637002511
2.184751968349921,2.2630905606226857,6.838441922263579,-0.2154719002426137,7115.263052610523,66.60659496824854
3.0270826963553645,2.519169368468819,9.797865232851837,-0.3485157346824308,7117.643528705742,54.78861715870728
2.595068709039893,1.0694270102729662,8.047903026269847,0.14241984767772498,7120.024004800961,64.49402826259367
3.4470685296356067,-1.0664393172561855,8.472150698576023,0.570481466182704,7122.40448089618,57.04912742191065
3.319552227184695,2.5243617558869342,6.293021464851519,0.22583123664209692,7124.784956991399,57.693145595527824
3.2273915167955978,0.6527030494334956,9.939757064707717,-0.1597562249595175,7127.165433086618,57.6394746449899
3.544752645370672,-1.0257030299737648,6.599355552615547,0.25743058996758,7129.545909181837,59.17868793317689
2.8048367301591446,3.087733506565886,8.850684986377656,-0.17998808679045053,7131.926385277056,56.56594491274565
3.6147819091316524,4.20949324725842,6.8329135260807226,0.20605715036530095,7134.306861372275,50.308641319679644
3.371292036552142,0.9992175180472135,7.210583761195032,0.6982328502278666,7136.687337467494,59.71574427067228
3.021729952792038,4.300479424543418,8.620214557588064,-1.0385798296504138,7139.067813562713,52.144639979923056
3.434444908962952,1.1994780027890701,8.860901806667279,0.3986261492700167,7141.448289657932,56.234393011322794
2.762933491101578,0.49253050696718537,6.56395405279713,-0.7695274607852343,7143.828765753151,66.81927472457372
2.8485303305504184,0.11823537139426388,8.927600309516942,0.6141638552722307,7146.20924184837,63.52476846283558
2.914371050387115,3.520255590228464,8.883999103771462,-0.31851280493643036,7148.58971794359,54.558393965674725
2.939318397456778,-0.10487468216433604,6.902956297601298,-0.608835688803242,7150.970194038809,65.86883166853299
2.782108513731516,2.1689545026688757,9.441449027474828,0.3476346135443737,7153.3506701340275,58.15857209226344
3.4670651775384513,0.22801441901775688,6.387836162702813,0.18208503157120537,7155.731146229246,62.111688288093774
3.0235487423158185,0.3770098977563009,7.221814194869973,-0.49959345148082906,7158.111622324465,64.03636402477774
3.2080217121173993,2.613554688694574,8.32748301806592,-0.6264998785841969,7160.492098419684,55.31071505422549
2.9322303250364508,0.4988352205396731,6.9968083552272695,-0.09374074374564112,7162.872574514904,64.7998568155183
2.5582206123128723,0.46240799918784503,8.116088601194768,-0.6020434750855983,7165.253050610123,66.20408220173526
3.1864850316783784,2.7695189285361788,8.095241099533876,-0.5307364864618138,7167.633526705342,55.441460775931716
2.532857907385196,3.4671188731731872,7.66898688565262,0.05781039521071678,7170.014002800561,59.565859229506536
3.0870111162023175,2.0387689249449887,8.690358458640263,-0.48293581712754835,7172.39447889578,57.171451070058595
2.6981741025615973,0.090291079371703,7.631494521496032,0.21326964501327145,7174.774954990999,66.74163769883391
3.705919052330817,0.3072447527613472,8.093294406701048,0.7450717979417384,7177.1554310862175,57.44459408939852
3.3842130617307786,1.1937423923289645,9.010123868738324,-0.07427770745029119,7179.535907181437,56.42675372222388
3.1435987291432457,1.5559768207296873,8.656237484269043,0.06507553099279229,7181.916383276656,57.97691188862625
3.4920532959082937,-0.4065046701350623,8.653468477679796,1.0090483664177434,7184.296859371875,58.0671092408763
2.860115554388917,2.1605638077888876,6.720172126900798,-0.5938005586886734,7186.677335467094,61.63740785506525
3.2781235704130625,1.2049898323340884,8.396045476500495,0.5956175975903709,7189.057811562313,58.16846864110954
3.176092650277698,-1.4961294645158048,6.9946559115408675,0.5354287989562411,7191.438287657532,60.3589512691776
3.196425662078887,-0.3152432985719049,6.593642153873148,0.4271586695868916,7193.818763752751,63.75002322612942
3.4999961593941715,0.3226670624305984,7.805253848136616,0.6458739253663156,7196.199239847971,59.48548229656521
3.3391085660460886,0.970287423546516,6.974568698170007,0.14028748297930946,7198.5797159431895,60.39955986550999
3.2070492140763145,3.9142062700751987,8.67138592369119,-0.2914647477996337,7200.960192038408,51.551011726664704
2.6250374185436307,1.4382593921508553,8.697208614205758,0.5472866456102837,7203.340668133627,62.35823924996518
2.8345616491782444,-0.17944080967321518,5.981952497367818,0.5664211058564474,7205.721144228846,67.90197603633928
3.086835100199983,1.4133780599798784,7.058182403140799,0.5526569507466439,7208.101620324065,61.18460044373924
3.1527320892449655,0.5550152967938251,6.428605109347725,0.02225104115961824,7210.482096419284,63.747697380034126
2.786732210409715,1.5709995778415742,7.427669972850474,-0.35809725680666327,7212.862572514504,62.63713841284263
3.850369635501993,1.9554292857723998,8.347383017119432,0.09568112705580557,7215.243048609723,51.78739517587391
3.582858508587765,2.8991394988437023,7.651827976509066,0.4711150087839179,7217.623524704942,52.61154121942502
3.309649801479318,1.0495797934026765,7.306266191086772,0.5121758949299827,7220.004000800161,59.939452818028606
3.151699731263228,3.545166573318486,9.198111945263102,-0.21483806353729748,7222.3844768953795,52.126317798703305
3.0675007035909436,2.4494762568451462,5.594988862179337,0.15768644806369503,7224.764952990598,60.94382043589058
2.8466629324044552,0.026999663055801815,9.138629174249115,-0.654389152242978,7227.145429085817,63.451253621751185
3.1565580559832744,4.403659432241106,7.3593808631602755,0.49247505150292553,7229.525905181037,52.69931567679063
3.2117154466535824,1.5800848929789848,7.827472651417446,-0.39165437836253175,7231.906381276256,58.61485521719771
2.7629376503160645,-0.16237620731798486,7.380131458654205,0.3926276797857737,7234.286857371475,66.42036109119522
3.2367952406504674,3.570397787163632,9.452296666387117,-0.5746522886950809,7236.667333466694,51.001198607306506
3.091041447512673,4.2084124859043985,6.680344458146026,0.5157079532170039,7239.047809561913,54.73012051791858
2.5663540956466324,1.0429263464272256,7.924974348406113,0.16091759501138522,7241.428285657132,64.9743898461497
2.881658414792404,0.3377072214541085,8.442592283906672,-0.3906788478084731,7243.8087617523515,63.43857620216549
3.016770167182818,0.8353387819590479,6.306067147153608,0.34567819054026266,7246.18923784757,64.31839098690942
3.708236387761078,2.16671765164923,6.999088657214327,-0.29518084590266536,7248.569713942789,54.418681782966814
3.30997464543551,3.0121241212626924,7.772725836413562,0.37477751872256415,7250.950190038008,54.33080377873885
2.7434432090284293,1.9517894494676247,7.03615750710833,-0.13705573769036072,7253.330666133227,62.618744443441
3.2909778924333546,1.2493628164463635,7.109149572084073,-0.8605235628148314,7255.711142228446,59.88504546129114
2.6820554889428725,3.3445154458728963,7.576798111366909,-0.4912081202404685,7258.091618323665,58.81707030672442
3.472134035973477,0.62896310362762,8.578162166859249,-0.2152073543436422,7260.472094418885,57.78327670285426
3.0070697126116155,2.6453170796550136,7.587783748734262,0.6840945118742889,7262.852570514104,57.948473976868144
3.1213969940515045,0.6675643695885858,9.01084904011429,0.45057181526461243,7265.233046609323,59.843639563445066
3.548307941618842,1.7469137352537965,6.93658701264053,0.811930706161071,7267.6135227045415,56.84137160995398
2.7655013276304916,0.9307564182848338,6.684345114114577,0.8268176080149291,7269.99399879976,65.52258066207212
2.733596747688104,1.018043194835451,9.864535989226914,-0.2673754022954575,7272.374474894979,60.78931404756617
2.978734564501086,0.5364631320766103,7.282156294387622,-0.09424342987941471,7274.754950990198,63.90573121221835
3.4664105310602222,3.1205456306073267,6.631126883157933,-0.2056399621652692,7277.135427085418,54.520661350263005
2.7001759206275664,0.004597438350943284,6.201910046264826,-0.33575530265053827,7279.515903180637,69.08423396970487
2.3074162855202927,-0.005639735520753808,9.020993169281763,-0.9207473546682292,7281.896379275856,67.99508062311313
3.0227988832802604,4.286921375969637,7.606511557878536,-0.007373859008421205,7284.276855371075,53.69053815701602
3.324752710792385,2.5729249941942367,7.696033324167573,-0.6427827968555553,7286.657331466294,55.42561584192397
3.5203932799235593,-2.4707940447049475,7.792468963972313,-0.017085940767163698,7289.037807561513,53.97116520289069
3.0224509847257455,0.2597114867519712,8.966541806183319,1.0578854047814923,7291.418283656732,61.72130069603913
3.0390564037326717,-1.609661082431433,7.7759979631218075,-0.2546725481653543,7293.798759751951,59.99939911937733
3.5097399528269557,-0.3169895517560617,10.301511081144149,0.09738700281403362,7296.17923584717,55.677339876277976
2.603732923491017,-3.5980017104179645,8.09314801120915,0.45332419290464154,7298.559711942389,58.03541031921323
3.049185255860804,0.9050099590695577,9.023102968586244,0.14014564598295348,7300.940188037608,59.8093386025603
3.223955064575941,-0.6016941303430183,8.768489453634938,0.14624209397114793,7303.320664132827,59.551389977082515
3.302680277333303,1.201800992493186,7.928734299204705,-0.18120121684404,7305.701140228046,58.68095385129355
3.0160597705065504,-1.3250140360145772,7.380143286804097,-0.11593898753061631,7308.081616323266,61.48877181570501
3.180421553658242,1.2377606131890526,8.301011484382535,-0.4800052610939141,7310.462092418485,59.01070881118763
2.424678869971919,0.4917436334833861,8.481080199644278,0.4230225044447038,7312.842568513704,66.65158965704975
2.9747907323116403,3.367772951790757,7.400329962561108,-0.8707458283070479,7315.2230446089225,56.68174681818832
3.3094064039607667,3.2326044860813887,8.141190048518524,0.4855441691911011,7317.603520704141,53.23145248033261
2.879754468267307,2.294313523544565,9.212991962337304,-0.7018491923726212,7319.98399679936,57.40669250149418
3.193227187536526,0.6271006097146126,10.04867115428683,0.4813036370383261,7322.364472894579,57.813424243991015
3.3106832679830465,4.095818271385265,8.83502979633562,-0.17690876310609055,7324.744948989799,50.02244348316904
3.0749467083341493,-1.2110786043654118,9.845357852765133,-0.6159343440665401,7327.125425085018,57.60469304326558
3.2299409049063437,-0.9861367619405788,7.355162275206652,0.28964932253981823,7329.505901180237,60.66238744308782
2.8910726632045356,0.9942536386930156,8.68835768813026,0.4643837675378874,7331.886377275456,61.353248065435785
3.1190000622303042,4.501712794141091,9.326934523939704,-0.21903932405176843,7334.266853370675,49.803315730895285
3.3651396645317364,0.8178748487981818,7.094021891303505,0.3603052743394666,7336.647329465894,60.393162724795395
3.230258423628004,0.8472431587443929,7.5067059507771665,-1.1425422473346751,7339.0278055611125,60.77976578794924
3.0082992303174505,-1.040026460043293,9.732142292833705,-0.6602981448733002,7341.408281656332,58.735326568101605
3.2526159624896778,2.5424617387071944,7.021080773017397,0.6462044652343645,7343.788757751551,57.091296793788494
3.400826762575887,2.5540602650839648,6.656992323584114,-0.11183463709895808,7346.16923384677,56.42274675130682
2.572554580160772,2.3086374445892086,9.528047286944428,-0.9311066632244238,7348.549709941989,59.35589881682416
3.536352675736551,0.1819226282288111,9.198772924980052,-0.34943309022099683,7350.930186037208,57.45621263606549
3.0888478813278795,0.06642271606195882,8.436074560307683,-0.46170023626254036,7353.310662132427,62.46904831876054
3.318465483753342,-0.812471039753274,7.96018880763199,-0.08298086573646236,7355.691138227646,59.480815319142096
3.5510871358905653,1.2537507918393986,7.569320932256346,-0.18537549190382369,7358.071614322866,57.10294453489246
2.7815058588102337,-0.49193901526483685,8.291740816883493,0.0894658644690804,7360.4520904180845,64.08049436603079
2.9812709306001386,-0.6367226036549978,9.59154603531871,-0.03473302580628735,7362.832566513303,60.17070699308333
3.108634240081373,0.4945964905300422,8.25225296853156,0.6798696275185093,7365.213042608522,61.51605540022657
2.9611687641890896,0.39712895090795464,10.182594503738375,0.21227429985983454,7367.593518703741,60.04393575360984
3.717872119126447,0.3246263043506705,7.119642274582711,0.22883580559679303,7369.97399479896,58.76599387423768
2.9414561982430056,1.831992112854421,7.999853159255808,0.5825785619472609,7372.354470894179,59.88859039303619
3.032920826727276,1.251628276940976,7.648425528910903,-0.19438437521479088,7374.734946989399,61.134924400463
3.2619989584031726,0.7015541201815099,6.938293566032831,-0.6309387216792426,7377.115423084618,61.742682683271596
2.841135133615049,1.4090393867591404,7.872302918435458,0.6034851623161246,7379.495899179837,61.93986608652857
3.0841738745932457,-0.3520385029101982,8.444668124985107,0.06792087405405624,7381.876375275056,61.779510558500874
3.299212517344079,1.2939022951772012,8.553521804785856,0.06967560394946422,7384.2568513702745,57.54126141612558
3.105217222669827,1.362620635256671,10.201697234917143,-0.3166649607651182,7386.637327465493,56.449164778123986
3.1781584454968024,-1.117120620258363,8.497666586464515,-0.3084276665517887,7389.017803560713,59.0354310056829
3.0484743827811354,2.6317233092326404,9.185290610818543,0.4233611693854218,7391.398279655932,55.254960748441505
2.754032791276928,-0.18323463515305471,8.103203373465478,0.49232789906880514,7393.778755751151,65.35484602170372
3.305952069115093,1.2751141026185335,9.717120677276277,0.3919117028733292,7396.15923184637,55.788917174618504
3.7370546030563103,2.8870007318443305,10.439470941698538,0.3964808027227375,7398.539707941589,47.22685493339088
3.2171961008126386,2.5296322109558753,8.574063996002806,0.28451476862987946,7400.920184036808,55.07725467210499
3.2803561309339933,1.193351346693072,7.052277688121269,0.06576136503907828,7403.300660132027,60.195356053613466
3.42169536064356,0.5988371850825652,7.49809014897128,-0.08768984216049029,7405.6811362272465,59.882208928688186
2.8341813776599194,2.5645882139459704,8.330788572758813,0.6051619249707766,7408.061612322465,58.418895584717504
3.72683727074489,2.1560977155836016,8.507312032239104,-0.1868604352452168,7410.442088417684,52.03408949672322
3.27788421308158,0.2172428527036313,8.751199488437242,0.18498960694037347,7412.822564512903,60.10701993093242
3.707845698896856,-0.04681471772245338,8.514933021976926,-0.40200649897712326,7415.203040608122,57.44779808155363
2.9994821396949627,-1.9622714136425574,8.063681873326445,-0.3296495184252252,7417.583516703341,59.00294153834424
3.765914378468196,1.3780449636592802,7.422460761821602,-0.11807728392861325,7419.96399279856,55.29388142037383
3.4541465674266245,1.023686661949862,8.46176033987079,-0.4019691883635818,7422.34446889378,57.11497029590617
3.3886164166538912,2.852756655895936,9.91757294129965,0.3989259127391502,7424.724944988999,50.88281761507956
3.294016553052775,1.6877887847184372,9.084478324088787,-0.6740171257725147,7427.105421084218,55.80167812764853
3.1503558113397947,3.1512867224337886,8.601218432768873,0.04961481169053646,7429.4858971794365,54.01710905404386
3.5861794284862425,0.10463361208846433,9.098046801056672,0.0662540484210906,7431.866373274655,57.40191034030389
3.2692337802470988,2.8586427093132176,7.69938187206392,-0.9053997891598404,7434.246849369874,55.150450176644284
2.6381111507317954,0.35878013921497776,7.564147408241908,-0.22051191026180436,7436.627325465093,66.65193933374533
2.8941827199777492,2.319286531681642,7.326594732949307,0.12784976902407136,7439.007801560313,60.05842981154994
3.1746918836805866,-1.0345071825704328,7.951061127165515,0.21436399664703407,7441.388277655532,60.089605283380955
3.324552609303292,1.5070715586183665,7.656310395475144,-0.10215360430008293,7443.768753750751,58.151434635815036
3.2156840268655227,-1.8219248631452039,9.288560204715235,0.3384441022403577,7446.14922984597,55.786875320139956
3.5994598238221096,0.7551394956767083,7.606931847889386,-0.054658128618020406,7448.529705941189,57.90607489839727
2.6495463951875946,1.8171156270829916,7.2815039804847395,0.006826456037528364,7450.910182036408,63.338583800064654
3.2790620570325535,0.3758709572073602,10.028773936307974,0.12582693449327684,7453.290658131627,57.78466524625921
2.6917009843133357,-0.417593275180963,7.636793216793291,0.4634998143670844,7455.671134226846,65.96721911235097
3.466117870589861,2.4279804919069745,8.243669225151882,-0.33785900120776596,7458.051610322065,53.835601967785855
3.210976351793791,1.004348459313876,8.543436542301443,-0.24341093625914875,7460.432086417284,58.98616322391282
3.366307096082062,0.42592676577054345,6.95739417792332,-0.33444824586460736,7462.812562512503,61.568635050032164
2.982369708812983,1.2238669463913563,9.331545275262915,-0.16609885807096667,7465.193038607722,59.08405705062337
3.6264849231689764,5.116767342032817,8.735155384716386,0.7131171290398823,7467.573514702941,45.093469182491575
3.556274043737698,2.892758704352344,9.658395824360857,0.2863626596649111,7469.953990798161,49.83031715267627
3.4199314904386524,2.9071059686384846,7.422765973066497,-0.565544872584421,7472.33446689338,54.23863419529482
3.2071249346577506,1.8173062176330674,8.203090430194884,-0.3002234827943373,7474.7149429885985,57.495099333363
3.421049557653671,1.4144561569091416,8.14529774977665,0.18638361213820107,7477.095419083817,56.8775165218328
3.0361372191839284,-2.4286534394422024,8.371808475825814,-0.4532538904663852,7479.475895179036,57.08155593418435
3.5059846589680004,0.14774145447982634,6.655283849221571,-0.36267002040737845,7481.856371274255,61.599843318224075
3.745275555407269,0.44609257160301674,8.222714222443498,0.6724798330870744,7484.236847369474,56.58849279406906
3.5727281351188074,-1.6446414513212653,6.68739380790968,-0.30668781423659336,7486.617323464694,57.275480578881854
3.03377826036444,-0.5676843511187086,8.4741722957421,0.47733340801469337,7488.997799559913,61.59930459567455
3.3621985848368574,-1.802072446614,5.989170234868016,0.6276615947654692,7491.378275655132,59.613474852468116
2.8669456690422486,1.112439667900503,6.268214289566911,-0.36673104558448216,7493.758751750351,64.88101404356038
3.427720322204114,2.3988177755074984,8.940332234398063,-0.4449812782785707,7496.13922784557,53.17069463200124
3.392299703558395,2.831574231069582,7.576928086493455,-0.13806604324058255,7498.5197039407885,54.41727466411871
2.6972895828548578,1.7943330162618663,7.137892121415771,-0.5443138603368125,7500.900180036007,63.22901261438282
2.9108154907223236,-0.2721940825338316,9.39858009911294,0.0605169392513712,7503.280656131227,61.93512071921742
3.1755254882210817,-1.7244529662837982,8.457345607984792,-0.10282595592669323,7505.661132226446,57.598645266544665
3.171326100616795,-1.460913699262891,9.00379512843875,0.18029000794315078,7508.041608321665,57.47141425425029
2.8998581658148845,-0.7283397015880633,7.967449032462327,0.6984717281164106,7510.422084416884,63.029111870817275
3.3805124410943175,-0.1574103321944036,10.815306600190958,0.4087424903851596,7512.802560512103,56.33941474047302
3.3403788349856054,0.9370017545482545,7.533151476868564,0.24461988770617812,7515.183036607322,59.63473771844168
3.207774296891337,-0.34387630286719073,9.884148947555254,-0.983024206483959,7517.563512702541,58.65189144636845
3.040436224785478,1.6865796237243833,8.080276048492063,0.22168799105118758,7519.9439887977605,59.33964706966712
3.582904805272702,0.8304515240326126,6.489121013705445,0.8613138303522746,7522.324464892979,59.526951227178685
3.7660341479556196,1.1954265769642924,8.628470104022119,-1.5052612581567584,7524.704940988198,53.940455217911136
3.1254632697232214,2.890730305591595,8.462374499014599,0.34469127148781264,7527.085417083417,55.07590632971335
3.088001694745439,-0.5892464213726314,7.098281332235234,-0.07967928737823214,7529.465893178636,63.17544839025206
3.4201344786968404,1.8099049868207138,7.229375707884382,-0.4248975015114723,7531.846369273855,57.27009814154692
3.166484128497155,1.1616354522333907,8.128889810108344,0.40056429195597676,7534.226845369075,59.57070362627677
3.233194899736942,0.6831132851693986,8.505328366245159,0.8548529503036653,7536.607321464294,59.668665039813234
3.498031477134627,2.5119748357104243,5.686910995551223,0.38761536441887684,7538.987797559513,57.20544460032009
2.704450531213004,2.503359470145639,9.212690088017476,-0.1855959756307632,7541.368273654732,58.286961942905656
3.6738702349356114,-0.2341498356627687,7.667065648371352,-0.47173491220407815,7543.748749749951,58.52306505880116
3.301306228959884,0.9130938386538346,6.831811754110413,0.07231381689477188,7546.1292258451695,61.05909794052072
3.157177016640351,1.6089008305487682,9.106622035912384,0.43658464619079407,7548.509701940388,57.06039873663669
3.254977956257147,0.7783220129818442,8.143934380623467,-0.1935265131168638,7550.890178035608,59.79846974655301
3.271600605710966,2.0661131979015708,9.385715642035251,-0.14519149582539834,7553.270654130827,54.583338696505464
2.7646353590192136,1.6111185269005408,8.609500263073429,1.4110001249191992,7555.651130226046,60.9408704159848
3.7336015233031956,3.938921897245502,8.17203226161591,0.539325972979863,7558.031606321265,48.025834678036816
3.2986424039295965,-1.104588894395741,8.022816213683685,0.5750643391968161,7560.412082416484,58.815164212048344
3.4202703667304615,1.0079258337764032,8.660258942949469,-0.730142953029406,7562.792558511703,57.1276340672911
3.573960026282953,-0.17042370386112649,7.766015576943097,-0.3535943396467302,7565.173034606922,59.333237164668915
2.983272079523794,2.099241727686489,7.328975529994629,0.037340819727119515,7567.5535107021415,59.892255749601475
3.432788462350249,-1.2319265733085296,8.793459154014077,-0.5005687789425748,7569.93398679736,56.267687136905565
3.211580995384491,1.7140512804400823,8.04106473216291,0.8001986494446471,7572.314462892579,57.9606267375795
3.547031339400178,0.2502607575343081,8.22112339355386,0.7051561532953227,7574.694938987798,58.66641230063202
2.655959019077535,0.09484203094046784,9.278939383146579,-0.26677266869202687,7577.075415083017,64.59681369530868
3.2655264476250085,-0.9729108135127711,8.077687370392951,0.8919593033037424,7579.455891178236,59.326980329628576
3.1155363876432594,0.4999744702841228,8.208602964436809,-0.002126048359971067,7581.836367273455,61.512868276488405
3.427189670416406,2.825091318920495,7.595925217840018,1.2946948586945244,7584.216843368675,54.12586651260748
3.4396525964509834,1.1613098681994627,8.628320983298336,0.07234306526251823,7586.597319463894,56.63702308294597
3.087480480974931,2.141366126426071,8.549415911651714,0.288096375164211,7588.977795559113,57.1226169686578
3.087245353516394,3.6975610747955505,9.102370710046927,0.6999517205847792,7591.3582716543315,52.40457841980958
3.2688275197163295,1.5969847974228824,7.62447495016384,0.6388166749039046,7593.73874774955,58.4202054234664
3.0341644337699396,0.3639053765494902,7.7477956561244845,0.25536603306794675,7596.119223844769,63.19522760428003
3.5568825364477665,1.9037366079822702,8.999759493033697,-0.07057015972191791,7598.499699939989,53.28595894891164
3.1946559476921728,0.38716785241283325,8.461845195054252,0.2570663499965596,7600.880176035208,60.78206499484916
2.4344526762108454,0.44773206972580426,7.305424792931461,-0.4080920859380575,7603.260652130427,68.44691122660154
3.195233913368379,-1.07471884585853,9.520208343921027,0.07606685943205793,7605.641128225646,57.4710190625251
2.997249126615965,2.595261085206026,6.51721569447825,-0.5546537662489974,7608.021604320865,59.75803073233984
2.8205616249117615,0.6276257162258712,9.001963632463832,-0.8904408200401507,7610.402080416084,62.36349726144548
2.9398488289308142,1.4805319156555172,6.954480089153067,0.02521338206972153,7612.782556511303,62.34815944568509
3.3450321669616714,-0.3458031426354391,10.107494517217582,0.6311389453358361,7615.163032606522,57.21399303189166
3.7119350330670953,1.862816634301626,6.679120779036823,0.4629023207980296,7617.543508701741,55.62879698115394
3.4084316400996184,0.06673900809079081,9.37798629265519,-0.04095614786280413,7619.92398479696,58.49871991999329
3.1336591489895533,0.9978436944167804,8.1461170452408,0.8734948490877482,7622.304460892179,60.216942004180424
3.4535156456862897,2.5279019716154076,7.863165229512507,-0.28453069542328685,7624.684936987398,54.2573720612024
3.1801518699168367,2.398058277003817,8.417181479547821,-0.9589163308990116,7627.065413082617,55.93786712883403
3.1106337822476995,1.1796308198890177,8.86570281559629,-1.091050647100481,7629.445889177836,58.867298468901424
2.973840376707509,-1.4387637642751412,7.331420257095628,-0.5905954702978585,7631.826365273056,61.615237190008635
2.795736173499302,5.703405732107507,7.422051946875548,0.4083123716311144,7634.206841368275,52.24251836142349
3.20544369607105,3.8337356607689594,8.889464079404235,-0.31740134173369317,7636.5873174634935,51.43791516040285
3.3709732016956413,2.2997170071455155,6.534536432518581,0.23047932092865103,7638.967793558712,57.481117219793205
3.295706754562506,0.08665689799152543,7.659671094482532,0.8231416917919886,7641.348269653931,61.92819707679734
3.2010408321967887,1.0468323645010504,11.2866085729701,-0.550048481288903,7643.72874574915,54.84467957171792
3.0432445015526373,0.40284823517633894,7.2799307149870245,0.23924986589794492,7646.109221844369,63.727027327157515
3.510579940614491,3.1145212973839165,9.39776916173131,0.2694815363278611,7648.489697939589,50.03240348902732
2.934104624639006,1.613250470026405,7.666038921282599,-0.4303689942365516,7650.870174034808,60.99497844589804
3.563191046456658,0.044009327329327386,8.763058784448015,0.6771054626225416,7653.250650130027,58.2398601333514
3.030856392472883,0.5148816834134274,8.910393909531152,-0.14385352777473828,7655.631126225246,61.10035378738664
3.1069301069589286,2.9035559992980833,9.38702016303155,-0.19187649045650465,7658.011602320465,53.80513890153604
2.8937646551607266,3.6226802451276705,8.0598354395791,1.0558066092089864,7660.3920784156835,55.70342898652636
3.184519456626982,3.51579074569115,10.251000373319606,0.2613833711833591,7662.772554510902,50.357866922776864
3.628674080749963,2.3596016597186793,7.674806267782054,0.46264527484274903,7665.153030606122,53.55939380303052
3.4919093664203045,0.8458766567207898,8.50039097339888,0.6774464657609194,7667.533506701341,57.19944696673727
3.6318885243427292,-3.636696144170802,8.513475849078619,-0.32523699972960846,7669.91398279656,49.08293767121323
3.496145959528352,1.672075499544447,7.14825978360289,0.6249105485268396,7672.294458891779,57.128253899507726
3.009543906369567,1.224353431686301,7.986385264894084,-0.250947057498835,7674.674934986998,60.88318727248659
3.242550100977568,1.437831056665921,8.435801265062114,-0.2723116946691487,7677.055411082217,57.81131965292148
3.1088694970544086,1.309465511076241,7.844197598274397,-0.13599998615406808,7679.435887177437,60.089083848462536
3.7432444286818223,-0.7600119379436621,10.719274112070064,-0.3110324174724774,7681.8163632726555,52.07510355758117
2.9861784393893327,2.066256190821596,7.441758607853315,0.41107821632858144,7684.196839367874,59.78229409605137
3.6144677701477272,2.179230113268438,9.461839514062195,0.13360532757252785,7686.577315463093,51.443423284553795
3.615388408544045,2.2551763380970984,9.14090825316908,-0.24561220730855643,7688.957791558312,51.72758950665127
3.8975324463733143,2.6522964292657383,8.272620329244152,0.3372525165774109,7691.338267653531,49.78006886198291
3.2268849005833644,2.139271386297244,7.423308063253911,-0.137591218693173,7693.71874374875,57.701780234709105
3.564632372926641,0.6189130327266954,7.522297079701728,-0.1640351851823383,7696.09921984397,58.65221281521754
4.036576476861276,1.1284653453922802,7.774621013493931,0.02434194245077182,7698.479695939189,53.224293301388194
3.1679339778331976,1.3721716214889363,6.508883573010726,0.2317301778331086,7700.860172034408,61.462773764095985
2.893860315833934,1.3977974337223558,7.293196601033851,0.1949238246887098,7703.240648129627,62.414828987471864
2.7915156432683013,2.7343389195846814,6.816223312975255,-0.1816245911264152,7705.6211242248455,60.60769258542901
3.5704788796126703,2.2032799768365834,9.646613262651977,0.42355560371970113,7708.001600320064,51.45804912702921
2.792867180216989,4.3545566544446395,8.921239712627443,-0.11119707553982804,7710.382076415283,53.388811353211324
3.247263852600134,4.549009848814682,9.090791109499257,-0.3274922443043595,7712.762552510503,49.01317789291333
3.4913012046067964,1.3595458729176264,8.895689282199918,-0.7340108243836757,7715.143028605722,55.32719175755169
3.4168079437243333,-4.514146467572148,8.475865903645913,0.49158924049951064,7717.523504700941,48.66637142580609
3.490037130277514,3.0968511465390747,9.77162019172427,0.0061950380970037765,7719.90398079616,49.68014480384579
3.430239370276074,0.43180376720996383,7.702219412776383,0.10543617925525739,7722.284456891379,59.92524650060192
3.748361254210044,0.04090845739750715,8.421694562417759,0.5229014578497577,7724.664932986598,57.27829697919924
3.0801560468412474,0.6462327282245408,9.064127203047033,-0.23870311579890802,7727.045409081817,60.14697900013812
3.163902224538841,0.5747026071623573,6.997903241168583,-0.6871996242370643,7729.425885177036,62.75517082403051
3.1363530916753186,2.1638386653291333,11.417746096598666,0.034890351107609255,7731.806361272255,52.37295945837661
3.6183589821621673,-1.0929527096204155,8.351768320294713,0.1539807760401477,7734.186837367474,55.793093888209555
3.640571882635374,-0.3696129146094993,8.467237994783334,-0.1314245330801864,7736.567313462693,57.25053566021826
3.50697112359253,1.76247351649411,9.584173192202883,0.7368687890380845,7738.947789557912,53.16178743172016
3.7278032037107316,2.182919448049131,9.244297739488008,-1.2430832838606782,7741.328265653131,50.853829140959306
3.020494773444267,2.2115838231754723,8.36946830145367,0.5600283189498915,7743.70874174835,57.752879802326675
3.875226551302604,0.0694851268248935,8.463568225364286,0.3955768251821129,7746.08921784357,56.1291224344705
3.8331835426976735,-0.21659050311002948,6.831339391156902,0.22838538885022966,7748.469693938789,58.546046313908185
3.5980515478711057,0.4916243817830419,7.781071908723147,-1.6679507747345481,7750.8501700340075,58.31491879948883
3.9130579680087374,1.6121546586787006,8.856798296829929,0.6419443916351342,7753.230646129226,51.37995216398846
2.8826850339207777,3.481330718058231,8.785531943441304,-0.5132170553179426,7755.611122224445,55.056895018326244
3.2234916103586575,-1.8172717444978232,9.564856507759558,-0.2538459891916934,7757.991598319664,55.321602994246845
3.1613894222128636,0.9235605048407497,8.225241982518806,-0.08529633239503441,7760.372074414884,60.06212038641701
3.5995790208913,-0.7435941790284075,6.960509439927529,0.20370901732598767,7762.752550510103,58.903618225407286
3.0692481193967542,-1.2221704551786359,9.40657992637994,0.31971402109627495,7765.133026605322,58.280719017309465
3.6126943577585964,2.7073988433221254,9.787993013661751,0.4464202771596482,7767.513502700541,49.64795850913329
3.7977624820029705,2.0746712876183127,9.25220304184104,0.40792675503925807,7769.89397879576,50.5529173621689
3.5963186888424143,1.9326554864657028,8.192380229262001,0.12646360210656293,7772.274454890979,54.10924142920342
3.474039660095575,2.6408149949279065,9.402456012760357,0.2079613295287954,7774.6549309861975,51.50196121277509
3.0937092390734637,0.5404691490799217,11.78903712928588,-0.5453768579111232,7777.035407081417,56.21559752078366
3.1371731940192946,0.6118627147376436,8.477336285741638,-0.3755134034095111,7779.415883176636,60.65695323238908
3.7672717521257715,4.540186645441709,7.052505228709137,0.4477301118374161,7781.796359271855,47.93260152632585
3.627348732554892,0.8925061061995001,7.780015450684813,0.4186047433643406,7784.176835367074,57.079921698034894
3.382996480583202,2.365833060512114,8.993835709453322,0.36189970822221046,7786.557311462293,53.53069193987412
3.2704881318465238,1.2734796418291663,6.765615236793121,-0.25720838082826375,7788.937787557512,60.50397298546521
2.7892776469893557,-1.50770778916911,8.54188309077477,0.4552460659718479,7791.318263652731,61.10368471500023
3.0769236508305684,-1.801490588077969,8.754877763979705,-0.580622226240179,7793.698739747951,57.74856767719098
3.9727648242576,0.3977497355005981,9.9117245809072,0.5386799049311365,7796.07921584317,52.355920195826904
3.0163625026613783,2.8511513268130626,9.688860054209178,-0.1304354006229451,7798.4596919383885,54.207931580362555
3.4585035503415305,2.45021055427081,9.245312976596582,0.8420852031703162,7800.840168033607,52.33847574669586
3.705053580113506,2.6396626717726814,6.22011279064982,-0.7607210460327425,7803.220644128826,54.43024549368552
3.027504726100652,-0.2112482507369131,9.305909175161418,0.8817020229592609,7805.601120224045,61.29297780161038
3.46055616144871,3.69390408119306,9.092434308752487,-0.18073216458173091,7807.981596319264,49.44213904229894
3.68767952694728,-0.17647003981685416,8.64493080497894,-0.1897396280058721,7810.362072414484,57.089992477411215
3.4112168631126094,1.590881309031909,6.660830436593064,0.09741940949279845,7812.742548509703,58.74181616762976
4.269150538253468,1.2568913128406864,7.6163454180190495,-0.3485394564003484,7815.123024604922,51.280049284841965
2.909212753069634,1.0123842900168487,7.228363951769209,-0.036164500651153446,7817.503500700141,63.352791322746995
3.7285743530445643,3.281858736829677,6.382246305522955,-0.36881313263542725,7819.88397679536,52.39338887528486
3.3602788903734213,0.2170804941459663,8.396408246971625,-0.3505317654895935,7822.2644528905785,59.98045527119028
3.6448594297229766,-0.7488856280532423,7.603570559929619,0.24344297515028593,7824.644928985798,57.56355465218866
3.5468398546280135,1.3062917020551221,11.028768174256893,-0.450782747651758,7827.025405081017,51.81639964645275
3.1956655299981582,0.6773348246576486,8.23676119679526,-0.3840971175027411,7829.405881176236,60.38619690317772
3.48547634104853,6.343925994164454,9.70135746397392,-0.6863956248732045,7831.786357271455,41.704338090239744
2.8605723762374646,2.293389755764596,6.840577084919132,-0.2519653399806697,7834.166833366674,61.12108097331009
3.6000828043412443,0.6653948399519475,7.8816589547414875,0.655801014861961,7836.547309461893,57.713362033277946
3.5097221906465115,-0.30398425321439415,8.510719477544278,-0.4229668200514842,7838.927785557112,58.396182625475504
3.6130391522884655,-1.5394718813894872,7.507741343295503,-0.3658166325936206,7841.308261652332,55.985395063275305
3.7400434042345125,-0.25609002413390436,7.995768927121242,0.09696097324076776,7843.6887377475505,57.44577431510727
3.5340610179507665,1.4549293682305997,8.202093655334867,-0.18539821689976324,7846.069213842769,55.787047952815065
3.469369405173474,3.4242880302148144,8.188212155415535,1.114077216674825,7848.449689937988,51.40200644995187
3.1617899457483936,2.966607344746399,10.279314922807401,-0.08126398233812836,7850.830166033207,51.87018968793575
3.213612439331509,1.6284946930870519,8.804499473744798,0.16760917310868587,7853.210642128426,57.0131145420131
3.7844676303255183,0.800879997627819,8.907861219425428,0.471884392399661,7855.591118223645,54.36026713418816
3.8605167959968614,1.6896293174749433,8.970083528629635,0.4622889329314253,7857.971594318865,51.4366670453933
3.3593523275708517,0.5092333094161148,9.045133859051722,0.11664379077868967,7860.352070414084,58.28439731731532
3.445755920986503,3.8655160581861607,8.351699854899394,-0.08056374334300061,7862.732546509303,50.242612704293485
3.1617407768250962,1.0049647876361976,8.115920453984668,1.0120142681896285,7865.113022604522,60.01978113533173
3.7861224895828176,1.1600235032982988,8.605563501300649,-0.04988013765713332,7867.4934986997405,53.902616073140734
3.6350911839561277,-2.033422879631939,9.597632636644306,-0.2208450522142403,7869.873974794959,51.43926437430467
4.019002422800382,0.9979391914566922,9.569148751745285,-0.32292449414700924,7872.254450890178,50.99940951133729
3.174311677886651,2.5465986076411267,8.204594592828162,-0.863401601353378,7874.634926985398,55.93211816856173
3.3255779946810757,-0.308930289300124,9.21491989802196,0.4108078761185816,7877.015403080617,58.80067047226814
3.5095862586568325,0.16735448619355475,8.254575304781063,-1.1740341985504132,7879.395879175836,59.123060758089856
3.635271814896165,2.4832831623194527,8.48511491135246,-0.002861420452460357,7881.776355271055,51.98194520800336
3.377797488160069,-0.9199873156608405,7.979806004089108,-0.10243031713569252,7884.156831366274,58.70794279943368
3.181782632300827,2.882482150937502,8.273769900092764,1.119982596115724,7886.537307461493,54.92887871411048
3.709266752293238,0.49834716048445826,9.798831391533977,-0.9158256143568132,7888.917783556712,54.381750993141985
3.662358990725725,0.7144932572378958,8.552009381938436,-0.4505516434921785,7891.298259651931,56.086880858191805
3.1723103943054682,-0.38768919137200086,8.596958285396026,-0.06804822934082468,7893.67873574715,60.75685643903222
3.855000061485422,1.8659808714110069,7.016546169459861,-0.09876466873458414,7896.059211842369,53.97022807539931
3.8006017847585944,4.989502758877146,8.156608842588806,-0.2747722954050224,7898.439687937588,44.88651556085517
3.491006426186444,2.4727241771990185,8.226627277610127,-0.0404939547010837,7900.820164032807,53.55019723109571
3.4757724949040627,0.004834197883363922,7.640888756674375,-0.6297813644348706,7903.200640128026,60.720401411047526
3.6192864808718217,3.0054769779285806,8.493788344213874,0.1785964394974695,7905.581116223246,50.79133319188316
3.195734595972622,0.8278110257982924,8.04503196230479,-1.1607426710387891,7907.961592318465,60.29704772426611
3.4644316824778274,3.365342297960407,8.556302057427764,-0.012884677938628535,7910.342068413684,51.03673770913471
2.8108842511916037,2.514414146296116,8.59990179128446,-0.30017834713178665,7912.7225445089025,58.32703793780019
3.720713438237646,-3.1095278518164227,7.524737632553828,0.5081439713783178,7915.103020604121,51.17336641572703
2.990506562033268,-0.20014976358865755,8.083884046433834,0.8776555353166523,7917.48349669934,63.44974702511146
3.911158615640238,2.7233329456607764,8.562054579848013,-0.16552608437517885,7919.863972794559,49.05931684095414
3.362275131433969,1.535026681300129,9.671074826043666,0.6953629645707154,7922.244448889779,54.75762000621242
3.3989899117235685,-0.2273072506931615,8.745590295112045,-0.15805814031520538,7924.624924984998,59.12142713681048
3.27534903532324,0.35872853152500883,7.829032299457847,-0.48306326156454504,7927.005401080217,61.156837939414785
3.378437099984292,-1.5494557553601278,8.8920692253077,0.8729518160928098,7929.385877175436,55.7607599737638
3.8915880748843006,1.1781258496036657,10.202710971703786,0.2603882223670034,7931.766353270655,50.61791431936075
2.7208663377249933,4.627507212147325,9.413966800918827,0.0022192613049071786,7934.146829365874,52.543351066453496
3.8514791680242535,2.5196597875636866,9.046885734342816,0.34358873754932423,7936.5273054610925,49.31868858538253
3.570977568207243,4.5986725177004555,9.22704888459651,0.13710751756508366,7938.907781556312,46.09492483319615
3.108645355365151,2.6374302011665143,9.943512885379414,-0.034609703970759007,7941.288257651531,53.621992326093384
3.149339811819782,2.8558413681854065,9.581286402434644,-0.6632174136539982,7943.66873374675,53.29374848132626
3.976033472075904,4.276528407559831,9.074521383630445,-0.13526836858063335,7946.049209841969,43.88862912904752
3.1906458882761664,1.8820935238526635,9.578505245828282,0.31162771172923637,7948.429685937188,55.40184121541659
3.1294755415923934,1.0361461475871336,7.4303145833291495,-0.06138571284340528,7950.810162032407,61.2283584232993
3.817858154159447,2.866762135899704,7.0118037102375474,0.45116288056519294,7953.190638127626,51.772523861618836
3.5794131051813034,3.499325183879847,8.673271525835883,0.19182751193339448,7955.571114222846,49.60647491009613
3.1976533743467623,0.5994070674701413,8.586958127086417,-0.43906815904270347,7957.9515903180645,60.03981814592092
3.5452026991078727,0.23778984748094745,7.976472535796053,-0.6595859789160619,7960.332066413283,59.07919498474057
3.173673914739861,1.52921719520095,9.348341060640054,-0.07858924996508403,7962.712542508502,56.76505410311866
3.8128310068708364,2.5689713586268628,6.66173123549375,-0.2621142240522938,7965.093018603721,53.082326695225525
3.8021810984847573,2.519649779007554,7.991929626649426,0.16816090481084306,7967.47349469894,51.295532324628915
3.6445572445148153,-0.812947810369244,8.043854028221464,-0.3590688293813649,7969.85397079416,56.74539147562617
3.5946396332544053,4.191503310515182,6.894616108021074,-0.30769616287743856,7972.234446889379,50.42220049564519
4.015684036519232,0.3631376719440713,10.027757850040896,0.5265348587974562,7974.614922984598,51.92504675292462
3.488420135620861,0.9280786629367263,7.175935153388931,0.07410148431394893,7976.995399079817,59.0085395276079
3.1351389922901776,-0.027514053370784497,7.948906573654835,-0.35136353271364645,7979.375875175036,62.926743067769365
3.6257307504447875,5.374752304969029,9.447337227307525,0.008820904367509836,7981.7563512702545,43.38626739305784
4.117890392301559,1.6911568570589013,9.187514281100599,0.6894556215008413,7984.136827365473,49.04771329728938
3.1888364844966524,0.05238026727925815,7.435406338986201,0.14689334413736133,7986.517303460693,63.205247947349335
3.386013911622847,2.625520486031031,9.228182972160269,0.2964754047125648,7988.897779555912,52.50581303369924
3.620575316406767,2.4841313389492705,8.837591598616143,-0.37611726826372127,7991.278255651131,51.56868172344847
3.4806591677865493,1.0496298796223549,10.882956668757283,0.5132096885673002,7993.65873174635,53.20621695551579
3.203329020053669,2.592923465286317,8.955976139031618,1.1590511302319009,7996.039207841569,54.457094967807436
3.8357672768812496,0.09486867209510907,8.412909147841884,-0.3957338212564268,7998.419683936788,56.457326382949404
4.196412316629184,0.5942226542587922,7.699764887367699,-0.5909469871859947,8000.800160032007,53.393497500268
3.560430071909728,-1.6809312257140567,7.814139982737862,0.08777112191757411,8003.1806361272265,55.59302138633024
3.2315610356269584,-0.6507389446308385,7.73473138906119,0.4377525249222052,8005.561112222445,60.918567269815455
3.0392846075435713,4.047428051879105,9.93371706290679,-0.04569483602513068,8007.941588317664,50.66657741559349
3.5825571561044756,3.7989191827422193,8.582706558106464,-0.5266031980213314,8010.322064412883,48.96818495714895
3.8375195155781583,1.4362538480289646,9.132102790789453,-0.054292080890194994,8012.702540508102,52.01105506911814
3.6500989415437086,3.832762915848152,10.083222920149943,0.2990461363887273,8015.083016603321,46.09246679780503
3.508020124497903,1.0990491212699154,6.212631460945529,-0.20351591347302966,8017.46349269854,59.8692690094237
3.333152794581884,0.9748407395605887,9.85209028046691,0.3036275088774608,8019.84396879376,56.11954037374309
3.183478567815019,1.4255177444519653,8.630734969793016,0.5823553926199551,8022.224444888979,58.02227464166041
3.762746777206333,1.154165193220564,9.012508601522878,0.12011531288522381,8024.604920984198,53.49384989701361
3.7876469415696192,1.0195491514290254,7.751179809636538,-0.013973885639146325,8026.9853970794165,55.52318187441567
3.0509909491584515,3.05823708416811,7.826582064068231,0.41467196261314093,8029.365873174635,56.20660660020977
3.992856362798256,1.5691399271636721,9.072676413091301,-0.42805041371861524,8031.746349269854,50.52528466006782
3.6893211739572838,2.4134558517767624,10.970553014000952,-0.4773549168464613,8034.126825365073,47.995961457898396
3.938173693744506,2.892600988049842,9.591393846505156,-0.13328614246449266,8036.507301460293,46.87601721016161
3.116852822333571,1.9286061247348374,9.855729404759174,-0.2459397274072336,8038.887777555512,55.46006800235558
3.110940101099464,-0.10828209037962755,8.400331792359195,-0.4016709876452377,8041.268253650731,62.24127627671643
3.4771931098055497,-0.6813762316222323,7.9942560469445745,0.9152342374993871,8043.64872974595,58.48763047208316
3.673916139982592,1.57189149348698,7.8157831584904,1.0859966047471457,8046.029205841169,54.95526740868622
4.06318632213707,1.092634259601919,8.1104428535415,-0.17685252112779112,8048.409681936388,52.59725949358639
3.7372993669151198,1.4814042718939031,6.548063242866062,0.045859474874182724,8050.7901580316075,56.5759995206452
3.4538692814052228,1.3270347174263428,7.87805606057299,-0.09392141003189548,8053.170634126826,57.23437486433288
3.21996122799397,5.227275150445676,8.044752604462357,0.5537496200590781,8055.551110222045,49.10499339324051
3.89807084212104,-0.6426256032584767,8.431878572814572,0.6528227809200235,8057.931586317264,54.561051395663625
3.2408580767582906,-1.6314062684093502,8.741118473273524,-0.8886318993448233,8060.312062412483,56.88294200500002
4.020009659260064,1.8528779788316598,8.973951478098265,0.2380054000328128,8062.692538507702,49.746800561692936
3.4473534404579302,0.7904787250109624,8.59870811260572,-0.6534106705805742,8065.073014602921,57.54691349490057
4.011043553803406,1.8300144259402937,8.034323903911554,0.8791360789376391,8067.453490698141,51.28512964885469
3.7387487698806536,2.232537455334582,6.654542481824027,0.22012401510519902,8069.83396679336,54.52685247988227
3.495171541041605,3.283670501351241,8.044727281152593,-0.41167476918131807,8072.214442888579,51.76236049656017
3.3816524355046296,-0.902524499207596,7.649720645961826,-0.12066069396892659,8074.5949189837975,59.215888299001236
3.4364004971934206,0.5240383934790852,9.090374055651484,-0.1444886291330792,8076.975395079016,57.563138955277694
3.668369735621246,2.0030583735935954,9.535731357420227,0.26255647144290784,8079.355871174235,51.341799144915704
3.564223898452072,2.5164133599220113,9.56715231076973,0.5209563020887391,8081.736347269454,50.8444469464238
3.36413610301088,4.651694009053573,9.387671892450472,-0.574103645985855,8084.116823364674,47.37616831460332
3.4937930323475896,2.7958775936327203,8.499331963112631,0.9193772504560569,8086.497299459893,52.31096381246853
3.568258848536664,1.2779409325845303,8.113041304961293,0.8028450539104217,8088.877775555112,56.08951492280342
2.9072691496411673,0.028272622563081606,7.890033918271798,-0.4376617837955227,8091.258251650331,64.83611436905525
3.6845438049135657,0.5182941345727751,7.131778186468393,0.036400897181154655,8093.63872774555,58.53024694455695
3.254381349739912,0.47647757700097615,9.633271864338887,0.855404272057158,8096.019203840769,58.32384746306993
3.2035026970378797,2.34918538810371,8.468848816291544,0.6164592933387415,8098.3996799359875,55.79574172900037
3.044504168877693,1.7526344837193497,7.399361880620736,-0.16837151502394782,8100.780156031207,60.163337618748976
3.013745132828493,-0.6175324348040281,7.821353748181073,0.40716990728393665,8103.160632126426,62.61417722809038
3.146484394599781,0.7148935600533289,7.783015246738057,1.4985991458595693,8105.541108221645,61.36636807296134
3.3416184757555802,2.6858711722069493,8.695157397094642,0.05257999092560605,8107.921584316864,53.50963816779602
4.14150897598061,1.8978476889428484,9.721745601688712,-0.3163241257200096,8110.302060412083,47.54069056726493
3.3989741577986434,2.2241256310639583,8.308433669190558,0.0862099260456996,8112.682536507302,54.78524215616512
3.6112702724588317,1.946346058804843,6.406035801800213,0.12327604774865898,8115.063012602522,56.63491897061692
3.6792971907081906,3.812414618417484,8.471535708852265,-0.26226836950004906,8117.443488697741,48.327282365012366
3.5996802189655686,1.727638371137098,8.506669500970919,0.22081253390710848,8119.8239647929595,54.123458068976326
3.5383358673941907,0.7953450736019455,8.440091156819125,-0.6272005298637506,8122.204440888178,57.04481364161292
3.204189373210042,0.0015524398262030115,8.039698837595083,-0.3327669335043396,8124.584916983397,62.30305565836153
3.9992647176180594,1.7504051560707647,8.886748330742368,0.37912238807739884,8126.965393078616,50.29974687276506
4.107354751236793,-2.284258850065674,8.737600240740873,-0.8774354257711257,8129.345869173835,48.32411450383016
3.061607809086407,1.1011701087997408,8.648779316670176,0.45158379599738824,8131.726345269055,59.781043280304125
3.2604068534017365,1.069650497229751,9.088402127074344,-1.0059906828528515,8134.106821364274,57.61001573910022
3.484882695465638,-0.6674890816400949,8.248079706947685,-0.8656622894381575,8136.487297459493,58.080096171753134
3.2806751813834243,-0.01237441141300577,8.193479254488649,-0.2494893715279427,8138.867773554712,61.433443638667114
3.723037261737636,2.595318025689613,10.06234123749807,0.1434319214096752,8141.248249649931,48.63389498562778
3.3539773649899396,1.7277069740870596,9.243727010981079,0.6626318015636943,8143.6287257451495,54.98332312839121
4.223187630231604,1.5351297071540735,9.513471945191018,0.028811381579797776,8146.009201840368,48.10646677247546
3.9320475265370547,1.8427765997206846,9.91478538219447,-0.12327680378799494,8148.389677935588,49.064500215110144
3.6398676499346454,1.523005009086706,9.216780519726989,0.2897906239924021,8150.770154030807,53.248375498215594
3.8854041664185575,3.249166035902564,9.62138119010975,-0.43544941023396716,8153.150630126026,46.361779793730506
3.91029161557414,1.5708247647334381,7.115804150404313,0.06970757967320315,8155.531106221245,54.11689893796681
3.410550796860437,-0.8008296418761858,8.901460615601199,-0.59972312897768,8157.911582316464,57.36132859702424
3.3360837790929345,3.8324942489486316,8.516746342551048,0.04129525843770656,8160.292058411683,50.95497463105837
3.605606134690685,1.9436192115264626,10.379307585654994,-0.06491816292470168,8162.672534506902,50.72714151517587
3.8418686706600944,0.5050379593478727,9.631428346577898,-0.40213396072470864,8165.0530106021215,53.555313216482716
3.626310924584309,-0.4903740407836723,8.075497573630434,0.08252031826886957,8167.43348669734,57.6503311409207
3.112709186175209,1.9844100853254067,9.080897502231442,0.0792748265798214,8169.813962792559,56.515955043937645
3.3461764776581324,1.21559119976736,8.877945886059702,0.5877270061695674,8172.194438887778,56.87469135022699
3.5660479859426015,3.753380075729223,9.166757824300522,-0.8028167015313938,8174.574914982997,48.33802918668535
3.5667565520673477,0.8741099012431561,7.695746389941076,-0.0380244538485213,8176.955391078216,57.737053245441714
4.182435628912874,0.13771079939358732,9.076768422350993,-0.38013119985173965,8179.335867173435,52.581085336686556
3.1760936898337198,2.7382877090561717,8.490764335251177,0.4348810290881459,8181.716343268655,55.00938470581305
3.744784295948321,2.7833278546736198,9.00352980565126,0.37695603259606647,8184.096819363874,49.57811128725249
4.041059260906837,1.6491939370208604,7.998859863159342,0.2539399225343105,8186.477295459093,51.550251275454144
4.2769784112126334,2.411564563236226,8.140347473200368,-0.35191662903473153,8188.8577715543115,47.544740092407814
3.475442773974704,1.3413106528399046,9.901418910908733,0.4427352914700477,8191.23824764953,53.99105280973951
3.7454097042567014,1.7494515638076313,7.678196207776535,-0.7650654643716659,8193.618723744748,54.145799144762506
3.770128197277638,3.1469530505912475,7.754156870278919,-0.8676553517963858,8195.99919983997,50.3403564898824
3.659064185428086,2.33825727834032,8.682498148939263,-0.637935499950962,8198.379675935188,51.85809609731562
3.571986035601014,1.1471814064829333,7.964357795432367,-0.016737405163452946,8200.760152030407,56.609621505836
3.733652497000179,3.4304504056560026,7.853388932448606,0.3375822004941469,8203.140628125626,49.77457061118565
2.8444066929282714,-2.1445627135244836,8.845663559642388,-1.4880162370047623,8205.521104220845,58.61484433329904
3.8099223580236306,4.481644307802797,7.23769238488268,0.6613714159398932,8207.901580316064,47.45997178897994
3.644376228780749,-1.1545900705479972,7.736967289854643,0.0655560980892171,8210.282056411283,56.35306405860205
3.5410020894926495,0.46452380185897546,10.80119702030343,-0.7838861737948876,8212.662532506503,54.30887824895622
4.2230252722526185,1.3446014395652306,9.2087490385899,0.05047348514479051,8215.043008601722,49.04117066518113
3.40770881707686,1.1870716757171085,8.004883799221691,0.5462627073392098,8217.423484696941,57.763324575259816
3.490488989338443,2.9172244174118003,9.171836031258113,0.29972050765312946,8219.80396079216,51.025272994875785
4.210100894229952,-0.17833165886966373,9.323125861108466,0.549536531276983,8222.184436887379,51.88867490732353
3.3642399837908066,1.800389143055104,9.752384864971596,-0.6831233146985555,8224.564912982598,53.956529974578395
3.4500476162086873,0.5427366533968014,8.632990105813755,-0.2070026175692023,8226.945389077817,58.093292278117865
3.5721987540709303,1.8535823897395818,9.738820158062108,-0.46234611526176606,8229.325865173036,52.18022375599044
3.8697512599162396,1.3145288871547685,6.7260528800553825,0.858790102522159,8231.706341268255,55.66658838270009
3.68109655582721,1.5519073481052776,7.710368853739743,0.319681421743315,8234.086817363474,55.10590590250951
3.2321934419860323,0.5884334487246223,8.932726594859497,1.4235047944788204,8236.467293458692,59.27227895001094
3.4615560738707014,0.6490418367284483,9.100667564467983,-0.23380476670861372,8238.847769553911,57.0339454705113
3.440226263688994,1.8458638334762454,7.861431212158305,-0.36233710584115236,8241.22824564913,56.071383488559974
3.6004925850961955,2.8313458577428063,9.034813588886465,-0.07141331929757527,8243.60872174435,50.56547429154372
3.7526386554291626,0.5191713705967043,8.153734076362008,0.6891786107112745,8245.989197839568,56.45036121553193
3.751574297950362,0.11425706392994894,8.502796587877672,-0.18305984468767367,8248.369673934787,56.94756807475572
3.0945364124798593,2.338416874304009,9.80671146945502,0.06221879895347212,8250.750150030006,54.68759931021857
3.947749956639699,1.3702892673277602,9.693057781993385,0.04834535144340978,8253.130626125225,50.45269050557293
3.705566390014144,2.6656110251223657,7.789243203685905,0.01974838060109473,8255.511102220444,52.00757651155208
4.046383780503696,0.06198695742696092,7.73123594460305,-0.326199230231239,8257.891578315663,55.87710844549845
3.7655124485897447,-1.2476564212001175,8.379498516273427,-0.06864553395518329,8260.272054410882,54.18751158387161
3.963878976066944,0.6228152697579754,8.766110745487014,-0.09005130067567893,8262.652530506102,53.58276389883899
3.774675174691578,0.27361214027350256,8.137144322547996,-0.003782329837324574,8265.033006601321,56.91285176796163
4.039809154794341,1.305778351835228,9.837871648014808,0.47175840907635413,8267.41348269654,49.660273410034996
3.7938468195824795,0.4695132644458464,9.146806070645702,0.8803140173122462,8269.793958791759,54.75523317625699
3.6090276098545564,2.537126882862959,9.207688992163188,-0.4202173813348534,8272.174434886978,50.97342842576137
4.321363509098426,0.994196668342467,7.537253336325005,-0.19599681239385752,8274.554910982197,51.63772025186891
3.907575492991918,1.6529546523661516,9.97327179526458,-0.4125059492030933,8276.935387077418,49.64710173225241
3.8142193001195137,1.6645158202068757,5.9880017978805355,0.09355076861113634,8279.315863172636,56.3429533517059
3.260436620533581,1.721317935615002,9.644416243840624,-0.2691747287554884,8281.696339267855,55.146587830932916
3.2580679860995643,1.3935131818766235,9.746863331161661,0.11989841687099435,8284.076815363074,55.831378159769436
3.7336075959913786,2.1964296698480186,8.382341837342167,0.5518134552223934,8286.457291458293,52.06655230143567
3.6906823448561434,0.23786795627840296,10.089845302626395,-1.2629158429023042,8288.837767553512,54.74510339651525
3.4640226043666784,3.5312998058936067,8.756030222813074,0.24588994480034546,8291.218243648731,50.32552431611295
3.6917879262629456,1.078189335866749,8.883752799112914,-0.23009352444893946,8293.59871974395,54.44459405156019
4.127315291469213,-0.5335055648105995,9.163043832837344,0.23021113399219448,8295.979195839169,51.90314800696379
3.8605824062646836,1.7167511447540555,12.012284536521445,-0.4482347188751002,8298.359671934388,46.80503608321523
3.3108939159838844,0.15869358893524277,10.172338741700258,0.5981304941534376,8300.740148029607,57.857606587240426
3.6209789799435868,2.434289553820959,9.531231872866643,0.4566403090201421,8303.120624124826,50.64959646659895
3.414177197174118,4.75151979168349,7.919492653718603,0.28417607427132147,8305.501100220044,48.92854396282043
3.5405930340173875,0.2580772019565287,8.97808406359497,0.3966128589050492,8307.881576315263,57.56293662757712
3.5340545309277847,1.937317986913762,8.023567871694373,-0.3728102335860868,8310.262052410482,54.848916977751756
3.51608213167885,-1.1936745120835737,9.66100116987846,-0.30981187734464494,8312.642528505701,54.39565491154258
3.28407212487806,2.1212663351420726,8.981556285014996,0.37621810040873965,8315.02300460092,54.95192273559785
3.623553616191302,0.11266264739830456,7.7187672459803425,-0.383864571384306,8317.40348069614,59.15176358300331
3.4949053679358975,0.5048065116750035,8.926613754956442,0.7228175233290435,8319.78395679136,57.388820144890644
2.7854910444993948,-0.20904596709302536,7.998272577394939,-0.1617955356405158,8322.164432886579,65.19604786017987
4.28145560552721,2.541936171199911,9.0011077736517,0.250947194930311,8324.544908981798,45.89185306730499
3.993433595285002,2.955491668889894,7.993016370781412,1.049624759627545,8326.925385077016,48.67427750932313
3.5551515365524438,1.4804389913410565,8.881784084969599,-0.3531116770340383,8329.305861172235,54.535014101773406
3.674926878128716,0.1495473841341115,9.606969707635605,0.03438087542239139,8331.686337267454,55.81626195318159
3.319024622354515,3.831298505188982,8.80565187749673,0.5270915823186537,8334.066813362673,50.66107894194633
4.180477907402942,0.32222550440780395,8.47002025560038,0.4756386944382657,8336.447289457892,53.04558259635638
4.242188124168168,-1.7943807727336687,9.066390026810767,-0.16390765511967906,8338.827765553111,47.97695803460434
3.7212504600533958,2.137078409321895,9.5625023391563,-0.258365218760927,8341.20824164833,50.54354678753364
3.982542714844898,-0.20683966273607846,7.76034299072143,-0.11656796627252587,8343.588717743549,55.98204463831847
3.7293110894459813,2.934063227425965,9.130389587177742,0.7239288830756819,8345.969193838768,49.13476883510062
3.2769493124461864,0.880271417729182,10.189482052988893,-0.13955292817997328,8348.349669933987,56.299503876624215
3.555662175929684,2.3583759852288146,9.447806628376771,0.039057846241732495,8350.730146029207,51.48705268692533
3.720030173326835,3.5558850420250687,8.934112872525446,-0.21339323546171254,8353.110622124426,47.94887669953448
3.5453304185153334,-0.3588251408388383,9.51830592294488,0.35277428239799336,8355.491098219645,56.46283491536292
3.6173420559176277,0.6063863297601507,9.33327519236604,0.07776251879182818,8357.871574314864,55.54538493970954
3.6567618310718277,1.3426145232307798,9.636590795070148,-0.5017169053791145,8360.252050410083,52.93448285074321
3.661162162308001,3.7632774529966078,6.861269654203969,-0.4844120570174972,8362.632526505302,51.01060458773852
3.7023476263266133,0.47020597587424384,7.3339573404298335,-0.9993027832777535,8365.01300260052,58.20476803905673
3.3697332809347693,0.5668543233123224,9.894455462112125,-0.41566070456280807,8367.39347869574,56.78331475107285
3.4740550319584034,2.1766507811315687,7.386560604632842,0.3969729018160861,8369.773954790959,55.686091884554585
3.30503002699648,0.594427115905124,9.295592514308485,0.661880269006134,8372.154430886178,58.130303222802624
3.9849957557886695,1.6898895516016312,8.544218949981591,0.342779181608592,8374.534906981396,51.07898164971418
3.0612031466737033,-0.8653746453016562,7.902294717472094,0.27731610032034065,8376.915383076615,61.49349613714809
4.040220824730523,4.784257394991858,9.250349706899376,-0.06326302476432479,8379.295859171834,41.84206535432711
4.111295387590596,-0.5579701331896096,9.103950069781892,0.3874572774569935,8381.676335267055,52.058786461628365
3.6059835931599062,0.9817961235178158,11.015476464104719,0.14313911154094214,8384.056811362274,52.174426249769134
2.9169441979161044,1.4165353290797205,8.282540483045079,0.9022244859935623,8386.437287457493,60.69929736940425
3.5907400648503605,4.335121023828892,10.349680312852371,-0.04922265708837423,8388.817763552712,44.91175645234633
3.681126248396809,-0.5203476735434738,9.264212241999346,0.6715040418680656,8391.19823964793,55.35380246596783
3.398450648314339,4.443309612746802,8.252987210533755,0.43705704090893005,8393.57871574315,49.32463996581765
3.548313567826752,2.60435128896585,9.715475943684757,0.3677216431020794,8395.959191838368,50.529399319444224
4.163186971471094,2.095061927842928,9.484189014342109,-1.00574566273091,8398.339667933587,47.23056588711076
3.904856240512128,-0.006698469312529376,8.956515458096458,0.4645947807738554,8400.720144028806,55.30963071547696
3.429258891684344,2.32779728038896,9.189189802658888,-0.06375398945457666,8403.100620124025,52.96265096156451
3.2285987634619664,0.3866890759306971,8.328130327782194,-0.22196324721744587,8405.481096219244,60.71229171080424
3.6110240615671385,3.372744717697665,8.101553775812283,-0.7414565205889566,8407.861572314463,50.527615049500305
3.6463433197210646,0.016993858689197783,9.689007246758043,-0.002793566984091557,8410.242048409682,56.25325792537143
3.86049156057797,1.3046834612285243,8.70785045012046,0.016775798409121304,8412.6225245049,52.79258318712424
3.5522885956081103,0.6423461075658481,8.853932307312522,-0.6515009609074023,8415.003000600122,56.69492750525171
3.8675856411630507,-0.005193931270830454,9.216062962263374,-0.736640086446846,8417.38347669534,55.22223559912346
4.295934493915297,2.58890524662669,9.203756401489994,0.2433097400640556,8419.76395279056,45.35462632987591
3.961291456139896,2.2809488873855286,7.51136890574881,0.4358525655306885,8422.144428885778,51.34024277379379
3.7034678188834276,3.2921115457399353,10.22917541282403,0.09514145496121088,8424.524904980997,46.7982154653467
3.6642028056093645,-1.1903806976953493,9.066334057545749,0.5754173248421814,8426.905381076216,54.110924724568086
3.613399936680738,3.076523971468032,8.744727851728427,-0.0431924921757493,8429.285857171435,50.28439880029138
4.075848434846342,5.239277465442473,9.380456958255433,-0.027175637200101185,8431.666333266654,40.22433342023994
3.534716765667959,0.8044788992034794,9.188383614865263,-0.4585140143703952,8434.046809361873,55.928493204349735
3.7377326046626482,4.325500112805224,9.72113520853442,-0.7801209887768586,8436.427285457092,44.70268606788412
3.7407805092029354,1.088872184336,9.49428791861958,0.9273310669297924,8438.80776155231,53.11014358760715
3.5761415816377595,-0.5741633800211474,9.676382832518435,0.5656495251248732,8441.18823764753,55.4408846480674
3.31619323012525,1.0268399327167934,10.311763495932814,-0.6962562835692392,8443.568713742749,55.4357090833068
3.8260816547516945,3.0584321539571766,9.846627755489006,0.07787595391564023,8445.949189837967,46.97532474385999
3.712144875452347,0.2296993211753442,8.804751232131814,-0.05002315555183333,8448.329665933188,56.521465845245146
3.8817753253491514,0.5872941345023899,7.844571171955488,-0.1369962365815216,8450.710142028407,55.71070530301758
3.5728805642623023,2.378949585902488,10.637505766238386,-0.20450892390746972,8453.090618123626,49.513322871787786
4.10046487168049,1.4940691631322434,8.734220594717911,0.19063457348398943,8455.471094218845,50.3597772266486
3.472444527682199,2.3672522034272796,8.50107331916526,0.4090877627357372,8457.851570314064,53.55070329122631
4.250347281426949,1.847901108618558,7.239691308851706,0.20119558451410272,8460.232046409283,50.51793201376046
3.2137031316155844,2.2114340357034012,9.317129255648222,-0.06025918718959686,8462.612522504502,54.78609597434449
3.869684346440264,0.8443837726678196,9.129781407639452,-0.07861335844556,8464.99299859972,53.236893685349166
3.88314212850697,1.8412716955449109,7.468019150415378,0.4684071584613333,8467.37347469494,53.1296550074589
3.5031057542091575,0.10345574118371426,9.438648041406815,0.23172246905803115,8469.753950790158,57.55854255125723
3.870351360958817,3.4280058868220915,8.489422620810585,0.03634473151771659,8472.134426885377,47.73304046405836
4.128149439704305,0.5447838172915339,11.680170720668706,-0.01795064880005391,8474.514902980596,48.09258885813367
3.080509200312434,3.190307799403186,8.422736322786736,0.17263525480614442,8476.895379075815,54.74605241481246
3.8976396618749476,1.1474670382775038,8.559146613807012,-0.23417434427972472,8479.275855171036,53.111495188596145
3.0000966952043813,1.8017171436715846,8.121806782507239,0.4107694086541052,8481.656331266255,59.31222340542513
3.4596405760887965,0.7571131850944548,10.276703218189988,-0.5379292809189333,8484.036807361474,55.0150376012685
4.239352356625048,-0.023591515315533718,8.628295222699272,-0.20572825488324092,8486.417283456693,53.08375952466187
3.5773306213128073,-1.1158970938543362,8.278401813044145,0.305553047723012,8488.797759551911,56.174009575295486
3.400964380350043,-0.08090065810686609,9.712516556005404,-0.5664414066771366,8491.17823564713,58.021258477924384
3.695010543486294,1.0170646282972498,7.627454819576501,-0.7865042713247502,8493.55871174235,56.45607185200177
4.37602761030638,1.8215892408148693,9.635165139773063,0.03153883771462005,8495.939187837568,45.98505830585219
3.2074152355377756,3.020182243057951,10.793701778289005,-0.8482290772232354,8498.319663932787,50.59966984061941
3.4427914912167017,0.8368201201103969,9.581157992316875,-0.6494017770259307,8500.700140028006,55.99388078151508
4.208678878837967,0.1833584361886249,9.654697203164954,0.37829705925321605,8503.080616123225,51.39012707407728
4.318025340287624,-0.6569290875198655,9.889108460865359,-0.10239262880286788,8505.461092218444,48.979811867601306
3.730950887448099,2.2280822633462787,10.731006259315846,0.6427434748544927,8507.841568313663,48.48567785307574
3.3915304156527224,3.5836225906011583,10.233442806971487,-0.6024071704687275,8510.222044408882,48.5585359878181
4.393265602795648,3.409170436769699,9.465469815167069,-0.0469761828161422,8512.602520504102,42.13274436295997
4.244111949786495,2.5754186103953467,9.93194336910131,0.19979227660387966,8514.982996599321,44.71064282206771
3.9707303627658943,2.4691791535262144,8.144369548201066,-0.5852574650644544,8517.36347269454,49.84465489175571
3.5245929500981408,4.058644772750256,9.808851199243975,0.5158809522498123,8519.743948789759,46.94336766847327
3.7548725950367494,2.011176456983989,8.029255401772982,0.2553394415830194,8522.124424884978,52.88919499458656
3.722741469650157,2.483094176678662,8.670043348414785,-0.804643543343717,8524.504900980197,51.00526777847991
3.871373336190379,1.0335695037591384,5.95675861562246,-0.018870898104300253,8526.885377075416,57.509951627645435
4.2086871812538575,-0.5274738897391655,9.443006103482052,0.19297836812931637,8529.265853170635,50.84730867039815
4.038481021331081,0.4906639219105424,8.399960715984733,-0.29502833676402873,8531.646329265854,53.8655509505979
3.452712599236489,1.5035450570859614,10.157234854905647,-0.7399324527544069,8534.026805361073,53.383584281034715
4.190144224846486,1.6093082519790376,9.43853979254429,0.13922939472370513,8536.407281456291,48.29776588246408
3.872405153519933,4.408405789960414,10.174701248507823,1.1056214751412807,8538.78775755151,42.737692424177766
3.9858558261156745,1.6417398096252693,7.969267610630572,-0.19349204957884522,8541.16823364673,52.05490245106557
4.220969275150248,3.2889365109495765,10.093509623589263,0.7846205906423543,8543.54870974195,42.86964008604018
3.44880422668792,0.8689030053301828,11.163239991549078,-0.37614441088073414,8545.929185837169,53.49244868584756
3.7728022662720173,1.0548527979414533,9.823802637503373,0.10777281750497587,8548.309661932388,52.44474591871517
3.6253855669848156,-0.47029683424011903,9.852254666279098,0.38576126543805966,8550.690138027607,55.04279137910253
3.3157364514582195,0.41057083339704636,9.23376528362668,-0.004206832985682507,8553.070614122826,58.59703337940161
3.8913799731912615,2.315383406985487,8.541761405940921,-0.14886782444061558,8555.451090218045,50.26785958809481
4.542107000393694,1.5371002938701108,9.829885768111938,0.36306376067518686,8557.831566313263,45.07556461000726
3.2378901207418744,2.9410168925749174,7.56487432354211,0.9457275576346104,8560.212042408482,55.39702531731455
3.7815030241206453,1.7993390608078996,8.655466577186715,0.15029346231956564,8562.592518503701,52.266428289235016
3.984624205466457,0.9996269525060706,7.3044299975633065,-0.2580300882651737,8564.97299459892,54.66729397865821
3.8306592571160705,4.751602493426583,8.374096150007968,-0.0948757786298415,8567.35347069414,44.91457548449303
3.761072206706338,1.3891517285711357,9.722063976268778,1.2598538228226872,8569.733946789358,51.85544706051829
3.4065208934358084,3.2753586562043266,9.587679247277451,0.06745355816906391,8572.114422884577,50.17791734108654
3.8673973595267532,0.9298937479461196,9.135467182903835,-0.2972068492889864,8574.494898979796,53.032885979564924
3.5718080318817282,2.596957369066354,9.257222727371355,-0.57253395824127,8576.875375075017,51.047308231223255
3.1431369560013938,2.9254324670575036,7.203225991015719,-0.9129505470563029,8579.255851170235,56.73648419782151
4.159767730324185,1.8469979986434146,8.718797833509202,0.181792136923095,8581.636327265454,49.02616641053419
4.090182760964438,-1.9966130407036866,8.4122786424747,0.3273209964122518,8584.016803360673,49.66858734681323
3.8194426130755597,1.56334157129766,8.436841322854768,-0.19834808998260342,8586.397279455892,52.88084318286923
3.8739443856570097,3.382504724436829,9.697751035272063,-0.007485209015477047,8588.777755551111,46.005556550743755
4.128795396351684,2.3288879112329393,8.239937104671608,-0.5852308546443119,8591.15823164633,48.78751139409677
3.8750802570788085,2.2072772195407926,8.498036234397716,0.06646423241375053,8593.538707741549,50.73411054292097
4.0802623481488,-1.0440140131226752,7.017921121793426,0.24074766028356226,8595.919183836768,54.22098449931278
3.721091497299924,0.4595414990287976,8.813141099734192,-0.2675821335838189,8598.299659931987,55.86270262442733
4.205210709142589,2.1581135051074285,8.021701274633767,0.8452263347929198,8600.680136027206,48.93047865214007
3.9091310895251885,2.157505163010594,9.191016922903659,-0.4185531633734558,8603.060612122425,49.54666299191652
3.8723910931687766,3.364783843590697,8.162981748967784,0.14173830200949117,8605.441088217643,48.36443902222137
3.4344376759816893,1.3263372023443911,9.220908472385304,0.42415860985230275,8607.821564312864,55.37729287770755
3.902823605560748,2.1532273628575447,8.973957526849187,-0.03864475007469127,8610.202040408083,49.93340645809638
3.568431574863488,1.569906729638156,10.792962751018894,-0.09423840944724571,8612.582516503302,51.33833645046836
3.6278147871615163,0.06578563199437415,9.620417278444418,-0.7144330752248311,8614.962992598521,56.382391705055305
3.575968825800121,-1.8366326537788162,7.285840375073177,0.6786707478581417,8617.34346869374,55.871907196542224
3.5019932980667363,2.1944237232861177,7.862868982806631,-0.08494660083379794,8619.723944788959,54.703690833040866
4.46057781604979,1.8096850760490186,9.185246044805137,0.26868271246741243,8622.104420884178,46.01329571427143
4.223831085416075,0.6223570147294493,8.202470925953223,0.3363602439300704,8624.484896979397,52.34975239091794
4.401822943304336,-0.8782844563330923,6.1662319122726945,-0.31414924600887656,8626.865373074615,53.340357444323544
3.460127866802544,2.4959401867259157,10.486428754134566,-0.09876430214560745,8629.245849169834,50.349483467563005
3.8496565318172897,1.1533068266026865,9.859389184628114,0.6672411753717519,8631.626325265053,51.5303969020128
3.441512507624254,2.3883552803425405,9.662425398265963,-0.5585988328702225,8634.006801360272,52.003373640750674
3.622141074534477,4.3499724874133685,8.536409465984367,1.0639590373786283,8636.387277455491,47.34332598621421
3.55669653934339,-1.6573898975673158,9.573693898775907,-0.372436392638137,8638.76775355071,53.042412093170725
4.20529528714225,0.5062121770863084,8.443942049485397,-0.5897587283202559,8641.14822964593,52.426194185918135
3.715836986787324,1.2424071735106983,9.355445549493872,0.0661545103442673,8643.52870574115,53.134117847683854
4.15650584950078,3.7395672941483595,8.232291528639212,1.1041741321699354,8645.909181836369,45.05059767566404
4.018514829610507,-0.8964188203204264,10.671450339860817,-0.9554829677961025,8648.289657931587,49.603658802523654
4.529657055873416,4.462835158682227,7.587212999681675,-0.07050785924484608,8650.670134026806,41.22483615678459
3.3960193849747435,1.7636856202938762,10.392021877362673,0.23813250862827784,8653.050610122025,52.83459805342335
4.218910199694034,1.4167591592378752,9.200942899587098,0.016824979267765678,8655.431086217244,48.9054061549724
4.186360418886198,1.264529127015627,8.674849729575307,0.19096083500150476,8657.811562312463,50.335519237008384
3.551702790532509,0.9080830796903696,9.333609929590173,-0.35901654108613706,8660.192038407682,55.315755082128746
4.147145081223858,3.135511859091672,9.902245927679354,-0.2998609229656905,8662.572514502901,44.13069081096092
3.9471375616977222,-0.03858508259708926,10.537936199431915,-0.07421132357959989,8664.95299059812,52.51953250077763
3.779340541478427,2.08317688544208,9.486624657736998,-0.5649440439513755,8667.333466693339,50.32739646796189
3.6016924742140977,0.9896429149766683,8.285078350836741,-0.022343200720094773,8669.713942788558,56.284735392590434
3.6344303398788433,0.42357527743791934,9.233697990989965,-0.1943726468357507,8672.094418883778,56.01507210088951
4.46639721322393,5.446598486517946,10.99715516464131,-0.2350225925774343,8674.474894978997,34.156593330951736
3.8529491935166034,2.197072334016429,10.530334703875928,0.1602532062993189,8676.855371074216,47.88822356101221
4.088674465796655,2.4892552938831933,10.093715416501633,-0.9103297465996519,8679.235847169435,45.92689291416633
3.6180571225114617,3.2768831290108116,9.982934908143235,-0.11454505169157682,8681.616323264654,47.88893283516642
3.6226628789863993,-0.5609457427425601,9.88899455790057,1.1586768828074305,8683.996799359873,54.78284077440155
4.18250638563569,4.200378492256853,10.350596510706684,-0.5430548431628125,8686.377275455092,40.51310791821232
3.4543306135697156,-2.1906334497191637,8.737510729007294,0.6427502482422067,8688.75775155031,53.78250537363343
3.7359322350047144,0.4205146285264165,7.841351917116187,0.027328060456349376,8691.13822764553,57.299227672971966
3.871997831205739,0.8859788954876956,9.26774058141985,-0.3014789044407091,8693.518703740749,52.90745923950507
3.896494985110512,2.447973850494756,8.383455221326301,-0.6603208297649032,8695.899179835968,50.13292266088956
3.8106491698947274,1.904328836145281,8.148316409777614,0.06984098264261605,8698.279655931186,52.53150993581255
3.9844173947360817,1.3268921958906135,8.485359575247276,0.7266985529073382,8700.660132026405,52.0793909895139
4.074822846327032,1.559981396112873,11.69325369267891,-0.1946055725983819,8703.040608121624,45.9615832000832
4.088652396560523,0.11180621999796392,9.346366648160688,-0.040480712368386754,8705.421084216845,52.991715305279875
3.573815357830065,-0.6661442581059844,9.574452726015055,0.505185425095166,8707.801560312064,55.38243740307193
3.785605692726114,2.670335581573926,7.992485587848641,0.17043539567314042,8710.182036407283,51.05058712248331
4.230577156508828,2.6219913674347755,7.373399570888698,-0.7861378898622893,8712.562512502502,48.540304973009384
4.141838884225555,3.9590380480378498,8.400404651020558,0.04944360792759182,8714.94298859772,44.3670868295701
3.4628836766833713,0.3981353628623152,10.659958273435755,0.7561174553327992,8717.32346469294,55.31165476922361
3.9814826205743024,2.6232485824304783,9.558344178020773,-0.01847059323374916,8719.703940788158,47.25250131229822
3.2838685681638022,1.1593306694370658,9.824970456735494,-1.3707447147386884,8722.084416883377,56.093269095993676
3.8927144602686115,3.371468470890557,9.967248687469619,0.1941074957955365,8724.464892978596,45.478740109420286
4.449262295515202,3.1195656253448183,8.639641181075337,-0.09922821977201798,8726.845369073815,43.64752580090333
3.5968629303182738,1.9043012625026647,10.621264687082647,-0.9145472069606084,8729.225845169034,50.532446370573176
3.6322327410257085,1.0790578681164755,8.602800675752366,-0.8396040450268921,8731.606321264253,55.34029238787459
4.113037852485907,3.030617546588425,10.644150435731973,0.4875535716444044,8733.986797359472,43.55292766004372
3.4222880809586735,2.56044247523256,9.682530663729239,-0.36619137279754,8736.36727345469,51.696793168655354
3.6966019982302267,0.5642917350012187,7.453494414101658,-0.45374819036799596,8738.747749549912,57.836213055502654
4.066661174311088,-0.39987878819477163,8.49684177213113,-0.017819280465834367,8741.12822564513,53.72175097682767
3.6987437587372165,1.159886991006664,7.4622250458728505,-0.3221014991599694,8743.50870174035,56.31699488377633
3.8195395510548744,3.8666744211677573,10.412758661182059,0.05002431388887258,8745.889177835568,44.15785954686852
4.114887648653457,3.3141520284721886,9.227054686857949,-0.10136001471833518,8748.269653930787,44.95493670930495
4.019397503127348,-0.07320208579495135,7.025761876612672,-0.5999977900468215,8750.650130026006,57.123171945574825
3.9742812936290863,-0.15547894068957135,9.63216603681382,-0.25559889928069235,8753.030606121225,53.36880324402265
3.7938015418001916,3.5090512582400315,8.721570360867153,0.22137666065455225,8755.411082216444,47.79460397869766
4.00785936516928,-0.10555983674434732,7.777244866013066,0.02095902011931277,8757.791558311663,56.00735818776529
3.8610243857327102,2.3627057786381034,10.941333285435608,-0.04097124119591568,8760.172034406882,46.793040539389644
4.036789386081068,0.6755249790644031,9.372970671613615,0.9686921205896922,8762.5525105021,51.957416456270025
3.7516719630752875,4.026068433856311,8.974571389883454,0.3655187626927678,8764.93298659732,46.45959612593174
3.84728509997082,0.44573332948296973,8.870896627520086,0.42622063241067126,8767.313462692538,54.80104093524589
3.606373030359732,3.317282540725633,7.75936118528727,-0.08298420389746242,8769.69393878776,51.21676762737715
3.894163015130771,1.8803981798456415,7.970411630429476,0.11007259517563749,8772.074414882978,52.19008298369551
3.662670323217947,1.9822726695558304,10.562197820086816,-0.2155499947628464,8774.454890978197,49.89965901023663
3.5730622855986125,-1.3506120582622945,8.805719300253767,0.3887748827620641,8776.835367073416,54.83039261917472
3.9861805575110907,-1.6986485543722618,9.303991635433707,-0.05519995204952173,8779.215843168635,49.90794670083006
3.9737104925856874,1.2757434628179554,7.239915852382729,0.11118887446527825,8781.596319263854,54.161083623695525
4.146057381153529,1.9778226022375558,7.968477316504863,0.08030565107758407,8783.976795359073,49.934268470420584
3.783164644803649,-0.07946186448913273,9.898705525521292,-0.009083440702727253,8786.357271454292,54.687969892066036
4.036225578901078,-0.023833632481145894,9.668929048736146,1.469094033577885,8788.73774754951,53.14721771448429
4.080356759872676,2.452287270199584,11.046917399952008,-0.33330963874736125,8791.11822364473,44.65605164559162
4.049857748047232,2.4552321244841986,10.6388240750939,-0.33785576507934617,8793.498699739948,45.50482159177079
3.6700379725309427,1.405211127665833,9.067482942842439,0.34704837340587846,8795.879175835167,53.52544398632422
3.963851947893425,2.782997850587158,9.773474281534726,-0.2975844995375896,8798.259651930386,46.67147836808261
4.029594172035603,-0.1477353881007506,8.986244705042179,-0.1457031806744466,8800.640128025605,53.914541095900034
3.923815157465376,1.0805387026315398,11.359986027337303,-0.543205476677809,8803.020604120826,48.868152942692184
3.297028208222109,4.087130745831132,10.456519595134061,0.24577895970129346,8805.401080216045,47.72116807694421
3.9724286354325713,1.7186710270700776,9.479519309952021,0.2521286222420758,8807.781556311264,49.7046143839362
4.589351656733445,1.8065303351566808,9.512558953612835,-0.15759602996172226,8810.162032406482,44.50002247782149
3.8188915151275755,5.076855409454723,10.759345035268112,0.35740834424003626,8812.542508501701,40.61771180244042
3.7097914714051248,-0.48020351493200875,9.896403804023574,-0.9290625068667958,8814.92298459692,54.27655373539362
4.0415308278488435,2.814329723253448,10.87778581251084,-0.3534267007571718,8817.30346069214,44.31525035030937
4.02455173641575,4.116538268562669,7.127842337342512,-0.0849895931054653,8819.683936787358,46.82047693125355
4.289971190407712,1.1341468707740394,9.785051622890421,-0.5861412484514764,8822.064412882577,48.16728586546757
3.556102915683782,2.9117550885865677,8.810722224130078,-0.874356518709361,8824.444888977796,51.05570561686821
4.154190514069258,0.15015504638148358,11.084869433488901,-0.15394798251922354,8826.825365073015,49.76378412125888
4.113216486679166,0.5939613188514572,10.877225119729788,0.34701004353037096,8829.205841168234,49.29352712984334
3.8947596913951807,2.2023853923896812,9.36599785794992,0.6410541957132561,8831.586317263453,49.28696220093947
4.040323986194124,2.823661870210963,10.871129273597905,-0.27364394160268646,8833.966793358673,44.31155952452274
4.248869527804047,3.308092957492395,11.120949690347242,0.3666079188107968,8836.347269453892,41.05738684831578
4.20304174400665,3.982007633741316,9.414579347478352,0.3182710190378338,8838.727745549111,42.298777942375985
3.599756537216224,1.5272717160594553,11.814444582811134,0.6093040871672483,8841.10822164433,49.66210153790487
4.190025341871868,3.419736223322364,9.31350842216623,-0.1750955151770008,8843.488697739549,43.96019407346979
3.9258872135090006,1.116738598172114,9.132668018586324,-0.8992502475923371,8845.869173834768,52.10205376861822
3.9684722877635963,2.9842103396216966,10.215401581222462,0.03509292621137231,8848.249649929987,45.468593477003296
3.9698857731662884,1.9431843140221259,8.998078914841294,-0.5068968704848615,8850.630126025206,49.88583465735243
3.904170750899792,2.3013459589823992,9.439550704753596,-0.3617525545310038,8853.010602120425,48.85394303821528
4.308073222511532,2.2689691266193313,10.76598726561431,-0.1506095720265912,8855.391078215644,43.71401050493795
3.926763265431444,-0.7724717457725794,9.378114236014973,-0.16946381567457144,8857.771554310862,52.58754315809453
3.617332849044706,-0.050718329918055804,7.6662207626863035,0.07077963344789721,8860.152030406081,59.43521023881776
3.8364561191088384,1.7901555436594547,9.73090174500432,0.35157815820980876,8862.5325065013,50.23660957047417
4.0094422334496524,-0.8936960738574131,8.669633209225845,-0.1838677916379832,8864.91298259652,52.68577213392048
4.325917350369032,2.8849185981862444,10.233543006325508,0.19784875330400234,8867.29345869174,42.83005019209387
4.139400771404624,2.946315526712196,10.066807255239533,0.007408004965252691,8869.673934786959,44.41879412912322
3.704631587302572,2.130617276601142,10.84436420759174,0.46774719793922265,8872.054410882178,48.76985779868896
4.706669305103715,-0.040959465736851275,10.28284310985945,-0.09429592555315831,8874.434886977397,46.819982230038974
4.041865436733457,3.7118303039294807,10.467902671995954,-0.039463337887277836,8876.815363072616,42.683646738314714
4.346370932346435,4.698318433542024,8.71090983710092,-0.18720022399945338,8879.195839167834,40.41687170172208
3.9195606025468823,1.8639985295823285,10.18634193165948,-0.08112426997924772,8881.576315263053,48.7040059581799
4.126404281871659,2.410067406650204,11.353156193289223,-0.3917440641729371,8883.956791358272,43.93386293846738
4.21955898982217,1.947753607838499,8.698405093081721,-0.4412986430717567,8886.337267453491,48.32653642220381
4.334499136166204,2.441580931924817,11.189144020864745,0.3878826926413625,8888.71774354871,42.43633854956121
4.287573852593326,1.467570772380311,8.842406994985083,-0.5416008415923007,8891.098219643929,48.766871755824994
4.233345453508333,1.5959445425585885,8.542137827814809,-0.1595590448489517,8893.478695739148,49.33016827381465
3.878483680801443,3.007249534185832,9.692662132527595,0.5076713931354981,8895.859171834367,46.91501351933249
3.8028095884127464,5.167991843511038,10.114725351239148,-0.17635039750180356,8898.239647929588,41.48545565706171
4.075439709103365,-0.449668547598538,10.312918934649787,0.41437022684278746,8900.620124024807,50.80293255620206
4.256920286881619,1.495602516848415,8.441760895101106,-0.29552286036342085,8903.000600120025,49.54299007017435
3.911490418286161,-0.11848630883536093,9.84041854795499,-0.525581803175097,8905.381076215244,53.65123305968983
4.299183335739957,4.041125178547886,8.722679643673189,-0.7974129274504104,8907.761552310463,42.419700902200844
4.416742241344645,0.7723645244860133,7.921668353171719,0.6563620346363307,8910.142028405682,50.852648228270226
3.707386767816568,-0.5099458283196285,8.484211317424716,-0.5684355908172077,8912.522504500901,56.33972431053131
3.7325330124061655,2.6130199806362264,8.664404920346492,0.3735932950625466,8914.90298059612,50.61057856864038
3.9428232400465566,4.2730905105934385,9.93925872962923,-0.49997351339669116,8917.283456691339,42.8657997087001
4.078546446514676,2.6529052335464223,10.57223614494941,0.6586919589699106,8919.663932786558,44.88101112659242
3.830219784434215,1.9655900749657627,7.949175394239098,1.1033913623075502,8922.044408881777,52.52050344575323
4.394578288897539,2.272989707655588,9.776703270185648,-0.8432650298451684,8924.424884976996,44.49584451440225
4.117465494532649,3.782424618289741,8.250404811699518,-0.5423782170794069,8926.805361072215,45.228607280465184
4.0034078555557056,0.3497502557010974,10.05854983760686,0.38656593190161237,8929.185837167433,52.01053675989132
3.562129543095949,1.494164277374869,8.809095908341154,0.25652146168290746,8931.566313262654,54.5539090992835
3.5994866686679305,0.9837857196331551,8.382860161703269,0.3884609273800958,8933.946789357873,56.170352109018765
4.079863556187053,-0.08809077353589156,10.236217015085371,-0.28687777520218805,8936.327265453092,51.78653909403579
3.3571118149290404,1.1720307793917903,8.851993843933556,0.9937670805116837,8938.70774154831,56.93503776618787
4.302011801508345,3.327062029717089,9.125317077296412,0.059024733344887184,8941.08821764353,43.5782748976959
3.952104855309713,2.516270561670028,7.223657149992795,-0.6084812884217599,8943.468693738749,51.25699902835803
4.973809683672766,2.633720278691865,10.39256343750231,-0.12657425002147246,8945.849169833968,38.03637667763475
4.69458780631877,1.8878553715692683,10.269287065407216,-0.6017834481144163,8948.229645929187,42.31972852241584
3.9491097028659246,2.4540152898530025,9.4562034863083,0.7954706792770526,8950.610122024405,48.08777892297765
3.9729751695536804,0.46903200001989176,7.925532428089707,-0.3301656314000582,8952.990598119624,55.15532000138627
4.3048829253532315,1.2065408185442374,10.664850904828313,0.2462417423723111,8955.371074214843,46.547308193571084
4.518492809134234,1.9597003728922302,8.791587326810449,-0.2353365724910901,8957.751550310062,45.76542560447989
3.5174652181008703,2.0888564118772854,9.006866879377945,-0.3076936548812566,8960.132026405281,53.127836906432904
3.4742945590647745,2.1537532481635964,11.774634631774962,-0.9551270906405254,8962.5125025005,49.15930845941037
3.824930374511025,1.4668576210936595,8.761325006872706,0.29908730149528356,8964.89297859572,52.59142544086859
4.187696062802309,1.109114756871272,10.209542918604544,0.649590626314592,8967.27345469094,48.41133022749653
4.163271190841892,6.412796333692856,10.031797353086372,-0.45798379068257583,8969.653930786159,35.61414360940317
4.336475230190882,3.03721010519575,9.862250048339156,-0.7726145574993356,8972.034406881377,42.921797822974824
3.6569695693589024,2.2976404325079303,9.756451792098503,0.40165802136891454,8974.414882976596,50.3654646757112
3.323371057317252,1.3289967301623526,9.853213835147717,-0.8231206745531255,8976.795359071815,55.31071896333452
4.276954217304631,1.002871732060177,9.751140517543185,0.6097664679741294,8979.175835167034,48.650476155097735
3.7724271734971424,1.4843898130007085,9.429656850800317,-0.4521975614773102,8981.556311262253,51.96512280332061
3.416676146909499,2.1207249361974188,10.995234246290458,-0.5516463714123132,8983.936787357472,50.87192711479477
4.067078435019935,-1.1382804419398753,8.17366710361338,0.12423121056564576,8986.31726345269,52.357170759570764
4.262849176870406,-0.6708200794588233,10.510162940290583,-0.5190696425057187,8988.69773954791,48.45491197595382
3.989616844107755,0.7288324057543225,10.313424936454908,-0.35355554064660466,8991.078215643129,50.79084682806979
3.8902173353953793,1.99575705600127,10.191860190218513,0.1769909663355033,8993.458691738348,48.60107839150602
3.9811014032789958,1.3270303278874014,10.612819557280604,-1.214556168583323,8995.839167833568,48.914383618128625
3.919073820041825,3.9040142716572666,9.405620424753046,0.8212096229641611,8998.219643928787,44.778943123392665
3.6271734451859547,-0.5358701279816498,7.631626064205133,0.021820066232868973,9000.600120024006,58.19549802225054
3.818522659843473,0.5615997042220129,9.430688429957698,-0.646483006201764,9002.980596119225,53.90178681576064
4.1906504727839975,3.969648612339887,8.514168451317406,-0.5086226846434208,9005.361072214444,43.77942200990219
4.132110056198705,1.8870833162032237,8.775885667983278,0.4958231891304011,9007.741548309663,49.06158275792738
4.087364782248356,3.018561767840611,8.267708042537917,0.3005264675370517,9010.122024404882,47.353115258604745
3.739742996741504,4.76906210910254,9.035166326085086,0.6933903286426056,9012.5025005001,44.60665126418399
3.9851776476626775,0.6523791040161848,8.918271588333667,-0.34137142240211743,9014.88297659532,53.11022367615762
3.387850491543034,1.5450084969625455,7.139710179807814,0.14829191857540142,9017.263452690539,58.325109555537644
4.095854767980672,1.2862341611470631,10.219887278064611,0.2132839558918388,9019.643928785757,48.68774553619005
4.4723111986649435,-1.2361202491776648,11.742373211464212,0.3476337501261184,9022.024404880976,43.51764997053997
3.602756718380711,1.231069033028275,10.130675163262232,0.5636405617160347,9024.404880976195,52.90426092549028
3.8705608818371386,3.0191527369593083,9.323901259167933,-0.3586319529221736,9026.785357071414,47.50177921415272
4.146414397451281,2.509339221943856,9.474466695591769,-0.05708513388024037,9029.165833166635,46.34363672214246
4.424878688338914,2.6279753527557945,9.110615728450236,-0.30507487279007256,9031.546309261854,44.365108518723844
3.9159024014597046,1.136983053273917,9.624032315155402,-0.026305936678187827,9033.926785357073,51.39427468240447
3.844038930075713,0.7169968318951926,9.499372401669845,0.3492163910314876,9036.307261452292,53.20613787715155
3.462381682803042,3.6059225915331754,8.697722459429023,-0.8270177501303512,9038.68773754751,50.2395563695992
4.085435015159336,0.956959998041432,11.224050302488994,0.5546857847296427,9041.06821364273,48.088044429888235
4.668371693415718,2.144955645771551,8.056399331174841,-0.5695910621318748,9043.448689737948,45.206038341483115
4.14030207913434,1.9497317147129323,10.264277393051913,-0.15368515984861572,9045.829165833167,46.60683799056508
4.051756860128818,3.898202560308299,9.447141135142791,0.6219709624830623,9048.209641928386,43.669727015484526
4.156411614619675,3.1636431507682587,11.45156411975833,0.16400485899170264,9050.590118023605,41.662253026484464
4.057806041877298,-0.23546550229276186,9.893991075802674,0.16976497413182992,9052.970594118824,52.107901295545695
3.8185764072227926,-0.07300927089533893,9.195615740862674,-0.5903130226475554,9055.351070214043,55.4754419536853
4.3108121236097485,2.5775834930413257,9.310209510732502,-0.5220429679119204,9057.731546309262,45.10423001241995
4.1329043900122215,1.61361081765038,9.60021946443744,0.47062819833445946,9060.112022404483,48.50240863912012
4.0718080469977025,1.028258371681091,8.419918765301563,-0.29457177274219487,9062.492498499701,52.22501154686331
3.775262755739693,3.2353568686071514,8.798237255189942,-0.24745593664992466,9064.87297459492,48.512149899779665
4.46027379017581,1.9940033468636216,7.78256076075549,0.48197562552735584,9067.25345069014,47.65896017030123
4.2699814350341825,1.7923998212903327,8.646926410842351,-0.5249567726847637,9069.633926785358,48.38875935023719
3.9060439152295796,2.8843564054257547,9.666208999775597,0.134617566443129,9072.014402880577,47.041444164935584
4.373817531716524,1.1528498913259484,9.874877405927975,0.021453663083845716,9074.394878975796,47.315018909060974
3.9253490874352055,4.069192037509342,7.5977731298049624,-0.001342862931621114,9076.775355071015,47.02756751203756
3.8413699087029336,0.5352425361213178,9.44229221954468,-0.2592178159387519,9079.155831166234,53.76749606075622
3.8494109928842883,2.703608218265382,10.14531560082813,-0.2899275907316642,9081.536307261453,47.22771811002004
3.5473526880407302,3.8698647606345387,9.421395813676488,-0.5391820818974327,9083.916783356672,47.81442287357308
4.221487648098053,-0.3459266112597552,8.952922347951251,0.24133251302065328,9086.29725945189,51.933898765139304
3.532033504643174,1.2059152149844456,9.176953464986772,-0.33407459575836806,9088.67773554711,54.96351372791334
3.71419620710369,3.4351306603172826,9.0507555009933,0.48437231058362573,9091.058211642328,48.12247044088733
3.461405696265252,3.4585882209224126,8.957193172427608,-0.11227752079532645,9093.43868773755,50.22649411893054
4.059614287823589,1.4663800631915456,9.770152761975261,-0.5292252447105189,9095.819163832768,49.20190639646954
4.041692508417993,0.6225191238177472,11.906423599290214,-0.11890694107421033,9098.199639927987,48.25052672417637
3.990133587548996,3.159332034499413,8.857442219103536,-0.20542859956823722,9100.580116023206,46.894437884704196
3.7767233022757347,3.501654727657012,9.285406897430853,0.5045517058640263,9102.960592118425,47.103966416505315
3.73918099798457,-0.019760940091550605,9.554259614430212,-0.18450009462576614,9105.341068213644,55.70576024424925
4.231516950584842,-0.07773314576899049,8.92101177278992,-0.1381051906001629,9107.721544308863,52.57201387171391
3.928395633680283,2.066925831770619,10.70901129364401,0.7057733527462178,9110.102020404081,47.34200341066517
4.189824285492285,2.673985476164299,7.242300029416125,0.2541336607316745,9112.4824964993,48.93299198152679
3.830698113199439,1.2822448515127216,9.084536774575469,0.8313530080017483,9114.86297259452,52.52199780375948
4.151947826039949,2.750693398779273,10.436320853135292,0.6295225020319525,9117.243448689738,44.25320261502928
4.489969052742013,0.6674521841087224,9.326324609917489,-0.4435812941814273,9119.623924784957,48.42213020291586
4.27619237417025,-1.4384786425756593,8.801992390576224,0.4949754272000539,9122.004400880176,48.991275814334514
3.9779758352593477,1.0986150453173003,10.066001164615283,0.7626516460372957,9124.384876975397,50.330653957709046
4.180217372669596,1.8302200074781976,10.534001335953274,0.7664065661617099,9126.765353070616,46.181708996017825
4.032216184208934,1.322517217867314,9.840707865780388,0.4940479917883437,9129.145829165835,49.674915682989656
4.1081382011482495,-0.000722131662673986,8.83126701039126,0.48376149745458785,9131.526305261053,53.88618854607043
4.009449593433764,-0.9853848577660163,10.091106268624305,-0.15133052183777487,9133.906781356272,50.324281705178386
4.059191464817836,0.9678614778371222,9.235269858095794,-0.41869104217478736,9136.287257451491,51.253909799720816
4.173479504177496,3.086384656311444,10.384922878792038,-0.1761086594487284,9138.66773354671,43.31881800761337
3.8132037142191004,3.625103708516314,11.125412349912033,-0.8323945007163814,9141.04820964193,43.74349249008836
3.8078078560017863,3.523284412273536,7.038994807153744,0.6713976577108527,9143.428685737148,50.17083391057125
3.6973692721211635,0.5187570561241885,9.758057763454346,-0.14164647970885602,9145.809161832367,54.4870665375387
3.6352115952578137,0.012969132293738639,7.913675710357131,0.6456653645324799,9148.189637927586,59.01537084166745
3.751469361447835,2.489388035212496,12.093618219310178,-0.6157497886107998,9150.570114022805,45.624347691420816
4.165854517826922,2.6979938612540106,9.18612571648947,0.5413124605011053,9152.950590118024,46.148990629515396
3.851541461976476,2.34650621888344,10.403044738045889,-0.2474403290896598,9155.331066213243,47.71683564991076
4.27482436089838,-1.2739348969372775,9.623776512190084,-0.6421847041545871,9157.711542308463,48.180903102184644
4.132516805426482,0.4477415765419426,8.858431296259987,0.8135590260798788,9160.092018403682,52.53286467084331
3.5329144301076125,1.7044439439970511,8.74188596462529,0.5536558346703871,9162.472494498901,54.36274575220854
4.321321736910503,2.4807133330416375,11.252041949356752,0.10589621009289213,9164.85297059412,42.34957984807676
4.369432376993128,2.901756232780807,10.624725230517182,0.016968942567481562,9167.233446689339,41.85306255632719
3.8293980567034316,1.968084856192318,11.61479628142892,0.2197550094095591,9169.613922784558,47.02240898374838
4.25497875202731,2.2487899025798956,9.729091182551144,0.09731428895870553,9171.994398879777,45.744558453505064
3.87333660210763,1.880822236428583,9.963983751611138,-0.3961379770857356,9174.374874974996,49.36527596465079
4.16095232469312,2.7828632024401374,9.411299477311147,-0.20602613489246097,9176.755351070215,45.638274180387974
3.7536671820870113,2.2246429466853677,9.393836382082327,0.9803589160193514,9179.135827165434,50.318300603467
3.596450615084663,1.854861523967622,8.641459824580474,1.336078371314007,9181.516303260652,53.62905153253293
4.020903594799333,1.3546126357494115,9.769785749472305,0.7813342526153415,9183.896779355871,49.79156102802335
4.099996622805612,1.880014008689097,8.89895839478147,0.2391119700813117,9186.27725545109,49.15155440366016
4.019178307775174,2.4858752121652827,10.13254397258119,-0.1688745163509675,9188.657731546311,46.433069548513615
3.784640311730933,2.161112736145559,9.863075959776122,-0.399092946948483,9191.03820764153,49.52548172612446
4.021247378063157,2.3320510253195454,9.983179104480161,-0.36614120521510124,9193.418683736749,47.02512475547564
4.223373494148167,3.7758061709427437,11.3730589501328,-0.2766338293433803,9195.799159831968,39.71390819425861
4.130485485175289,2.1603814802612473,9.662643639944719,1.0755820207128848,9198.179635927187,47.061196958027494
4.200072383396568,0.790050268768133,10.45952180146108,0.9031411481912993,9200.560112022406,48.7350125587155
3.9456565482519412,3.089870917916728,11.75673810122018,0.37313919496769693,9202.940588117624,43.074963167362384
4.4995758711411185,-0.28392384201919585,11.014280174586194,-0.48030658820641303,9205.321064212843,46.77216316394377
3.7965782382645488,0.14416675504505805,10.863267901532147,0.4465279633555182,9207.701540308062,52.97205535397275
4.297068425028364,2.2709711210150028,9.405845714972564,-0.11930851425530259,9210.082016403281,45.83725622477674
4.506738114628353,2.542708859506778,9.944613343106223,-1.0765047193220607,9212.4624924985,42.6724029195469
4.297814019569703,-0.09854910742596945,8.399130982183454,0.14355031870062968,9214.842968593719,52.77241860160227
4.094155482796908,1.1957156124641128,10.218759291482382,-0.42095652041702764,9217.223444688938,48.92932816924088
3.997795150255438,0.8617304278400663,9.996743314065986,-0.4040267145450186,9219.603920784157,50.868197757257356
4.4684824270728365,1.0417562701835776,9.74810713717211,-0.12520399678400376,9221.984396879378,47.0255892022002
3.7321358758517365,3.188082233362911,10.754356305452173,-0.24916148647120645,9224.364872974596,46.04117295160057
3.8693636511542775,2.8333588148329927,8.521826829607907,-0.017128409552004006,9226.745349069815,49.17895350927144
4.042506529625239,1.7458326364012755,11.366905267645246,-0.04116527500860265,9229.125825165034,46.24500827052703
4.534443270697592,0.9564885382902696,10.636248498507381,-0.9379045464238157,9231.506301260253,45.37885974093252
4.278451072594151,-0.2481273174756231,9.666291854626927,0.7601389944414165,9233.886777355472,50.65263534361735
3.8754810467333503,3.907540591030539,9.590638899802915,-0.4916883614743399,9236.267253450691,44.841341798852476
4.074176809342147,2.666350264399123,10.222422985839916,-0.4761991925652365,9238.64772954591,45.407075385505145
3.984346878566577,0.7190922250872664,11.265106915255718,-0.16427662589514874,9241.028205641129,49.42983403586564
3.957082179129905,2.8594118309706476,9.848307944112172,-0.054167423684647095,9243.408681736348,46.42235107336589
4.4650611535381515,1.6755940931188065,9.893176299261214,0.7294899084159194,9245.789157831567,45.25076109000595
3.76124711052987,1.3511824422457668,9.769709676397287,0.13471172602745055,9248.169633926786,51.87750249555069
4.656780423533691,2.4355814036433228,11.536061742591924,0.2832327420547672,9250.550110022004,39.352710488734274
4.4239915455398755,0.6714343841205714,9.387601587702067,0.13726809379164084,9252.930586117223,48.84807929382647
4.504157965503361,1.2689648636163358,9.729424782398265,0.11573079124938648,9255.311062212444,46.20018694333488
4.039394790719088,1.9677093591837627,11.224816355286178,0.15486475154350435,9257.691538307663,45.928343743358624
4.134671962774,1.0372593296706683,9.9108404842755,-0.9663670712844693,9260.072014402882,49.46321524721808
3.7510865224780385,2.79098252662492,10.903338089975215,-0.12495924241976432,9262.4524904981,46.65884436865058
4.025011587219783,4.591873295077273,8.857449381923395,0.5811305552855787,9264.83296659332,43.034049991663466
4.331885360303794,0.6577454050965179,9.565887755724106,1.9711655054033428,9267.213442688539,49.3517219712422
4.573986775382944,-0.707576039890383,11.25806578394872,-0.602154466269755,9269.593918783758,44.75206702128741
3.854400116812119,-1.2115788099791556,9.099744127530418,0.2115399801621764,9271.974394878976,52.48623584925953
4.078275039928257,1.5662490017734174,9.627237530939336,-0.2855232889371708,9274.354870974195,49.0173208797314
4.1439170682917155,0.7981243377183738,10.037675158645207,1.0238259519484247,9276.735347069414,49.796839871402526
3.7719504412080127,2.1055822195111267,8.79428939643503,-0.6768913803957407,9279.115823164633,51.36900682690554
4.369472696064218,1.993608457063617,9.37208841211001,0.31246974515793985,9281.496299259852,46.00206467066219
3.9762518998515075,-0.6091926036716175,9.900990458491044,-0.703605549752095,9283.876775355071,51.81551760427233
4.1362133240254275,-0.9257721246364188,9.837491386390468,-0.15928333403041628,9286.257251450292,49.83962601661983
4.060627401975869,2.2413746695520977,11.073618178258348,-0.017156665374904498,9288.63772754551,45.30111684292528
3.9607928001710793,2.0015394866712564,11.337180487075777,0.5348458408698039,9291.01820364073,46.304038151339554
4.1968633487470175,1.160590898710962,8.942096184694526,-0.5385834130792639,9293.398679735948,50.11047168620467
4.135676817491631,-0.6854755836570985,9.911907969944444,0.3316915244236927,9295.779155831167,50.33303454600754
4.0901855272159455,2.5082488220805157,10.477346782912845,0.00938886169397348,9298.159631926386,45.29187355270189
3.9845879603996006,3.7099336160717176,11.321905593628003,0.1363966931429898,9300.540108021605,41.8656038861819
4.300367757309402,2.219980564378061,10.526508708116268,0.47916635734257057,9302.920584116824,44.257343468405224
4.701979799959666,0.5327189104270564,10.101392724991406,-0.6412783465026438,9305.301060212043,45.900275236767925
4.249245406767836,1.8716810729674584,10.479483397611247,0.40529748657429615,9307.681536307262,45.6076089670218
4.507499673060205,-0.24339498234261647,10.489171871824022,-0.28445242654471237,9310.06201240248,47.597757351925786
3.7929829568782503,3.3936407603743817,8.890151546692145,0.5479367274884129,9312.4424884977,47.83680712399983
4.258763646216494,1.9303899780798837,10.013128062601137,0.16727881726894006,9314.822964592919,46.084223791166636
3.88361075290777,-0.8436878685637876,11.281954325031517,-0.10476419075852772,9317.203440688138,49.8989628177811
3.7711301586769,1.3584602172921227,9.617901252526387,-0.2950129845454107,9319.583916783358,52.007956308564914
3.993782957202791,2.505348518311681,9.957169983775003,0.41164749717766536,9321.964392878577,46.850610070935964
4.574551276435258,1.3117495526108405,9.587672841338309,0.6304758427404638,9324.344868973796,45.74270664498337
4.503373675549417,1.3984023691387546,7.518796374523832,-0.2664257704300923,9326.725345069015,49.19881011097203
4.292658148568832,-0.023432155935899424,9.855713256261367,-0.5665032828906985,9329.105821164234,50.816584537217544
3.7613347231561747,2.6639080747045867,10.139382848205146,0.34710552147261275,9331.486297259453,48.04047775568142
4.163649209044067,0.8423184696115927,9.32756599482656,-0.7242654710168501,9333.866773354672,50.59366116137864
4.314432274634916,-1.4187198841979523,8.68789153460753,-0.6527562187914858,9336.24724944989,48.9059047905145
4.277972362508574,1.2599882730844056,8.964391751125007,-0.5313501377639496,9338.62772554511,49.17966279053288
3.673562994428022,3.2895252863370272,10.611656184086225,-0.20772524151937474,9341.008201640328,46.47019855260392
3.960995645070189,1.2383331630841792,11.822464327671172,-0.6681659446077225,9343.388677735547,47.48250544022129
4.210257954402092,4.426631666783085,11.234844511832911,-0.9693999546907889,9345.769153830766,38.399090430076185
4.391759194839074,2.4640332041453874,8.510537412029745,-0.5677220971685616,9348.149629925985,45.94003731287932
3.5734245681577956,2.329645853079069,10.711983602973422,0.3212372232863093,9350.530106021206,49.52051341757983
4.185017068514336,1.629838775229116,9.196667421805454,-0.6357720360633836,9352.910582116425,48.65026538110435
4.277960592959146,1.7209346630172044,9.280036869927597,-0.170134838977085,9355.291058211644,47.553923293892424
4.491321613554144,1.429156558653597,9.402803098916324,0.973349231182781,9357.671534306863,46.39233104655837
4.445687701440982,1.3718161959893778,10.573321040823878,-0.02458706501354523,9360.052010402082,45.14497633726289
4.413994585149517,2.622449536105307,10.828983491127929,0.17126549486479659,9362.4324864973,41.8884442418487
4.000634155000072,0.4233306933212533,9.77417569673915,-0.4730200091257766,9364.81296259252,52.275336481587566
3.6696091375440894,0.21416577603433162,9.793613309980564,1.081737426850071,9367.193438687738,55.41729249459061
4.125487777399743,0.14414316003237593,10.341425706823639,-0.27064724456921435,9369.573914782957,51.123601320485655
4.545287332084466,4.8983470111969964,10.447635045340949,-0.11405234222575832,9371.954390878176,35.72038124732036
4.664228676949613,2.6263092316340595,11.0583453844337,0.6585293389836823,9374.334866973395,39.5328794286674
4.460751937718658,2.2884631072064323,8.600227503654043,-0.09086712242680946,9376.715343068614,45.69248547475358
4.377784696373535,0.24638296091519618,9.907107250084945,0.023944391337607472,9379.095819163833,49.501104151596316
4.364269940719149,2.768598815147816,8.821536595137017,-0.14084416039456482,9381.476295259052,44.93203854367174
4.084938373012124,1.659658978346912,9.841100382341677,-0.13741618902861363,9383.856771354272,48.409694996523214
4.21415221397792,2.1567002797269623,9.668349693730807,0.18525100541404585,9386.237247449491,46.39250704826302
4.755287818962207,0.37144750034753815,9.850258477144957,0.2764715945990528,9388.61772354471,46.25369098171606
3.9731965728136993,2.0777126024938735,9.099748622202824,-0.32162421560628357,9390.99819963993,49.37052297795149
4.741794979267825,1.202490587393521,8.414685926001226,-0.38304022807346483,9393.378675735148,46.43738480837176
4.1621506173775105,0.6907559736048037,7.810023031018658,-0.3045680444287816,9395.759151830367,53.26087058043992
4.657786772290564,2.9412642634188995,9.77576587162323,-0.7006270070998841,9398.139627925586,40.7208963556934
3.839511066716342,-0.46552466641793466,9.478431017839245,-0.7952151292596487,9400.520104020805,53.90245327346556
4.438725614085215,2.6891339656284394,9.235981186282075,0.14858357361245378,9402.900580116024,43.913388393824064
4.043322451288402,2.869631528377954,11.236954670960886,0.46929790158755597,9405.281056211243,43.623909562306565
3.841172826998955,0.5243698097239462,9.057456008006842,0.4355226465726087,9407.661532306462,54.37350884768823
4.332713043969669,0.6142758624655555,11.336216893243488,-1.1909956365683292,9410.04200840168,46.79828065221353
4.5713945686620026,1.5111634994892045,11.545715801306077,-0.12253254352163039,9412.4224844969,42.33236100002185
4.016471155508643,2.2696900404177924,7.973461465809183,-0.5510459777962795,9414.80296059212,50.2338134561726
3.821649708119304,1.6182871764498779,10.01923389678888,0.07186871891042845,9417.183436687339,50.35223354873755
4.245202330293122,2.498847530016891,9.529647081774868,-0.2089117594046906,9419.563912782558,45.496791909950495
4.24792677846389,4.493907730204128,7.020031392344148,0.29595595312229417,9421.944388877777,44.25176935826234
4.440055237033484,1.0887977454535183,8.489686478073157,-0.009576545200670687,9424.324864972996,49.0230340229886
4.561840046013222,-0.7214621729858806,10.711756861959808,-0.9480009474589446,9426.705341068215,45.63398890648981
4.260539800225521,3.091128277617493,11.958513660901964,-0.4835429363997703,9429.085817163434,40.25009041279915
4.8364183832155945,4.378150123076171,10.844486833858921,0.0028925574133267795,9431.466293258653,34.09654737579643
4.3484412004746025,2.4432663959860297,10.267936076271226,0.04505521461554316,9433.846769353871,43.70240029183127
4.178646567815297,0.2234266667144087,9.925466764355342,-0.7028384038520009,9436.22724544909,51.12406064415859
3.8005084085565226,1.6701471993387789,11.631958232492329,-0.7682298517730609,9438.60772154431,47.97262738446238
4.206585211029177,0.17913681843190288,12.100031321289244,0.02812266878658943,9440.988197639528,47.74942928375296
4.185871788503995,2.8221418223626453,9.367446870924411,-0.7018336530252637,9443.368673734747,45.40650082967481
4.576284470181738,-0.16814024984945375,7.956801050884904,-0.8343147132503929,9445.749149829966,51.0341720375951
4.428343631853969,1.4095391828469752,7.861098838300199,-0.22257025631567084,9448.129625925187,49.25775473060051
3.9371936756473946,0.35416286865059354,11.28366661373701,-0.24422304566932546,9450.510102020406,50.69154350258884
4.34408694973041,2.051844116907175,9.917227030438234,-0.4392002386696506,9452.890578115625,45.241853564231434
4.495276561162386,1.313032290722477,10.150028060936354,-0.3518684783624814,9455.271054210843,45.53016469249018
4.753633547463244,2.1286259146399917,8.178636366415542,0.006917861611197312,9457.651530306062,44.381412284070755
4.562882614040989,1.8979467816607287,9.218600285108014,-0.36008145183990964,9460.032006401281,44.92417170585824
4.526293058446743,0.3853708331827008,9.678810852149528,0.03534851083241968,9462.4124824965,48.308012171245004
4.31747285304103,2.8066136317311865,10.184633147197815,-0.19023426805866722,9464.792958591719,43.16673337554707
4.417349002953349,1.7940884564528703,9.580706452333022,0.0838250776933279,9467.173434686938,45.8049271567415
4.67711557237465,0.38538255630968354,8.944476649988083,0.43910278271832254,9469.553910782157,48.202904055246464
3.9038399379220454,5.2305052724193155,9.199740842359148,0.41962392269529764,9471.934386877376,41.893406052036624
4.200250768170645,2.5847002942995085,11.195136737210756,0.6441052355330417,9474.314862972595,43.143538013069936
4.074721705045303,1.6411040563491586,10.23410431679848,0.4190734484485802,9476.695339067814,47.94830974356696
4.421648382793109,3.9947417548362494,10.60398337971159,0.11927876577090216,9479.075815163033,38.733983480997125
4.678379571540258,4.635598693309925,9.095460267069377,-0.2167158188200723,9481.456291258253,37.34077629379905
4.131631458665102,1.6557916963167882,7.043018727366351,-0.19388046140811205,9483.836767353472,52.24294099883769
3.5950436144436466,2.3958528461084616,9.476246670332353,-0.43888865321790516,9486.217243448691,51.03564896368114
4.189880235346843,0.3936934122317115,9.13528981687083,0.0022646455257790106,9488.59771954391,51.79378986133973
4.589000466795765,1.6558497719750114,10.35338266363349,0.34869373935596737,9490.978195639129,43.618297840246115
4.477659560578518,1.5789865624892314,13.292604762025938,-0.3628338014415103,9493.358671734348,40.29234996610987
4.446239060706391,2.1557626746746266,10.704558348930643,-0.018608929331886973,9495.739147829567,42.98384330426634
4.235198146637192,2.3786048094218724,12.747864403293772,-0.33868111436088466,9498.119623924786,41.05010619840713
3.936900221336568,2.720148968043759,10.583186481477233,0.10467716509380737,9500.500100020005,45.82964608698221
4.4766113978594655,2.237812718698022,9.387043720422174,-0.2746916919749751,9502.880576115223,44.51201143974596
4.073152571698011,0.06617746986185225,10.367359837602482,-0.3697552856470263,9505.261052210442,51.698295995357554
4.980080502225462,0.47553366286258947,11.802596790075619,-0.33998334746601266,9507.641528305661,41.2666266399264
4.497418366387259,1.0645660400584267,11.854035847665068,0.2516643869227833,9510.02200440088,43.57818419725826
4.153486788950952,1.4617599652599147,9.451651573676276,-0.04837470266517745,9512.4024804961,48.94022841472818
4.145681135503432,3.4622259088548506,10.28268895742378,-0.2142108650000179,9514.78295659132,42.75495270769974
4.30262923190548,0.14259984898033506,8.602755331688067,0.13070225127360532,9517.163432686539,52.318333524773216
4.260078055619221,1.351829849227781,10.859208415314978,-0.20725810873382522,9519.543908781758,46.25098830900431
4.668395257387573,3.3184109971401328,11.590412698573383,0.5632589468428516,9521.924384876977,36.971191400189014
4.390686822321295,1.4400251025204693,10.07937629215705,-0.4869330768466283,9524.304860972195,46.15537822689289
4.1166896505616695,2.5814095895870546,9.374712251834055,-0.09348575640864085,9526.685337067414,46.55089044378793
4.904728932783762,1.6824180870994958,10.404747355254498,-0.7023826108335004,9529.065813162633,40.94900228709942
4.353807135862544,2.277851310258069,10.46459616275246,-0.17343719594504692,9531.446289257852,43.77802039332578
4.5710848025332504,1.55091311744741,10.130802320280875,-0.839817748853315,9533.826765353071,44.35783530569416
4.15938356501191,2.8951658872560895,10.230895599438774,0.37315826127956314,9536.20724144829,44.140673362606336
4.4522051772381035,-0.42207095183315513,9.880888240934624,0.38325188350278944,9538.587717543509,48.50584884111035
4.438022812093767,1.351491863917721,11.053181265561175,0.39208508686223814,9540.968193638728,44.537315945113804
3.7792147071246753,2.342265344877143,10.795977658060277,0.014436240087233912,9543.348669733947,47.71665249371932
4.952112062061081,2.6988958912912158,9.079171570940987,-0.439935202355046,9545.729145829167,40.01710641887183
4.736143255535672,4.138728878970014,9.05420924974613,-0.4001703160179748,9548.109621924386,38.18271788367039
4.2312120649177825,1.3137101062093546,9.812951200327356,0.7650860276102606,9550.490098019605,48.14660141464332
4.021110834294146,4.120417147078578,10.806689135537894,0.7178385518998983,9552.870574114824,41.320036754643546
4.457481691407946,0.9136063981884139,10.220436449031933,0.06127757847538576,9555.251050210043,46.7254757997175
4.380644322093827,3.8960596254966378,9.43175627835647,-0.2578170170401636,9557.631526305262,41.06706194197308
4.462757856007758,3.1302388043400846,10.338953568172567,0.6843117113492553,9560.012002400481,40.96390978882888
4.414952903632949,0.5347985870681478,9.74915336452168,-0.34725158069240497,9562.3924784957,48.71965025648352
4.510774849069087,2.3664938907292723,10.962979886494903,0.11442460404795374,9564.772954590919,41.55309665088178
4.794517483764089,1.8300300959994111,10.418082033194244,0.6759786526992292,9567.153430686138,41.441661840097396
4.532180311321033,2.8462097903674604,9.772276212161081,-0.41816924983231385,9569.533906781357,41.96861871527146
4.048276630112,1.5738748038733577,10.32160460277532,0.41461179281855604,9571.914382876575,48.196693045257625
4.773366419767915,1.4488623708101889,11.407665950998297,0.2602803979219349,9574.294858971794,41.07941378833376
4.858206571336515,3.9643233423376296,9.525520505302563,-0.01975827111578051,9576.675335067015,36.93525831550996
5.313064215146156,1.763550121511511,10.500340883500549,-0.49671679956655784,9579.055811162234,37.336099649801156
4.031824331489805,3.152215180595439,10.029757511021444,-0.3622198800516379,9581.436287257453,44.8202311300608
4.443162846242573,1.5755049339653606,10.529736114613193,0.14472553642532932,9583.816763352672,44.72133072322623
3.747094686343253,4.414477753707918,9.450722698048624,-0.7116683974406933,9586.19723944789,44.81096407791125
4.539095453382823,0.8979318603094668,10.218158911326594,0.06537192950912489,9588.57771554311,46.11516835517386
4.2101173803547915,0.9951696829991055,11.218183228736487,0.2705254920308316,9590.958191638329,47.00386190655917
4.953038325754726,4.204112163212015,9.175890062855652,0.49261008640455034,9593.338667733547,36.101577891648674
4.1450475679707335,1.2508684529746597,8.786029668188355,-0.6991785372301113,9595.719143828766,50.53340382151495
3.872104973421852,4.3208513824546095,8.826517564067755,0.6581236485806369,9598.099619923985,44.981255410387035
4.238908942603647,3.257952912601821,8.949849585025417,0.8476817470899677,9600.480096019204,44.519071800128145
3.789070267618288,1.6891698394810362,10.718375019418762,0.20507578385679698,9602.860572114423,49.38695073122296
4.608475323671302,-0.7978432164796656,8.719732291590727,-0.5190242907123302,9605.241048209642,48.05799093204433
3.7650498159445434,1.8940723634732062,9.830237508272361,-0.16405464418012053,9607.621524304861,50.3990643013521
4.394541600845372,2.076447964627086,10.748963661515905,-0.023798622559253517,9610.002000400082,43.52910178939545
3.7640907313692016,3.6757827848406,10.5498755535727,0.13523175436527837,9612.3824764953,44.87300385658584
4.292775240967357,4.308580485912401,9.750200277510135,0.010990776321801215,9614.76295259052,40.26104644121494
4.8833086882386505,0.8993827256159053,10.329226383305844,0.14058257144730846,9617.143428685738,43.19123410509226
4.499920622263622,3.129590149204197,10.247992004996028,-0.045373378669561405,9619.523904780957,40.80467164138649
4.13410954084565,3.076874982243444,9.9191503730476,0.13255354725612156,9621.904380876176,44.35621065805479
4.385228297322303,3.5398452829516867,9.935101892908136,-0.23026171058065692,9624.284856971395,41.16590757468015
4.401426481452913,2.678715814763036,12.383909958916213,-0.16909335849123425,9626.665333066614,39.51593367309479
4.539242953594805,-0.9821106365481327,10.960339970316692,-0.2880125852383339,9629.045809161833,44.79026982439619
3.988829125026391,1.6994574405487866,12.63422715575328,0.9586297672520359,9631.426285257052,44.889382664786986
4.5780899545003475,0.19998515252205928,9.659160906805983,0.7319503930871614,9633.80676135227,48.38657612248309
3.5904357753674763,1.6305935171884285,10.07370587395329,0.2776470950068079,9636.18723744749,52.08947119315918
4.214221745807979,3.4054644285455895,8.829095766309347,0.6626544986338693,9638.567713542709,44.52892131270818
4.258139159617126,2.3941404620475186,9.354204419870587,0.39923066948894126,9640.94818963793,45.91822893813831
4.596053915176079,3.659506877832621,12.068234690626426,0.0906355797570276,9643.328665733148,35.980449448070175
4.414280032326539,2.450958065419295,9.64683820175554,-0.7527856705098418,9645.709141828367,44.08810727520614
3.987257123702017,-0.008204882930751722,12.09070537100473,-0.13108196006257003,9648.089617923586,49.945372746549886
4.114863719615874,-1.8410294049517824,8.930614019072962,-0.16751894600917594,9650.470094018805,49.082595702084106
4.471401631893929,2.164411561872524,9.123060084201759,-0.5665375865460784,9652.850570114024,45.13316791386462
4.389513752305722,1.6212662703833112,9.837851365403402,-0.743081137303308,9655.231046209243,46.07394725749084
4.240933401976398,0.4776951475052582,10.11788676252904,0.24635967328351255,9657.611522304462,49.70146477163211
4.2718575321822145,-0.6068690951198614,11.107278704069344,0.16225216118540647,9659.99199839968,47.64704894863861
4.626395456518933,0.8429152180383672,10.637517185846082,-0.583698490033806,9662.3724744949,44.92527252398349
4.263675028012373,1.6542513059515942,9.772987497985994,-0.3729392532180947,9664.752950590118,47.09549026404304
4.393993523333059,2.9457639999207723,10.058543565111727,0.5806111365770817,9667.133426685337,42.39582646586601
5.07284032380124,2.230852853936688,9.87535369777455,-0.43884825675828026,9669.513902780556,39.02711472808653
3.996193361313849,4.360966305678444,9.282320757792538,0.0853994519669012,9671.894378875775,43.20455620860429
3.8691844920752296,0.39641879029699334,9.311570061705272,-0.09488914978399052,9674.274854970996,54.08812199509777
4.661253724322463,3.2723728880080705,11.229976024558532,0.2531817355310314,9676.655331066215,37.68407394856233
4.224023773996556,2.0226925762829495,8.376486969645814,-0.42805382632821515,9679.035807161434,48.58634791285146
4.33358565573056,2.9947082955467743,11.824570989095449,0.04504173877005351,9681.416283256653,40.10768753164541
4.196150576449223,1.2988926983607225,9.866779089755202,0.08436128867293861,9683.796759351872,48.383395007871606
4.353998377660167,3.5621461740961653,9.439826362301922,0.11509040311460983,9686.17723544709,42.102908000025366
4.912941137687839,2.3984236068904883,10.9546565423576,0.0395369289813066,9688.55771154231,38.26842706773466
4.675459879979541,0.9373800842194457,11.702676748403304,0.17230466029705505,9690.938187637528,42.698855627010104
4.694930388462018,1.9394728465608349,11.337656148085603,1.0958851660254054,9693.318663732747,40.58539055377336
4.012837564826605,1.5991366659706165,10.7244399276966,1.280648888385553,9695.699139827966,47.812797924915714
4.093802261433664,2.693199780889707,11.312016169543213,-0.3196080703933609,9698.079615923185,43.5485582019916
3.5888678395556752,0.19072916753910585,8.511220533791784,-1.1591214901762494,9700.460092018404,58.04540356401915
4.199220600244908,1.9173290112062809,9.708453630191379,0.29774765036098677,9702.840568113623,47.05023222473797
4.730489565820516,2.5552799522438754,9.321680802028165,0.09312622995063315,9705.221044208844,41.785362389783934
4.600006682131065,2.0128167790605858,11.460056913271272,0.5305209295917902,9707.601520304062,40.977819225393105
4.379913220189305,3.9846566659667886,9.8545081127649,0.14244294985765862,9709.981996399281,40.21729040442124
4.441121939794567,3.1262421777132343,11.085961267733136,0.029301969762859554,9712.3624724945,40.02647713576067
4.2425915421390545,1.954950274829998,10.778980862331618,0.5644532979386114,9714.74294858972,45.003420682315145
4.512130403800558,2.292168805633192,9.383386822200805,0.634390294206921,9717.123424684938,44.09745452221134
4.681912111259207,2.4115974121663473,9.66130601653931,-0.6932800293904992,9719.503900780157,42.023750554701515
3.9688288336935305,2.574012652861351,11.544653015111033,-0.4083030935697918,9721.884376875376,44.49735817563183
4.544935772936181,-0.7684593491069278,9.477924403022211,-0.05279647964433914,9724.264852970595,47.50247883920992
4.736218878706333,1.518702834625934,10.380847018942024,0.04921881196229184,9726.645329065814,42.74222135537147
4.33340563573253,-0.2547014540091128,9.476011109089626,-0.11299160167612436,9729.025805161033,50.48198461548254
4.669593565225977,3.8903436755824305,9.947173824799341,0.21710358893094295,9731.406281256252,37.996631552037094
5.30522772826648,1.8826133166120846,10.217538313673964,0.4980523946585501,9733.78675735147,37.525337411826996
4.430976924530213,1.6848417504314195,9.483408622904784,0.861354855360364,9736.16723344669,46.11496729332257
4.581720599096096,3.321014987446186,9.30840368440634,0.2894565118864498,9738.54770954191,41.081092212006254
4.2437604348309526,2.6102722361277255,10.557700109985213,-0.4261668392265549,9740.928185637129,43.68768576605525
4.521002338711509,0.284799555051785,9.429266128863745,-0.07368811259890913,9743.308661732348,48.97608320938285
4.606158261593761,1.8723598056083262,9.465923376033006,-0.03767612062977847,9745.689137827567,44.27094932917959
4.527979614514939,1.4769341484496876,9.34010581173607,0.2573201199905795,9748.069613922786,46.07366899515217
4.1650688090227215,-0.6361477296188287,10.203829562442689,0.19408401671697112,9750.450090018005,49.78333586010712
4.534336783001148,0.9462044845465345,11.228018526139419,1.0251983255557549,9752.830566113224,44.51776673541535
4.912538234053589,1.7072758186008337,11.793425440647018,-0.2307565676274542,9755.211042208442,38.74136642009868
4.609921736794094,1.8111276077220602,9.563559260565754,0.1923752668834016,9757.591518303661,44.24746819549347
4.765379073329379,-0.23882519111074485,12.442369311745125,1.177355698872046,9759.97199439888,42.61635046797041
4.407131588938782,3.712988494532927,9.289935459191106,-0.29260344845180064,9762.3524704941,41.52557286337077
4.704657869271079,1.8333039432921523,11.380771274339365,0.0725743480851776,9764.732946589318,40.70832027609194
4.564921120576972,2.043756794398854,9.57810935773925,-0.4724402505620077,9767.113422684537,44.004075012778216
4.197320876040545,2.589358520807565,9.431466232257483,0.04104344981371576,9769.493898779756,45.8008373412705
4.5796040763877315,0.8072508024432059,9.560217665345512,-0.39010857406882077,9771.874374874977,47.00471388477186
4.187992810083982,2.6748684991097607,10.255111072112792,0.5234004517456732,9774.254850970196,44.42621966338456
4.297092114985295,1.4406921626065476,10.890116522057134,0.07365942951569766,9776.635327065414,45.686357890515566
4.545209432139756,0.6473956489972417,10.982598597819566,-0.46769862999114675,9779.015803160633,45.545937523659504
4.5790393186340435,2.8534152644464363,9.37133238308768,0.4202838488958358,9781.396279255852,42.17714871518004
4.134551747931484,4.23172511317246,9.328245579074727,0.08983301943579367,9783.776755351071,42.35190486500489
4.808973023810753,3.0824289218660077,9.40385427100248,0.47640938861172744,9786.15723144629,39.71636209834523
4.665835335113954,3.380621982126521,10.211727289390154,-0.5738313139738743,9788.537707541509,38.90417142968683
4.28427143427512,1.2161807334621417,10.115515444624034,0.18441220612433074,9790.918183636728,47.512103525207635
4.035871393524859,-0.39833170544627716,9.378085573413959,0.38667084732235435,9793.298659731947,52.6500712280645
4.45513268040306,4.234275652568088,10.600455345845447,-0.21168874511786825,9795.679135827166,37.87256640658713
4.366278515803672,5.081813420748487,12.596011706045577,-0.6295013634840756,9798.059611922385,33.47122076263105
4.535461697079111,4.315223200629992,9.831319311432765,-0.020803747685196963,9800.440088017604,38.18126945464299
4.394042845784369,1.4983063209510685,9.905115457251647,0.6140576468904643,9802.820564112824,46.24421824546991
3.9021994242420246,0.27100614688375235,10.900881983596417,0.5629651653170282,9805.201040208043,51.7535662634598
4.389391393476321,0.40540626991509576,9.784997885981728,-0.21421421737778837,9807.581516303262,49.1938563484291
4.415669088313968,-0.5206956369980982,11.015373053512782,-0.6415427181882213,9809.961992398481,46.84984862072383
4.698912829901125,1.8448084206975368,9.630460888721238,-0.21558986017478626,9812.3424684937,43.350984975965304
4.30081467508669,4.415366655437019,12.183718856412867,-0.2342388253659562,9814.722944588919,36.27948767609463
5.015337388649526,1.7953293766168055,10.69897050439275,0.2232233916523887,9817.103420684138,39.34052169267265
3.939703584776632,2.462281517170519,9.736769495318239,-0.052500751452060755,9819.483896779357,47.72151328588329
4.908007116814002,4.0731666914384554,9.770698287149774,-0.376632105868571,9821.864372874576,35.89697890616719
4.448822647877492,1.4046025916786828,9.848188405764718,0.552131533630334,9824.244848969794,46.12562972913628
4.775455626678351,5.0650172950629155,11.737336626204934,0.0702129337224171,9826.625325065013,31.527806809608506
4.542982790193917,5.000836507897045,9.09843538346769,0.2177078263654704,9829.005801160232,37.50639333350452
4.862371539951604,1.8170029114085844,9.701844781351983,-0.8624927170656336,9831.386277255451,42.00575322983773
4.4057591781124374,1.1483437822900344,9.810726585258184,-1.212132435348643,9833.76675335067,47.166977241488134
4.193844882425909,3.0614777429049713,10.3593004954284,-0.7187728907222041,9836.14722944589,43.2565958401877
4.951045892828194,1.495308990652963,10.106480719169873,-0.24027171280338785,9838.52770554111,41.49363930198723
4.492314363716508,0.28273954605309637,8.888965159687139,0.28817800880690436,9840.908181636329,50.02118848560448
4.5942904045693425,3.9404065552725234,9.982973516372674,-1.171123435203649,9843.288657731548,38.420200100704946
4.899713095863098,3.844196095348726,10.285849355303315,0.7964260321859936,9845.669133826766,35.76303096176842
4.221165962355562,2.253769095634603,9.759906671558248,0.0852830133850631,9848.049609921985,45.956389554731615
4.710865171776556,0.12718147106425182,11.077385093465047,0.6801474964749551,9850.430086017204,45.379047307929355
4.356715197213449,0.17816637260879808,11.312623760579987,-0.44298504123706434,9852.810562112423,47.73192684990044
4.495498893293195,2.1842770659530673,10.317434989135508,0.2519299670862454,9855.191038207642,43.099163705068506
4.558299819602636,1.2746042015673515,10.628970262383795,0.04259796498539375,9857.571514302861,44.403635545684836
4.0880163557207645,1.5137492112241515,8.239980294481565,0.4088431565272771,9859.95199039808,51.15152568445116
4.305898939642863,3.5593114342493344,9.98254176559638,-0.11689568379985854,9862.332466493299,41.68071724883919
4.946339412713737,3.127114006127033,11.411075105073103,0.2366076045037943,9864.712942588518,35.49488702536287
4.808342748232687,4.095537615184585,9.985426335322497,0.5510976593856001,9867.093418683738,36.316274473193296
4.525161719293184,0.5433675599283494,9.674211376926001,-0.32558814694588767,9869.473894778957,47.92897028044465
4.618359185045979,1.51549407863134,12.691772743794687,0.12112211624482487,9871.854370874176,40.226732207361785
4.458618304968585,3.1697332476298503,12.235772402034955,-0.9439311186111742,9874.234846969395,38.053061838124265
4.95533533574198,2.704357724848394,10.88688214802631,0.3512515095316789,9876.615323064614,37.26609977990371
4.489724164156051,4.331790532210967,11.560830500358804,0.9773312717312448,9878.995799159833,35.91148460568597
4.620852536802123,2.6650049982972166,8.19859775388489,-0.6222180238743477,9881.376275255052,44.07277057901264
4.896579278238309,4.807343812822121,9.639595643808075,-0.04569063021397159,9883.75675135027,34.34961277632611
4.321029469542591,2.846187312582286,9.959803753487048,0.4402406504570568,9886.13722744549,43.37659033197299
5.023348704512756,3.630392470825449,10.196396699646275,0.015708736733275233,9888.517703540709,35.44263413736492
4.098044914574652,1.5528498048217578,9.945048579021886,0.08254977574661289,9890.898179635928,48.415943302815556
5.047547719332135,2.060534204491514,7.8875827395917355,-0.19549972076181932,9893.278655731147,42.63690862472653
4.448324501479988,3.4065013902029326,10.82625071055848,-0.2140761265439573,9895.659131826365,39.65777444681505
4.488790003151931,4.460533674222592,10.986497910501967,-0.043347076792688885,9898.039607921584,36.45859892347512
3.996069381145221,3.135903712299532,12.047360893812389,0.02083571106967793,9900.420084016805,42.12064432937082
4.428107176454036,1.918272736542967,9.659771787078093,-0.5907206307886549,9902.800560112024,45.28980306639315
4.254077145693172,4.110015280960004,9.580537473333408,-0.03301099297301437,9905.181036207243,41.3215384220545
4.385199068889741,-1.242972669418633,7.7733363540387,0.7842669693546632,9907.561512302462,50.15097124427744
4.527773904432317,-0.08737362281432315,10.162374841931745,-0.20956689679445234,9909.94198839768,48.315812444608035
4.8577792543447025,3.069412515504471,11.35967492773387,-0.6186274914373139,9912.3224644929,36.4247222848804
4.634197705423521,2.069107001048576,9.849417382257652,-0.07570803399321331,9914.702940588119,42.97952478060392
4.665694980190823,2.9571984661332404,12.607252790402296,-0.3573064060621483,9917.083416683337,36.37056480753687
4.246211805850628,2.146523031984111,10.209836493107005,-0.6691709126609697,9919.463892778556,45.34924323357419
4.312117388123938,2.9073142852423137,10.616047599852568,0.06958423086631042,9921.844368873775,42.31070378212386
5.117437467177265,0.8302757429581276,9.108576851279508,-0.355141018575539,9924.224844968994,43.3219456282673
4.3587363520766615,2.9085935707899595,10.761525522963076,-0.3123570834266375,9926.605321064213,41.716336971967195
5.077636193123242,3.5454709373154123,8.4976112584914,0.0767136901926945,9928.985797159432,37.76881622398844
4.509332767008866,3.8856599903455993,11.173255513543147,-0.7665872976811673,9931.366273254653,37.45130461775035
4.5844152708499,5.076150701977616,11.20661286958092,-0.8707848251255624,9933.746749349872,33.82438177388538
4.906316555576202,2.4229523369250625,11.84410388212713,0.3354360972509658,9936.12722544509,36.925930889887034
4.968253205755849,2.4686569497202693,9.467472133097647,-0.9654168003620415,9938.50770154031,39.881123780006064
4.554920536924206,-0.22598249292215078,10.650631993867076,-0.48833884765367735,9940.888177635528,47.019731481500365
4.473170568951803,1.2626452216312054,11.056516088290085,-0.8999197676942188,9943.268653730747,44.473248261872435
4.574346884618586,1.7711255684402476,10.93761145019742,-0.24306823342441616,9945.649129825966,42.570993826654565
4.693990165978523,3.637214600087124,9.632661449325393,0.2140293738255828,9948.029605921185,38.90604999796592
4.861474256070105,1.1462204138716747,8.108610377126842,0.05616897436618834,9950.410082016404,46.07973935106971
4.596832704374366,3.2582191940739955,10.850184735419806,1.195936694728642,9952.790558111623,38.80451327669037
4.782710586916662,2.0622638895614074,10.353357561707353,0.5434578088945003,9955.171034206842,41.052619238202155
5.090033922191246,1.7999318290011663,9.941820078167385,-0.4655789250783006,9957.55151030206,39.867168932716034
4.7144005453563,2.4400127281511272,11.275070095585447,-0.5985275024132053,9959.93198639728,39.272158673393605
4.6949855318118505,1.480925224961014,10.468839884086307,1.3533439704877506,9962.312462492499,43.0345428569732
4.1472987949836035,1.4250921562014176,9.197199689473308,0.5312860028666813,9964.69293858772,49.46307971541766
3.8152357231287626,-0.4875423492335176,8.587578402774856,0.29468480363478594,9967.073414682938,55.377890737723824
4.722450558780042,1.6986939156821599,9.392704005997487,0.037425906107808944,9969.453890778157,43.884604731558035
4.578974000626893,1.3516619607843465,12.917316774786617,0.13676078373750858,9971.834366873376,40.613077930844064
4.4544702517035475,1.2986318854283603,11.249719092471384,-0.7410366377412131,9974.214842968595,44.24307963409364
4.683448253767341,2.6989023888926855,10.718193128662012,0.07851958509838393,9976.595319063814,39.70786830463654
4.593752566252485,3.062530385860136,10.350558957279187,0.035615698729507254,9978.975795159033,40.067815069411
4.9516926068685,2.423864111415712,10.287466671925152,-0.45206942155074004,9981.356271254252,38.89559885862499
4.640676992989449,3.5696852740153817,11.704695952268882,-0.2692632267842393,9983.73674734947,36.39332694264263
4.3922523019907835,2.94089574708677,10.049545213673161,0.7575881967217779,9986.11722344469,42.435424395847065
4.914865068366351,1.6359591797439128,11.119702982557296,-0.0625874601474312,9988.497699539908,39.91162702987347
4.554162137528086,1.385249878103061,10.196996867507423,1.0355856512665553,9990.878175635127,44.808082903256526
4.778749082613674,2.5497587401582575,12.488224325189696,-0.8703397182436917,9993.258651730346,36.66327400091043
4.47905183732083,2.942167364305297,11.29299970611816,-0.2610650931128739,9995.639127825565,39.87266733149288
4.42881430936278,4.179274710555255,11.798912148038312,-0.7736392756234595,9998.019603920786,36.42293052665215
4.650500524067712,3.8702596040848123,9.971590323110878,-0.6047112269459172,10000.400080016005,38.16296131257995
4.630586682241754,1.2722825496916788,11.616781604440575,-0.4141028528296486,10002.780556111224,42.34942776117591
4.772174588121996,1.932474898150405,10.248714090182101,0.15765481338529558,10005.161032206443,41.618344914374866
4.549121494018974,3.0930035207179194,10.673972992842888,0.13341308554019357,10007.541508301661,39.86355975678908
4.08029638154738,3.6894662115407906,12.201633122492346,-0.3396451598138027,10009.92198439688,39.83151373503047
4.502861602435238,3.4969167147316913,9.526458307708921,-1.113899778668291,10012.3024604921,40.94512793212549
4.872329112654807,1.9936389657607547,10.7751296379928,0.7388464365160764,10014.682936587318,39.87457522737046
4.54646090790529,0.20941517580937363,11.012536337057789,-0.14288235801817809,10017.063412682537,46.585970291647556
4.563249224257071,0.5930382656392363,11.097185260821139,-0.5581450851505696,10019.443888777756,45.365632650613634
4.934568064283082,2.5013870131533213,10.129046818037736,0.13746539053504364,10021.824364872975,39.07641772579544
4.426554366000141,2.6067692585883964,12.668746472679757,0.10222258526158703,10024.204840968194,39.067522216508245
4.178796944538117,0.4464062131890809,9.290202176901495,-0.1613382324999826,10026.585317063413,51.51830564537012
4.594940504153164,2.162274309674449,12.046671770873912,0.07426550782075238,10028.965793158633,39.76478253627771
4.499369938802666,3.043251284909199,11.80550493746237,-0.5775149202040092,10031.346269253852,38.68865487111212
4.3562408665844385,0.37056985541289356,12.493981700733311,0.37995642158824183,10033.726745349071,45.482675877692294
4.594994218240587,3.755900972713418,9.007520021310302,-0.49843354737843515,10036.10722144429,40.339013790326305
4.796552795850663,1.5331040116113472,9.729570470646516,-0.30278482765171594,10038.48769753951,43.20046189819655
4.647808234039368,3.9868162038714514,12.093000485845575,0.32440090807578764,10040.868173634728,34.71099288923807
4.744183179315321,1.3012139030091157,8.726674369830935,0.6019794825051169,10043.248649729947,45.703488253208235
5.197605576230467,0.5624506201242916,8.999911350827746,0.7928872840231693,10045.629125825166,43.513161813603915
4.552214371541614,1.4161798685766755,10.12071982219319,0.5278991192332859,10048.009601920385,44.86075562293562
4.740077737901979,1.9616599137230715,10.803679384193071,-0.1620360919008909,10050.390078015604,40.96970923618689
4.505304610395186,1.5226592192927288,12.20656928551531,-0.7705165345502314,10052.770554110823,41.84106114033373
4.405656529041833,1.7823741643122801,10.431737542861509,0.7025277928014467,10055.151030206041,44.65120604259238
4.485588328982248,2.6083214745193373,10.011424185282266,0.685347994452488,10057.53150630126,42.57735340392028
4.518929587717376,1.851602384754656,10.933713776227775,-0.33598807667674785,10059.91198239648,42.81898667203269
4.77189678677098,2.0102007740765506,11.094581456639897,0.4605945189122801,10062.2924584917,40.15745158568094
5.370274026016679,-0.4534720721329264,11.06888655995952,-0.1660888969653693,10064.672934586919,39.30079777159498
4.452235855789962,2.6989129484641854,10.45232292391126,0.7506384417558644,10067.053410682138,41.95634639665295
4.54355924582099,1.9785596117995843,8.677886041647414,-0.257432331201891,10069.433886777357,45.688297941462
4.6511082385718225,4.5288028990611044,9.718019819791795,0.9893256437742517,10071.814362872576,36.89209711408496
4.790283456284341,0.705014783566674,12.05857117712776,0.39306027379912284,10074.194838967795,41.82733862511695
4.752108058590725,-0.5970811160797451,10.82803394242867,0.8987724223429934,10076.575315063013,44.248381827431835
5.0597709206882495,3.043464195897606,10.321108427566392,-0.23189863482493966,10078.955791158232,36.431509503400406
3.94812428300943,2.6371517969161618,11.764465266898405,0.2025148022220965,10081.336267253451,44.175428343286555
3.9614630189441202,0.6057117892051624,9.51884688763607,-0.48463959917218263,10083.71674334867,52.51574604398003
4.5302789583992595,-0.17526182583793437,10.4262828174022,0.4219946260595983,10086.09721944389,47.68018954210778
5.009733250431552,4.4264572254720616,10.792057417029042,0.44952076641856226,10088.477695539108,32.667904807323865
4.2123499230195485,4.242528474244324,10.215590198929775,1.1985119591005933,10090.858171634327,40.37149413183814
3.7812561230925414,-1.6088212547254153,10.76039984512501,0.2410198986098246,10093.238647729548,49.58729811075861
4.856401493532523,1.436030570559756,10.474613040430254,0.3620471012530466,10095.619123824767,41.84679206469504
4.7596470396103205,4.620654663842187,9.265634503324359,-0.23541518825189087,10097.999599919985,36.472735268525426
4.360989905459075,1.4112744483324686,10.849126641877106,0.27068968631761925,10100.380076015204,45.31020467268057
4.393893456448675,1.3904518734033233,9.341968807002605,-0.18994560434379185,10102.760552110423,47.35976945439838
4.4001354841072535,1.7032334085543848,10.83860819175922,0.05793037942099994,10105.141028205642,44.28292031811718
4.725722812739193,0.44702935101243524,12.04980198858924,0.08725783077289757,10107.521504300861,43.00194113767151
4.506171606308117,-0.42778615690005406,10.397316694569312,-0.17615243667458522,10109.90198039608,47.28518671543096
4.843789690688334,3.7092013094325753,9.50953111891022,0.03147254827099675,10112.282456491299,37.71238252254656
3.8406871961236733,-0.6330218960415199,10.55670142234167,-0.1876475848567103,10114.662932586518,51.85689555739431
4.441524669622616,2.503293997603771,9.854393743763168,-0.1898655625169196,10117.043408681737,43.42797703336489
4.362269429220258,3.4632596507988564,11.283550100397822,0.5383323257511358,10119.423884776956,39.518370288644064
4.624689156481095,-0.04244520835650922,10.543729225797756,0.08770682091320568,10121.804360872175,47.080779888563335
4.541683129111724,0.7489957005465695,12.404158730169044,0.17353313610013854,10124.184836967393,43.18780762048622
4.943957041460072,3.956171387581613,11.860063208995278,-0.7286523844927679,10126.565313062614,32.76782038587247
4.148309680992552,2.936744722000939,10.54667187327961,0.21172916591519494,10128.945789157833,43.65165293713782
4.721265314555675,1.2124833541193016,11.418040839806778,0.26521173198761894,10131.326265253052,42.07160783854618
4.876626311952493,3.942790428367744,10.31187538637312,-0.19916931134437635,10133.706741348271,35.662200353901014
5.267627483456753,3.950225753506898,10.74174933403302,1.0425148381303457,10136.08721744349,31.87079174752921
4.5676116828259605,2.545006688959563,10.349039535479028,-1.1446136320920326,10138.467693538709,41.57303051177487
4.810987631292248,0.7921930248471676,11.47961160427014,0.39218356788527314,10140.848169633928,42.31219898113889
4.174000142216926,1.5232662647827309,12.148826463350709,0.35640240247743105,10143.228645729147,44.57659350528171
3.9990814028575232,2.574025625367372,11.517169565682575,0.27079146599970594,10145.609121824366,44.296530365197526
4.971610215218388,1.8625596912680193,11.643141761256695,0.0881063528193115,10147.989597919584,38.1060064081978
4.718019806888556,3.5548943640075956,11.646923028316579,0.27533966131251875,10150.370074014803,35.898221092397705
5.074752048588257,-0.14719562573151812,11.277830574154674,0.4340877397779469,10152.750550110022,42.11724868573314
4.3106880757902095,-0.09292266527860171,9.589974182978416,-0.362943791915997,10155.131026205241,50.89722745601419
4.880190639338819,2.420786665543778,12.432918181603512,0.1495978110900448,10157.511502300462,36.257130949024734
5.28637675880906,1.4131709837202457,12.539044438513365,-0.09165842101165196,10159.89197839568,35.36749181245686
4.853154852485446,1.210922524605566,10.503441587759104,-0.5468842001127543,10162.2724544909,42.39229248696386
4.811729739154595,-0.4995815537767423,10.369311484743427,0.3585849873066448,10164.652930586119,44.70324097520624
4.732834583390252,2.1828306066259047,11.355109891391727,-0.2821802123420167,10167.033406681338,39.647581979225635
4.260516147837494,2.0753877279823634,11.296200541806204,-0.7489293373897336,10169.413882776556,43.78310068463483
5.139965645687344,3.1357476495771044,10.54613173564563,-0.26955533035082446,10171.794358871775,35.22170810709005
4.551550007198346,2.2598973991080347,9.5007428762166,-0.39944944904656526,10174.174834966994,43.686742130318244
4.887666164387047,1.9586413409540162,11.05916107958914,0.5142395045950552,10176.555311062213,39.41332571313487
4.2689251379996955,3.9240579084995533,11.307588413679673,0.07659657027903882,10178.935787157432,39.07707150423405
4.38551212728432,0.19086572925161116,11.484665639837292,0.69119137284497,10181.316263252651,47.21174019884047
5.171391197235559,2.96516047991729,11.110830510076676,-0.33327811561652293,10183.69673934787,34.54972345720728
4.638189595780423,-0.3451338922145064,10.493116464914136,0.4370849359482497,10186.077215443089,46.29197380584915
5.179878584446079,0.905054474420999,11.760928157965505,1.4198114574039564,10188.457691538308,38.65694290143062
4.7219427572479535,0.34462227104203547,10.835469750837934,0.1780162335635701,10190.838167633528,45.10969763815438
4.194358990576998,3.3375326848207805,10.307394003349687,0.43082443116157637,10193.218643728747,42.64020535830754
5.016065324049368,2.06751467902681,10.594360029740681,0.3467588321127031,10195.599119823966,38.81115066542701
4.5729944246353185,2.1463865464185354,9.03174140301302,-0.7110376637129133,10197.979595919185,44.502466132351586
4.961086194015916,0.5075535517130256,10.598166264640668,0.29290864873372535,10200.360072014404,43.14517717162911
4.7605605943882825,1.7191246455181712,11.471542891654682,0.15322816032478445,10202.740548109623,40.410389293616284
4.291580004075504,1.024479026675243,11.125588306509657,-0.1298736916991546,10205.121024204842,46.417779940943376
4.805322394568296,2.7458718322527407,12.30916899957163,-0.4420181871024403,10207.50150030006,36.22898776346434
5.416419754268377,0.6850651714176044,10.528230084424361,0.34699162016351853,10209.88197639528,39.16363391067243
4.90696795000894,4.167406222777348,11.28121896297261,-0.48620186980531066,10212.262452490499,33.4039123985262
4.743336241551679,-0.3396429628005957,11.589347407333895,1.0668228023409485,10214.642928585718,43.820181549584234
5.084714497205757,0.9649612357276169,13.142166300053965,0.05708454174406418,10217.023404680936,37.19663148295395
4.826832279511644,4.691555258249618,10.946777473252236,-0.6116535238932518,10219.403880776155,33.23628740840445
4.828012626528225,1.524060116356539,9.76052812326822,-0.2569981391641694,10221.784356871376,42.92495651198052
4.439185777466983,0.2054642228031911,11.655348005114773,-0.13906716914490863,10224.164832966595,46.48983121558399
4.838349062683572,2.507403780437632,12.6758511869848,1.206188326961923,10226.545309061814,36.01092126696014
5.080349359870409,1.4667225266417372,10.49028032967618,-0.4422944734047482,10228.925785157033,39.95497830991812
4.520419723480604,0.9270201959796152,11.65661641702528,-0.05810863162569361,10231.306261252252,44.03416709666821
5.200109503816632,0.5380342887636225,12.04696940179345,-0.26891418493251124,10233.68673734747,38.983584144867706
4.7467716926976,6.33541607506634,11.838013988309953,0.24962924279083215,10236.06721344269,28.430265288288425
4.509475743144817,1.8065432141280489,10.949214694218252,-0.26094170685252227,10238.447689537908,42.984013978193964
5.076619670514347,-0.7034643422071327,10.127890770566008,-0.5695283330698552,10240.828165633127,42.43654562451838
4.69281558171534,4.426467206799515,10.74779396742965,-0.09764728989809934,10243.208641728346,35.26961637813402
5.008232477847853,3.1035250320672034,11.290383585614556,-0.14969692166612156,10245.589117823565,35.23975221862733
4.694374935256311,1.0382353700929003,11.742715901751946,-0.29612218881200675,10247.969593918784,42.23533824008934
4.765479549373406,0.7892729619257055,11.171149301212154,-0.26940517944855874,10250.350070014003,43.14625724838025
4.933020675397822,3.2001776036357024,10.460007791855041,0.5923478989405015,10252.730546109222,36.8453788999456
4.873747307206346,1.8206079687187147,11.398007549357493,-0.15987010713375216,10255.111022204443,39.3614902965162
4.189344585792286,-0.6969639810491137,11.705425725392255,-0.5670638312392163,10257.491498299662,47.18469477295054
4.453157282064605,4.873880216302283,11.22766410813523,-0.2310579818999281,10259.87197439488,35.34854504052461
5.0698800378619335,1.54305233495919,10.014580960883343,0.027167829732696297,10262.2524504901,40.561457418381536
4.7529430582526455,4.438413628005712,10.672076694035004,-0.668134818275677,10264.632926585318,34.87230642291205
4.636991990756755,4.113726691340693,11.80401878812479,0.8129889800031993,10267.013402680537,34.91371916340705
4.388066877842664,0.6955784048890492,9.475896115557582,0.4337897387531361,10269.393878775756,48.9426747916997
4.473246241035528,3.747896221490244,8.768452444130233,0.7150863718093897,10271.774354870975,41.69161085179481
4.192155954594728,1.221966539593353,12.372430488514354,0.1960640627438413,10274.154830966194,44.84919028148726
4.769840094304534,-0.5999013402625835,11.378480694870758,-1.0468487250650502,10276.535307061413,43.27380485260113
4.622222153239015,1.564271702575672,11.476513873477135,0.7676668583192567,10278.915783156632,41.896772707432994
4.513306531782721,2.7986448520499625,9.795685958067727,-0.4317841798549463,10281.29625925185,42.20340667851173
4.784375697359569,1.5091035112787963,11.612750685528681,-0.39109337200104943,10283.67673534707,40.53310961463343
4.915534094164069,1.7436560918845125,11.153191629627472,0.0781625719777218,10286.057211442288,39.586799572534964
5.435832818736176,3.920598026775048,9.296336313837278,0.6891149233350747,10288.43768753751,32.76733791241705
4.355839301535825,2.366010522038331,12.307668885215705,0.5266435669761999,10290.818163632728,40.77675595479401
5.158749882893195,0.9423429130079308,11.044791003446354,0.4531405600880104,10293.198639727947,39.80695714916508
5.104397634872463,3.261356929879617,10.492746552263737,-0.15591352643727666,10295.579115823166,35.272306767925656
4.580271295586485,2.5058460953643644,10.513564240502774,-0.16380376304605587,10297.959591918385,41.32286803614305
4.876502208773513,-1.5720529205945954,8.879056178830208,0.1729718339900333,10300.340068013604,43.7392657600801
4.679774106761278,2.853905425032215,11.490339411298141,-0.06503542064176634,10302.720544108823,38.19153446638202
4.874303669019696,2.800141124836869,11.161585375946302,0.44465895366467656,10305.101020204042,37.262839771830805
5.272869766413605,2.243602002632783,10.708374023030885,0.4150588322476133,10307.48149629926,36.145475827562876
5.00334605384645,3.5519936609757337,12.18366597910866,0.2956706605863528,10309.86197239448,32.81774844812608
4.975780771858558,1.206875130102597,9.524048998583755,-1.2629806408846893,10312.242448489698,42.89049250199941
4.695639893900255,2.721238143155783,10.313863416764203,0.06399418183863202,10314.622924584917,40.160990365762196
4.3810504745741214,-0.13292740738341502,10.063356143553253,-0.05442694036635058,10317.003400680136,49.52424346961861
4.765262149220727,2.8291706500201474,10.637298553353514,0.08401280087976572,10319.383876775357,38.84902835115354
5.1913205513401035,5.149148279897131,10.986293322823318,-0.37716231927320343,10321.764352870576,29.117124905301367
4.372723594568766,0.728298105662462,11.351567215448085,-0.6623929551996126,10324.144828965795,46.17011515612159
4.515883341924036,1.0819035702697004,10.577311262231852,0.23156923998752008,10326.525305061014,45.30220744558568
4.871827028245303,1.1576079739127263,10.04966063351192,-0.17815065886603096,10328.905781156232,43.05687288898788
4.5400871810855925,2.4186530830622406,12.615755601396705,0.2873464968537997,10331.286257251451,38.7090364415646
4.599263845736551,0.6301261773001656,13.344121756003883,-0.33545718884238557,10333.66673334667,41.61439115685136
4.711478922850656,2.8575767329492097,11.078501778315996,0.7079553202463383,10336.04720944189,38.546474117347735
4.430411247776711,3.496990897559585,10.181168911261366,0.5005324212853817,10338.427685537108,40.542479406995305
4.549398241000144,3.0292773500907133,12.41613821080239,0.14841355427294017,10340.808161632327,37.40741338056848
5.054201849899199,-0.42384082188177086,9.496662404539101,-0.10664420669297359,10343.188637727546,44.26178953929333
4.452501574358322,3.72255983708965,10.611382246899815,0.4262044388990985,10345.569113822765,39.156514442059574
4.366890257010417,3.636885719619765,10.25277521062502,0.19627390761870298,10347.949589917984,40.59350082892972
4.658784145996609,3.477103151757308,9.792094031517117,0.11929209396530242,10350.330066013203,39.34882790535818
5.068918387274294,2.7921511973312976,10.674343298671722,0.5214327047798043,10352.710542108423,36.456759960469824
4.7917956449534875,2.5641987628760687,10.092934031675021,0.7132680772033201,10355.091018203642,40.11573688566939
4.713038668915736,3.783526092089876,10.972499783882736,-0.6262055922427723,10357.471494298861,36.37812574262532
4.867261790769622,5.121239665748476,10.989762325921248,-0.5251920536749032,10359.85197039408,31.774163020589953
4.331783434988217,0.8074364148501334,10.343993902871109,-0.390130362739399,10362.232446489299,47.81115062866227
5.005449228476447,3.855213115254782,10.597553367573129,-0.7512122988217759,10364.612922584518,34.42204333269177
4.9736102634295065,2.109727522327763,10.739959483666802,-0.031374262784575585,10366.993398679737,38.826859861244344
4.737329787610827,2.0455719751834613,11.78339686972306,0.3000582276222531,10369.373874774956,39.312336456570144
5.16344261337625,-0.0636858623481742,10.82786439420217,-0.010709147476168312,10371.754350870175,42.29144784581631
4.524959714315848,1.8149549150614137,11.803739152344782,-0.26706082080644783,10374.134826965394,41.55732626930251
5.203124880308917,0.7472706846026074,11.56759464103527,0.563228878564579,10376.515303060612,39.155432284469235
4.9126442745091605,1.5484158056281387,11.556057229932893,0.07027820160337482,10378.895779155831,39.49372044495703
4.766874744531525,0.5979474386627603,12.375118008559266,0.17149148368315917,10381.27625525105,41.807456434252
4.863423131715529,1.5728942339145058,9.87062729327813,0.57711740244988,10383.656731346271,42.35443842157231
4.838750847580437,1.6381213160140413,10.519581831157275,-0.06162096942556687,10386.03720744149,41.41531718258548
5.238560555413383,2.3934495019835795,12.758811131833912,1.0301070363123404,10388.417683536709,32.96967510398312
4.551017711577766,-0.1727771602242827,10.740943854644636,-0.22390750193588302,10390.798159631928,47.04849962485021
4.646811795572745,0.08210115659316441,8.185885318657217,0.9989741022564499,10393.178635727147,50.3414247659493
5.188004906602775,2.7942807654164774,10.800789948373948,-0.4873675909562103,10395.559111822366,35.309073911075686
4.700000384256833,1.0562834009361788,11.141447734273456,0.25874245144022073,10397.939587917585,43.04711682219471
5.150367968009079,3.8652667152179645,8.392145628896971,-0.32126608440311855,10400.320064012803,36.545671024537
5.39158637387648,2.592408302338481,12.345945558063711,0.5597830584905462,10402.700540108022,31.867369916046385
4.762764959222294,3.1656788701794674,10.301049255787348,-0.23911630392921424,10405.081016203241,38.532109267091954
5.089260407774945,4.372606287166245,11.346077265947255,0.14543559532204295,10407.46149229846,31.33528512096396
4.540292622064618,1.793033986601191,10.79428566615207,-0.3252709980207848,10409.841968393679,43.00364555775198
5.114369246717792,1.3969027800738858,9.73466948265809,0.46861258683330714,10412.222444488898,40.99078485208581
4.949325758091006,3.567219586594871,9.955267087222316,-0.3278756303195697,10414.602920584117,36.5544443379513
5.03295970610722,3.024969160200633,10.093447335055396,0.8417074223713342,10416.983396679338,37.033728448057566
4.69892661317937,1.9807366917947073,12.116957659921393,-0.49799855348069516,10419.363872774557,39.28130887519619
4.39582357761732,4.349952685292228,10.88650377152202,-0.6728139591640734,10421.744348869775,37.628774008547836
5.04667494337646,1.9454330845411765,10.514933281584447,0.47577603903954313,10424.124824964994,38.99061781925871
4.278229454038561,2.313994056188604,10.104947353689585,-0.29582182013176084,10426.505301060213,44.83175819668562
4.803596682107079,2.29770186277128,12.238464585579173,-0.0036186567247678074,10428.885777155432,37.469275007846406
5.1827081738699246,0.8650115669482488,12.509274363979468,-0.16112057691786041,10431.266253250651,37.61189414570078
4.959475073036591,2.3843152524127063,12.232576347195,-0.6563041335763451,10433.64672934587,36.014546763883004
5.487961038209023,4.364112429279123,11.543029774304529,-0.038496832069169,10436.027205441089,27.87148595967321
5.212543837210663,2.9374598673550176,11.343183093312721,0.632457947486151,10438.407681536308,33.94122499395807
4.7103947757691635,2.317638001109621,9.840176479387363,0.5015685016527828,10440.788157631527,41.7624820719916
4.916311861219624,2.0294276430942917,10.813057046203063,0.1158963813129624,10443.168633726746,39.37635043320269
4.895460545664871,2.7694150468949945,10.377778474748144,0.5561341465175536,10445.549109821965,38.346110305321325
4.4365729907550255,3.39880062257302,9.238889703919938,-0.5297592923470883,10447.929585917185,42.15207996164734
4.630660962310872,3.189045337838748,12.124208996509683,-0.16272716445250315,10450.310062012404,36.79578546215163
4.746107336826187,1.7784264465471278,10.374100025021315,0.19790247036510408,10452.690538107623,42.023925151490715
4.305024783893983,2.7644330143323477,12.268636902547776,-0.06520741340855585,10455.071014202842,40.245763839195604
4.931694655223528,2.9982073548877746,11.957207049200964,-0.12341166523827862,10457.45149029806,35.1151137971909
4.844281095516047,0.7685426179841723,11.634944908032457,-0.6003218661605476,10459.83196639328,41.871977328862506
4.418690866849063,2.5327185032705652,11.693877915749916,-1.0406706943213557,10462.212442488499,40.777859933406205
5.043379639322964,-0.9605453096270331,10.468447504130319,0.40893321247481806,10464.592918583718,41.54892835515322
5.138434699810935,3.006249149000875,12.944379709341591,0.12161078662611292,10466.973394678937,31.96032996499794
4.993340670893647,3.2740014666668094,11.13242379048048,0.4509991891050465,10469.353870774155,35.16963528046308
4.829567679668676,3.405844610167267,11.393999475752246,-0.2186179710791872,10471.734346869374,35.75784782360405
5.105778936920762,1.6929939160091194,10.445761517802616,-0.356388942413797,10474.114822964593,39.25264143790719
5.133970912868706,2.750173455686518,10.166443280957616,0.003273983318317223,10476.495299059812,36.80313413639763
5.023684743138749,4.423573216460312,11.577675870538922,0.4270998243064082,10478.875775155031,31.38507520793084
4.6856392187562115,4.409336401694648,11.320665307292813,-0.11572610749382713,10481.256251250252,34.510547284774475
5.017562699370443,2.2459625976382185,10.31657202470558,0.4008925921642429,10483.63672734547,38.769733873882544
5.294786594961835,2.4997410459038005,9.67027088071649,-0.5031540027965434,10486.01720344069,36.88694830447108
4.758713966294425,3.9581685063536125,9.841548350677687,-0.0807235665849336,10488.397679535909,37.272544477744034
5.56864512394808,0.04163919191230514,12.310379623239287,-0.035057072039015535,10490.778155631127,36.88117159377566
4.783135034509795,1.8092692624547364,10.503767189270658,0.61319497196096,10493.158631726346,41.456095783878816
4.952107765371163,4.2982794575512155,10.78088818564705,0.10381369900795415,10495.539107821565,33.46610695468209
4.742201683397585,3.7587657206601395,12.572913347113703,0.8730387591470975,10497.919583916784,33.80610221049841
5.01249066797258,2.8509019446058583,10.003199513529589,-0.6738423999737413,10500.300060012003,37.76802052441033
4.424405318569589,0.03929927624418328,10.401132865589915,0.06495945220563984,10502.680536107222,48.90480996244796
4.7848220500454755,2.224224376898585,10.362139108666849,0.0896990195902229,10505.06101220244,40.617653994389464
4.622561347082897,1.4152587104167447,12.751753293943757,0.3100465987934336,10507.44148829766,40.35373250637933
4.99236268321878,2.7977324734598823,13.129847818539913,-0.4066799682244456,10509.821964392879,33.37199562279018
5.251659217334045,1.0881966425952614,11.890807678169056,0.842223169705418,10512.202440488098,37.430023137585906
5.148691040812671,0.7646743639902922,11.925409941360115,0.006481970735879598,10514.582916583318,39.01067085148273
4.244955910584221,-0.7929954372975363,10.564451608421738,-0.543533756467459,10516.963392678537,48.21118670944978
5.570639503050489,4.138052765579802,13.09491712187695,-0.00801249520680927,10519.343868773756,25.44737637883115
5.048167831855276,1.7067334659480902,11.418067542659132,-0.15658076144005678,10521.724344868975,38.22072236629887
4.7281997041846555,2.5431516397755054,12.006264835707617,1.3916175711236645,10524.104820964194,37.80712601352257
5.0098537728600325,2.3051197567305617,11.050413545073933,0.5249717997625067,10526.485297059413,37.582750107682436
5.017138648910404,0.7083702353323149,10.890690438733895,0.024830677854108692,10528.865773154632,41.75592956228514
4.765793746237626,0.42196820704310656,12.824550457503843,-0.05595834259960232,10531.24624924985,41.58190382623546
5.026790374855869,0.8036375607729775,11.704017679121856,0.4755284312407325,10533.62672534507,40.22055658053782
4.786741055863958,1.2279025031892772,12.61845589155936,0.49943108016410726,10536.007201440289,39.7086314577761
4.8492418660064995,2.863609679729712,11.425195662969056,-1.4557749596603244,10538.387677535507,36.90924737817014
4.766234798917091,1.1211691978148266,10.32428864516556,0.3214965773666669,10540.768153630726,43.58076564637787
4.543885582718481,4.935527260485517,10.592100568704403,0.01398327198931333,10543.148629725945,35.42194633398175
5.019006694868407,3.8575637230422553,11.281197693671352,-0.6555719108934881,10545.529105821166,33.28224059294007
5.152414723088761,3.5304225859211353,10.554521814416868,0.44010706981208847,10547.909581916385,34.12284302886178
5.13285946345349,2.1394412360439934,10.076350830715558,1.1230940067791326,10550.290058011604,38.47399495618876
5.225941807084519,4.591397257776691,12.388020109642934,0.2783979734138904,10552.670534106823,28.13194223441772
5.078836495128434,1.9940145080676293,10.644524475174663,0.5502142211284321,10555.051010202042,38.41748505604146
4.823287337655579,2.275177870182397,11.330379391561364,0.9020595459822018,10557.43148629726,38.73018753595733
5.236575055613335,2.578079073813223,11.491112961057121,-0.41513107536002586,10559.81196239248,34.42553242897458
4.578991897661379,3.3768993338909894,10.609619602882027,-0.9287857225834586,10562.192438487698,39.01138707965845
4.717617362356849,3.2805746365782067,12.651366181172016,0.3284330316547509,10564.572914582917,35.08057523794167
4.700130727346907,1.6135725815156814,10.086219569948952,-0.12380576822072552,10566.953390678136,43.23569337251212
5.314979892345612,1.527818137263615,11.467781840654226,-0.6870867261857715,10569.333866773355,36.45894275709473
5.2753723088424325,3.2882116054617327,11.455070158999535,-0.0390849680678966,10571.714342868574,32.3938872771069
5.140300359877152,3.402260735012618,11.157494354937903,0.3637736868953101,10574.094818963793,33.63570375104439
5.317261136657089,1.7404280974947242,9.917633479338773,-0.07448583238217997,10576.475295059012,38.23439044399831
4.733471084866504,-0.04927815812428005,12.088161408912532,-0.3934138153675187,10578.855771154233,43.87679381238847
5.103408552211596,2.021579200156501,11.963652921451578,-0.11175353014825513,10581.236247249451,36.17330419973861
4.9628521385682065,3.268891676294225,10.547372746223282,-0.009738232650672751,10583.61672334467,36.30389458138386
5.256043903245136,5.042778117682779,11.933228135346983,-0.9647411313130411,10585.99719943989,27.44486127681148
4.968987161477161,0.5387660106508876,11.603448897399122,-0.07138747658534662,10588.377675535108,41.496014335456806
4.889647078049608,1.6968964171358942,9.95072997832357,-0.6721702360724459,10590.758151630327,41.714487365278046
5.168978367637393,1.7536985324246654,10.380214751329257,0.3295129760105481,10593.138627725546,38.69360460084531
5.271132783889582,4.37256269830206,12.375227282635734,-0.780521287793389,10595.519103820765,28.336690059174586
4.80935505110794,2.2874934890200382,11.549164824363348,0.5063461022754681,10597.899579915984,38.482678632041356
4.9931128381526895,0.9799671873138696,10.678249124515421,-0.20458253460697073,10600.280056011203,41.58780563972068
4.69548063362898,3.180051473530379,10.386880239887759,-0.27148785338600606,10602.660532106422,38.90570588731057
4.26517215680332,1.7361025279727151,10.732767023308938,0.14722729865098602,10605.04100820164,45.43921589067824
5.076306343971699,0.5075313929947889,10.806486611540215,-0.433017222611696,10607.42148429686,41.91099084842911
5.200418408087003,1.0060045732261829,10.40780905841184,0.13937287706503204,10609.80196039208,40.269927714620756
5.097945544766315,4.947279932994126,9.514814557910558,-0.36605438734418533,10612.1824364873,32.576013972518325
4.436036041710324,2.9235835371652827,12.399399165577023,-0.27836725616238467,10614.562912582518,38.60365407503867
4.91722913717668,2.509962727311896,12.232827390299661,0.20267708466456766,10616.943388677737,36.03801899885733
4.358559401513939,1.9745352159681064,9.991746734022943,-0.5692903668671914,10619.323864772956,45.207566646933806
5.436554179321813,2.7886524945285696,11.404122579164659,-0.6321686508811785,10621.704340868175,32.429751460357096
4.701407944053077,2.7718367981294105,10.368382808287016,0.12411275370517091,10624.084816963394,39.906570239821335
5.40542622735607,2.790790005323057,11.011864144805646,-0.013449926244692293,10626.465293058613,33.26181895063533
5.314147217619597,2.5258585184261984,10.931475774818527,0.084346372404696,10628.845769153831,34.774962300749934
4.761790752916439,3.6578427465764953,10.851219755263918,0.16381961836071035,10631.22624524905,36.48423747733138
4.693714261626489,2.3903563503389718,13.284813300977287,0.02868777690349064,10633.60672134427,36.54717507967473
5.140243054418923,0.8898464063397229,10.844353407773626,0.30404631198353443,10635.987197439488,40.38690943713887
4.783417375010961,1.439175387759286,10.47922877256131,0.04871814348932924,10638.367673534707,42.41587937167213
5.069042929642859,-0.609663015570971,10.527725302939213,-1.0036519498376515,10640.748149629926,42.13191106952088
4.895032564749489,5.400146235391298,12.336898453275648,-0.8739422973309278,10643.128625725147,28.834026213612375
4.507116976814693,3.655108222031952,9.64383455924819,0.9639745901210414,10645.509101820366,40.33954179153029
4.373908108746517,1.1169266002953808,10.536129998202444,3.5933529431513085e-05,10647.889577915585,46.412223631985746
5.112638156528357,1.9403213138910018,12.74839240807594,0.4751208258585484,10650.270054010804,35.125502850931724
4.877750279743566,1.4088303577855192,11.548373038918097,-0.17285195281353796,10652.650530106022,40.13336230921053
4.881875734397942,4.679022603375964,11.499126768542215,-0.029007547196965206,10655.031006201241,31.998747463563234
5.258147261196399,0.23644299323911566,13.44216976586506,-0.2266823271354218,10657.41148229646,37.18045977853343
5.403006576620731,2.5390300173155005,11.559190430514716,1.2329636657306824,10659.79195839168,33.08958669797333
4.970796615551841,2.205581590792984,10.607476117681099,0.1266212111820712,10662.172434486898,38.808458922081165
4.9519669123834635,3.6096889623679527,11.036405653268401,-0.26742895275309875,10664.552910582117,34.80543381510981
5.205776281053278,2.214475072492366,10.185871461847853,-0.8257698567150954,10666.933386677336,37.538794877571085
4.650239901038583,-0.26576626701751493,12.580062501257398,0.9868667213679261,10669.313862772555,43.26357137226145
5.125854043368761,1.995928665999307,11.901509498771297,-0.08163919261415167,10671.694338867774,36.15108173989469
5.226061827653749,0.9154206971564145,12.45418488082796,0.3721145597807986,10674.074814962994,37.22167631463704
5.266153361961693,2.494092186125777,12.545578238658532,0.42799864515327296,10676.455291058213,32.81717528100421
4.482647106181618,4.527047499402062,10.921207738063325,-0.23141526171518528,10678.835767153432,36.43939279494691
4.836855307652282,-0.23229660728510826,10.393490505493268,0.336226387693078,10681.216243248651,45.13418026232907
4.803372238577182,1.1775667065162922,11.289355714335017,-0.30206914337580876,10683.59671934387,41.69507175358928
5.098406980742897,1.549921165604843,10.471133852625032,-0.4952131810197079,10685.977195439089,39.63124046110717
5.214254302513092,1.8075739759353142,11.511678526222708,0.5822323462561062,10688.357671534308,36.49951285072291
5.520634439145708,3.4912693740991414,12.48164588867809,-0.07909468991109968,10690.738147629527,28.384282218569354
4.924722415297359,2.1218247465964395,11.184237348453555,0.25925641680132766,10693.118623724746,38.521302788449695
4.925531406577538,3.0069061926275356,11.505200700699387,0.20546049694088553,10695.499099819965,35.820682214761774
5.4212962125630995,1.4456035056686525,11.264189240486813,0.3189659800276445,10697.879575915184,36.11933767459335
5.166959493454393,2.730210792723774,12.163592304696014,-0.7782684671008124,10700.260052010402,33.5934086135114
5.459874024414173,3.5530821603550926,10.695912843147763,-0.29264526565818494,10702.640528105621,31.39443313907725
5.1677894852898625,1.2889980649856416,9.1700801106003,-0.16223757874821249,10705.02100420084,41.68006878931654
4.735628966268715,3.560546480964903,11.84022699605573,-0.4157393364507453,10707.401480296061,35.45326157335444
4.684418667111791,2.468130602121441,12.360024952054896,0.2145034240081939,10709.78195639128,37.814286729719726
4.620497074656543,3.9588241936395265,11.821397799201595,0.5934465387979487,10712.162432486499,35.40686621984645
5.286160229797504,2.089566602797848,10.737626712300807,0.6725923276731489,10714.542908581718,36.38036158617413
5.445718010458458,2.964626291764718,10.245679392538118,-0.16960238260494181,10716.923384676937,33.65417109811335
5.6455422442773155,2.3329130537231393,11.87802393508948,0.14598293122895356,10719.303860772156,31.186343508839414
5.345260194054072,2.2505673365105316,11.527840898458408,0.22282175224504963,10721.684336867374,34.31973875860348
5.442775514279946,2.784344936351502,11.263405489709584,0.31062804710176467,10724.064812962593,32.60182531031731
4.921514742052349,3.2022242984029923,13.214498261835487,-0.4390675365363219,10726.445289057812,32.8005739248205
4.750190951820953,0.523729763343399,10.448072255763753,0.910290134132483,10728.825765153031,45.01703959342825
5.353735905731685,4.549591817231096,13.172747431805544,0.46326009217322234,10731.20624124825,26.037012063360464
5.2256130950071995,-0.38928864793444484,11.432333005911314,0.4763246718462205,10733.586717343469,40.073374111239325
5.1341392991332615,1.374052493278985,9.567817944162002,0.6017300284501984,10735.967193438688,41.140027457493446
5.219714902683157,2.260932032848156,11.227025716335543,0.2670679711329922,10738.347669533909,35.749412121911035
5.2020569290596415,3.0219348098437084,12.368565026505538,-0.5136567115254862,10740.728145629128,32.27586000315529
5.491844522273818,4.7687251011572345,11.046855125982141,-0.06948636577755336,10743.108621724346,27.573148379943163
5.49679367392506,-0.381905233351012,9.939973456059334,-0.8255266975309578,10745.489097819565,40.16092734113299
5.2731629925109536,1.645056731954667,11.253079933641784,0.2075362548495421,10747.869573914784,36.82243432956302
5.365236991073257,-0.7825861454959799,10.563265189316077,-0.08460682908277337,10750.250050010003,39.276740923699876
5.267314491693991,2.4561634448430776,11.915095691695178,-0.020261191763465854,10752.630526105222,33.84843191679761
4.976344757185006,2.8173224946136406,12.199525463703864,0.6020005650428256,10755.011002200441,34.846647510430046
5.34326538426482,4.797057601117464,10.372700226546787,-0.22849701927822966,10757.39147829566,29.7021825832676
4.699548120295237,2.5928832353088587,10.72601219546749,-0.12606157938603818,10759.771954390879,39.832388656164724
5.435665119970572,3.9790361303514405,12.191304961607926,0.010986647981608144,10762.152430486098,28.280131271944924
4.76274213984744,3.289821636826755,10.578665093749485,-0.9199961247068162,10764.532906581317,37.80551114852936
5.208441729477766,1.7622615334518117,10.358198741397509,-0.1330318278810016,10766.913382676536,38.38951421845208
4.870756631740247,0.30276075932400426,10.264513880235913,-1.2428974561430917,10769.293858771754,44.88027422741414
5.291921944185825,2.8297736136133804,11.798092389426557,-0.2927607809478696,10771.674334866975,32.893051828340106
5.117330465647178,0.18018566323232088,11.758060890051777,0.4275945266964137,10774.054810962194,40.97380078166411
4.650684384305256,4.3622180568406375,10.767707163850748,0.22363327912553452,10776.435287057413,35.73741903768024
5.256924553555159,2.1773832897778402,11.459689243683105,-0.29741015522703806,10778.815763152632,35.311611481589466
4.958942277861812,4.214311791208209,12.984587514664687,0.020399109111906177,10781.19623924785,30.315801027087957
5.3982667279843,1.7022934899615931,10.486246886175625,-0.5374947835652027,10783.57671534307,36.82876212195818
5.135924973355927,2.8269610240918905,9.51141697629729,-0.0011717015747600822,10785.957191438289,37.57807218847692
5.2557584715139845,2.7387780699337485,11.921088332871612,1.465160142746255,10788.337667533508,33.22535455374634
4.85146675272163,2.3582587824677432,11.358465394722757,0.9229006601859657,10790.718143628726,38.254920929973466
4.963543387293258,1.7779061010527561,10.76169590291195,0.02631106500863056,10793.098619723945,39.70434379465412
5.004357437553067,3.016650046628042,12.126656287814273,0.08007208245768721,10795.479095819164,34.23353095128395
5.400566098284738,1.0397920075831684,12.316656885490072,-0.4897826573172755,10797.859571914383,35.72100586652907
5.648375160548849,0.6159550293662128,9.27201004093271,-0.4008945539755252,10800.240048009602,39.365096080794615
4.905217542846222,4.295419718902965,10.83054710110244,0.18109216105234704,10802.620524104821,33.77388970831916
5.4714309000949255,3.5230029544698986,13.803518820881514,-0.2624462828182425,10805.001000200042,26.715767181743573
4.499080973875099,2.532160212365233,12.072265714363187,0.452074797425791,10807.38147629526,39.568553106541344
4.793335475526964,4.932108437718773,12.167823275372086,0.7848428404888785,10809.76195239048,31.071310188429223
4.8655672098271125,2.0338188863681625,12.667473383845959,0.16631039239051942,10812.142428485698,36.98970502969375
4.749056944846074,4.42059453110233,11.514508028183354,0.05086860291996334,10814.522904580917,33.68429607120055
4.681342193903815,2.7009736012821253,12.296984090474,-0.8403898124553258,10816.903380676136,37.35135230985317
5.2819278978098785,0.901559357664441,12.221223331247938,0.373805122636025,10819.283856771355,37.15884342648796
5.095417782345284,5.211819015432036,12.045064770821458,-0.5718356507695291,10821.664332866574,28.13951304642545
5.275069932606931,3.9268984788197265,11.186873919738858,-0.20900456431670988,10824.044808961793,31.20188346248696
5.37000069499026,2.260374379588191,11.683808058639691,0.4797879461925675,10826.425285057012,33.8633464031479
5.244154917100627,3.533736768733502,10.92625144751343,0.514879082154516,10828.80576115223,32.82304157009108
5.3634100561556926,1.8384989178768603,11.530291821563083,-0.2332537636750586,10831.18623724745,35.20103452371768
5.146833055766265,3.688852047015277,10.351851759703305,-0.20445776745999314,10833.566713342669,34.07542779677672
4.813206717642242,-1.1404146918366291,10.732584424965207,-0.34965943662833593,10835.94718943789,42.54443289182269
5.488261335041875,0.9175760533218669,11.243762768378424,-0.5989268726629554,10838.327665533108,36.9343250337927
4.99579614178962,3.9172428041797502,10.585236402568073,-0.31739774105212093,10840.708141628327,34.36266925138155
4.893463946990207,2.0749452504175774,11.026792216577373,-0.8065650094573443,10843.088617723546,39.124736973168346
5.122380883039244,2.761817606186822,11.370751793521041,0.34153129075413247,10845.469093818765,35.06028122993743
4.90352673331989,0.4314015128994111,11.939809027524545,0.19726180258093787,10847.849569913984,41.78356880990553
5.053755012006948,5.224456577955673,12.489673526926293,0.28026464243525634,10850.230046009203,27.774308168665797
5.283814774734403,4.239526864420091,11.079502025538094,-0.4772020252875714,10852.610522104422,30.511411602767396
5.2867159458674395,2.15378112183274,12.881261815657249,-0.5975352817575281,10854.99099819964,32.99992690499276
4.914479584160803,1.848841950764005,12.487639708116145,0.026757137156780117,10857.37147429486,37.33059888762934
5.039132526365412,4.001369300962896,12.055994522166227,0.03205128247511266,10859.751950390078,31.599524753420127
5.509359928009303,5.431745692972212,11.70842250988014,-0.07363491375647266,10862.132426485297,24.783122578674835
5.33759630439326,3.889757896432416,11.876767542442902,-0.14474163459392472,10864.512902580516,29.759683510108516
5.812812377539142,5.717899244917956,12.74757180086119,0.8553878888471933,10866.893378675735,20.08139516610018
5.5459482686851915,1.0777462174489456,12.786974889204133,0.2130125058964892,10869.273854770956,33.7575859730899
5.536815042125521,1.2332711686235065,12.901217166708157,0.9853391957332455,10871.654330866175,33.27047599137484
4.778784215582256,0.6800181767326416,11.610473108710776,0.6344825127158166,10874.034806961394,42.65397117044418
5.425920899537134,3.1271495038389574,12.12698990997125,0.8516354630086724,10876.415283056613,30.584274179148665
5.182449121032798,2.7289927657344695,12.918446349363155,-0.537231383178001,10878.795759151832,32.340255593356716
5.034705342141812,2.2387399035942126,10.954061535222785,0.2965854954990149,10881.17623524705,37.6944152010458
5.2520235611911135,3.6816339148725183,11.26223907344855,-0.2158827444966865,10883.55671134227,31.886368113116973
5.486801849409521,4.317318500506047,11.599571576837613,-0.8316933556797664,10885.937187437488,27.912931588202298
5.355107650488712,0.18141183486136958,12.486013268090428,0.7480015847777629,10888.317663532707,37.97658930680124
4.942936171112856,1.575527499158643,12.504466926746133,-0.14684626285281457,10890.698139627926,37.76099149308135
5.430836478087938,3.7022812605246913,11.361311540375668,-0.5275508151333422,10893.078615723145,30.255637713421265
5.018443388048694,1.7715384079931158,10.086447702369593,-0.20728193162434672,10895.459091818364,40.29393532207327
5.2763457871887525,1.2769181197957462,11.844123235850574,-0.39811206138690963,10897.839567913583,36.83075354922475
5.121957386250962,4.00311441247166,10.682505918661114,-0.3468489838083336,10900.220044008804,32.992796000821485
5.148924440134703,0.54213943918429,10.113769245413806,-0.11080169509132473,10902.600520104023,42.28260201284094
5.446079471495484,2.0251013409688965,10.342717913014429,0.8654075965223714,10904.980996199241,35.85453400609225
4.905771080533155,2.9715188363591625,11.935855134917425,-0.33315860827231286,10907.36147229446,35.42125156246071
5.80301069042225,1.6189049078942679,12.973396770957997,0.8296353321095953,10909.74194838968,30.068557050449343
4.674749673178718,3.6554504799978074,11.654139838844364,0.4244183979897608,10912.122424484898,35.98216665630919
5.043398868985161,1.6284839865116918,11.829512519466618,0.19813578179304303,10914.502900580117,37.83733030263956
5.335386775105344,4.595811378917427,12.80391397554072,0.3740600161259375,10916.883376675336,26.621506388552604
5.401241846381271,2.2953456180567926,10.079451929050983,0.006827831918728763,10919.263852770555,35.93252329023137
5.197429622773674,3.491953431021487,12.146971690836157,0.643025051931713,10921.644328865774,31.470221904002642
5.211980224705883,3.6051675532117886,11.618094545648017,0.2834901316335504,10924.024804960993,31.864097500851443
5.353987912032444,1.5459052535066633,12.19863147915946,-0.8323329925127565,10926.405281056212,35.00538635123459
5.16312784819132,-0.5919306953647503,11.151980431913739,0.14812596594498253,10928.78575715143,40.48717982818696
5.652029227970214,3.030516865722247,10.820417999510838,0.39198657149630756,10931.16623324665,30.97684701266641
5.487506098186994,2.5989000966323133,11.781755773472295,-0.14450060930060862,10933.54670934187,31.93006731271481
5.499175536713627,3.3252911956373157,13.293330401400127,0.06312793635696633,10935.927185437089,27.753372115097505
4.949108436061887,2.1528457601410844,12.507942021115706,-0.30642899733720347,10938.307661532308,36.263105079478635
5.216766501579029,1.848080471066086,11.142232614532334,-0.6888128280317802,10940.688137627527,36.93231788790405
5.152071174278909,5.507516822402629,10.311847446498934,-0.77518843546562,10943.068613722746,29.54686738001375
4.942158830349314,0.2873617364379357,9.973646926179821,-0.7685339935344317,10945.449089817965,44.78385462684092
5.353517136567568,3.5979043051355832,12.974709018755084,0.33452237123526607,10947.829565913184,28.715038616487874
5.085803146544231,1.6361617953103642,10.706423265425375,-1.2451408541881643,10950.210042008403,39.16353544123218
5.445347369494239,1.995482887082145,11.338888756852473,-0.33323996348174056,10952.590518103621,34.44018069106201
4.929298452498511,2.024583032050259,12.988510541840796,-0.3828266426226889,10954.97099419884,36.02138898712507
5.767698160213652,1.2961725729838518,10.05629583582964,-0.14107976799373226,10957.35147029406,35.53353953208669
4.984716587944435,3.359247239035729,13.16536030595871,-0.9282157749681014,10959.731946389278,31.976108739917137
5.321037850009785,4.589463493158039,11.422354477395771,0.20194404737030933,10962.112422484497,28.82450675093297
5.4944360594603285,3.2096060027659306,10.530311380483765,-0.6365806970799495,10964.492898579718,32.2250294466769
5.08731760894478,2.6607461529880183,11.434444162637423,0.5662027703546345,10966.873374674937,35.497927502015585
5.515882156862256,1.0271002939060443,10.962099332078292,-0.31088284379441616,10969.253850770156,36.8620430122194
4.893018664486457,3.283087061287731,12.128417565708528,-0.047806511705960175,10971.634326865375,34.45550668232623
5.6990415877422125,5.743461966252244,11.04236761586768,0.0018869282776031355,10974.014802960593,23.48546095863017
5.269283945804688,1.9389841751840011,9.781760751418663,0.122120526430286,10976.395279055812,38.3256268684745
5.087748986418464,1.9471395701782859,11.47574397014057,0.018507188748071127,10978.775755151031,37.21654322799572
5.1785514737417175,1.670570307175136,10.34266562410448,-0.21355527436631594,10981.15623124625,38.8811640059717
5.512615737115237,1.7791719524566503,11.906435361850402,0.1715242653470216,10983.536707341469,33.59149117916087
5.096237673736415,-1.6035664896475454,10.517890576679424,0.2330735652474771,10985.917183436688,39.44434652097068
5.048401613625492,3.1230256924184525,11.219914166520937,-0.3825673335548102,10988.297659531907,34.97535161016853
5.208382954504634,1.2482343579879158,11.893421464267234,0.2131839094867785,10990.678135627126,37.372218272592285
4.923390667442847,0.10225818932819175,11.501282255008109,0.595860151200848,10993.058611722345,43.10530580462458
5.824278195317118,3.648528273221872,11.967079212662508,0.3529470980522763,10995.439087817564,26.333834935414615
5.109832721397545,0.8968073882784036,12.39984467462791,0.4661876208235935,10997.819563912784,38.279552746181764
5.5308725646101236,2.012921438345032,10.564533018057142,0.08596042445372272,11000.200040008003,34.87391636017071
5.345865338011027,4.7216797953939995,11.66097901567164,-0.4680752230374396,11002.580516103222,27.937409283919322
4.9893012360994495,0.40928393712592337,8.39878322692572,-0.40482222985182253,11004.960992198441,46.464205428001016
5.28451253097422,0.2253019439287156,11.978531423883481,0.15994398392720582,11007.34146829366,39.19284775655923
5.523137624191913,2.9292504779426327,11.433295719222826,0.47138186257615516,11009.721944388879,31.341829232773875
5.233096590700099,4.2506143734995465,10.753572443146012,1.3929559569970278,11012.102420484098,31.37833267593132
5.649147429975255,0.16596312088202003,12.05565461557643,0.49091097221930186,11014.482896579317,36.30843083462827
5.599307073215114,3.1401029088428016,12.915546386750496,-0.585217878748751,11016.863372674536,27.981966562046352
5.570166175105314,3.401160455747748,11.269745307881616,-0.3836362861799912,11019.243848769755,30.031151497965695
5.158234304519828,-0.5579865014039953,10.803863440783573,1.1392586579779993,11021.624324864973,41.13336414915602
4.973818573527847,3.7295995454356925,11.916618698638345,-0.10719446598838916,11024.004800960192,33.010524500230474
5.115335352080672,3.84784990888961,10.418902904357214,0.023757317380644242,11026.385277055411,33.82933805459477
5.359924595883397,2.0663565159048836,11.097044964901583,-0.48020846020461444,11028.76575315063,35.309144495818245
5.466429361903612,4.413648442009616,12.982745891150778,0.7825517027871219,11031.146229245851,25.760325163020894
4.652863314742946,4.240906518934654,11.825440983005318,0.2501666036603127,11033.52670534107,34.43666571021183
5.3035425181813824,2.691994541019079,9.886713442569224,-0.3873006739426558,11035.907181436289,36.01160333814741
5.3550453429223435,1.8612442980628583,9.972108042187955,-0.4969126444286356,11038.287657531508,37.54836444818218
5.225997749257855,1.0802655118939115,11.934105294695701,0.15360197294893604,11040.668133626727,37.59019628415882
5.698285982851069,2.4842572900482502,12.637330720177786,0.02210308744022626,11043.048609721945,29.247072831804132
5.439081012582005,3.3963363730940976,10.160239857474728,0.4160551086105636,11045.429085817164,32.75615118039663
5.707248076058103,2.0565283775282603,12.230495725067769,0.2734842365635999,11047.809561912383,30.854950860112865
5.251046215022507,-0.7523619271413273,13.114049056160965,-0.1322401743843113,11050.190038007602,36.439651877725176
5.598721840540049,4.44805657039017,13.674487597359477,-0.2719007977306832,11052.570514102821,23.578352453664962
5.809643086973275,2.8314169451773537,12.12077505961991,-0.07997107414941698,11054.95099019804,28.26315035184055
5.714276133390519,1.9777419873905626,12.299279214301311,-0.27534042332838127,11057.331466293259,30.89251714294747
4.994770904740453,3.8340131711476477,9.662217141739097,-0.0650977664023809,11059.711942388478,35.96347412159861
5.247956197833364,4.836330575454854,13.89807969661124,0.008220464309690848,11062.092418483699,25.078404433779085
5.222155601954798,-1.6523973451720129,11.225763144396744,-0.4489654466900285,11064.472894578917,37.25311710483646
5.474127720772945,3.2029630483831384,10.870709037575041,0.31533993104894015,11066.853370674136,31.893507056496034
5.5349041275813695,0.41269155783581857,11.55190152969728,-0.18521385723483516,11069.233846769355,37.361185790213575
5.078977313862904,3.302429170912162,13.321709176088763,-0.4209421751426717,11071.614322864574,31.129544797683224
5.352644079405973,2.74675248704913,14.021010536842912,-0.17580371414093401,11073.994798959793,29.28045034186502
4.727962088910971,3.5095499820326994,11.941302525800843,0.12112907831014313,11076.375275055012,35.490474544929214
5.768171907791952,1.8081875156256069,12.816908005583894,0.04151909990665173,11078.755751150231,30.10879394022453
5.183524605508602,-0.2517022492543215,11.864958497950589,0.21105905745223105,11081.13622724545,40.1051097858695
5.355644885491836,1.883704848807323,10.78689022216135,0.4491730625377645,11083.516703340669,36.265243460804975
5.2476399693356,3.1706280417310198,13.304361241511877,0.6524701020040166,11085.897179435888,30.135768278719837
5.685992690196224,4.084544771474302,11.208422595540856,0.1427430813440266,11088.277655531107,27.488062656433158
4.492582373599822,0.8048092533039024,13.369013984072389,-0.5347011936177484,11090.658131626325,41.99379690183308
5.340501445814751,4.104247005984542,13.134958304902458,-0.13455540126515037,11093.038607721544,27.31293346116695
5.3153895179233555,1.5929483289786612,12.453387633153056,-0.5021591921915041,11095.419083816765,34.81443158443692
5.212695179721952,3.109532219724761,13.671261149142277,0.8484270368561408,11097.799559911984,30.017716289199058
5.868305364683592,1.8021173380301523,14.077568079395341,0.9937004412635817,11100.180036007203,27.431911618362875
5.0858902224962685,2.8413153150034858,11.672914966196577,0.3251555987481714,11102.560512102422,34.70021748322628
5.585279926650448,3.9069771675085785,11.042301123325347,0.4292294213195153,11104.94098819764,28.98686598303695
5.462269277584977,0.7297411780492977,9.989762946695798,0.12547159661832957,11107.32146429286,39.492848414153244
5.735501938393862,1.5515052633018906,14.101653211222624,0.18302795773039562,11109.701940388079,29.084741517760435
5.158542513026664,2.8499100399864066,11.42022774834362,-0.7987271091645612,11112.082416483297,34.476543173305245
5.140461998716147,6.175943937181045,12.997886045463117,-0.036966182628455135,11114.462892578516,23.93961509912353
5.690827424856507,1.279886400158616,11.124533881580806,-0.4405765311731299,11116.843368673735,34.58686377838019
5.491256983438985,5.63597455628868,13.406995580360839,0.1406782687691851,11119.223844768954,21.869514371225165
4.901833879430242,5.583511677801603,11.171553667621511,-0.0298049226942671,11121.604320864173,30.069219268621794
5.205178425754259,2.4320132273431065,10.682894075437305,0.9734109811730571,11123.984796959392,36.25419841245221
5.484539927074283,2.1318546313133924,11.66904935734823,0.4583138443614207,11126.365273054613,33.29046996909992
5.621609952377115,1.542089325945055,11.348723296217276,0.14225599126082245,11128.745749149832,34.14881212179452
5.16816739911518,2.478987267883041,12.479742621146665,-0.13346984356981298,11131.12622524505,33.73757870565095
4.499316061454564,0.47231609009376063,11.83499237662907,0.8380107293799649,11133.50670134027,45.07219271818548
5.532216431613989,2.4691411246143566,12.517034796139262,-0.014977323063264913,11135.887177435488,30.793863541343313
5.010810240569571,4.829924709144794,11.601256655897398,0.1658369808176389,11138.267653530707,30.436821318735355
4.7733621339425785,1.669081588537791,11.230117114988843,0.0211248022134175,11140.648129625926,40.79522328463163
4.530523675877249,2.2257278462647516,11.314610924766132,-0.20207695285366134,11143.028605721145,41.21957459017093
5.626073745591657,0.036208946954026544,13.946057886977398,0.01825311119276007,11145.409081816364,33.98180083741558
5.422123110980318,3.1501183827691177,12.129238267087075,-0.9809834253391579,11147.789557911583,30.553861754604043
5.3174997041383,2.986853606328378,9.923254000950468,-0.7738532006205937,11150.170034006802,35.10798734964695
5.803563023900605,2.6867906829898405,11.38975670212241,0.17481527083481377,11152.55051010202,29.769884048136944
5.5797125707451505,2.267102868558937,12.009781882854949,0.7840998452637431,11154.93098619724,31.679869438359034
5.875064983647908,2.15431310239554,13.761266296061638,0.17411055207208442,11157.311462292459,26.97179793073542
4.974014488340994,3.347407103878403,12.947516724762952,-0.36018442744832696,11159.69193838768,32.418091246431615
5.383130456131314,2.5524388598287335,11.000052196082535,-0.7214268770336677,11162.072414482898,34.05378090725385
4.910142498326161,3.0692288145400415,14.3430784394579,0.3922636302378193,11164.452890578117,31.53117031785375
5.32800303291364,2.920352714495342,11.896515604034576,-0.2835975755075505,11166.833366673336,32.230320544400655
5.323894552166644,4.284127136174741,13.176959692491206,0.32161770927628,11169.213842768555,26.93308620349319
5.588125329468588,3.6155853049223596,10.778575926226171,0.19493257903285863,11171.594318863774,30.088170212606144
5.415472686791909,2.8904951130248455,9.538376500214595,0.23915019612734467,11173.974794958993,35.142415972780725
5.590488302259639,4.879943819828712,10.531063906566153,0.01680085367677796,11176.355271054212,27.279638172501876
5.61616119321031,3.23382222909727,8.692118351837435,0.19182219248482063,11178.73574714943,33.94797735381819
6.053271103143214,4.561972366471142,14.057498216014281,-0.05972720062816755,11181.11622324465,19.082652934655016
5.313867204168717,3.5160513797496593,12.162899498005622,-0.3176532671841018,11183.496699339868,30.454584670267693
5.127813445547575,-0.15613178123232174,11.026680880658615,-0.48174953025802575,11185.877175435087,42.04714166155068
5.485609749501998,4.565108588250379,12.406907878703812,-1.1925043989854893,11188.257651530306,26.09198871530235
5.172765420091455,2.8117306475028823,12.146577464150509,-0.09055478120225477,11190.638127625527,33.3686838242854
5.859702776257171,2.5321442074663065,12.581137032460587,0.7596890914759765,11193.018603720746,27.920311722585993
5.331814605702185,3.0332091994915356,13.17269587648872,0.3650400462687987,11195.399079815965,30.00341634092061
5.248772932849755,2.094822485872367,11.6762047904629,0.11385455923797914,11197.779555911184,35.25845313682669
5.278717306859467,2.9539513060532863,11.089248735151994,-0.3670024971445755,11200.160032006403,33.75151017726306
5.6373037844057965,1.7267049387282312,12.79982598301957,0.4986696128795386,11202.540508101622,31.385068403403693
5.3761213507210135,4.527038685228527,12.777346903556392,-0.05965465590151245,11204.92098419684,26.507412125825994
5.232612642144152,2.446359621690602,12.078713920447152,0.7874671568945293,11207.30146029206,33.90512892794956
5.926385860129786,2.0439777591448336,14.158496917290064,-0.49054363164734066,11209.681936387278,26.241223345164528
5.171597283470314,1.2315767668669813,11.546085851660727,-0.3749847639863282,11212.062412482497,38.229151037578944
5.440786362871501,3.0232413774973645,11.087015878429805,-0.42363497210981416,11214.442888577716,32.28508183563987
5.62747704530409,2.9018507834016516,12.407931782743972,-0.7410591852170065,11216.823364672935,29.11365900494718
4.944053680021968,3.2049397292809862,11.317869633125774,-0.46852234259588127,11219.203840768154,35.45841678693313
5.57920173106159,1.0825378891688482,12.491291778615674,0.051608129882958806,11221.584316863373,33.92310376066165
5.120260999655054,0.22275706998209976,11.16573539269245,-0.35610051242531376,11223.964792958594,41.732416238765644
5.685298212375417,3.564029205843317,11.601470389290721,-1.9281876646202984,11226.345269053812,28.205335702452288
5.1513385045422035,4.853718664893359,13.895522745582092,0.5371366487100608,11228.725745149031,25.811711183055834
5.649635301831886,1.0883392945999746,11.60206525174517,-0.8420468646737027,11231.10622124425,34.67897147122723
5.775225650491627,5.01314574574469,11.211771977055083,0.2946141424433185,11233.48669733947,24.44767246612264
5.7035781807856925,3.055964736835138,13.184273851988012,0.015607294834782386,11235.867173434688,26.955051933644597
5.522214064226571,2.6206183563438485,10.965525284833555,1.0586864082101712,11238.247649529907,32.822453668077486
5.379100987702173,2.0360044689020547,11.326596806441522,0.4984787407613099,11240.628125625126,34.8872857164652
5.277237952673223,0.5566655212449563,12.599074588195531,-0.25230229774248714,11243.008601720345,37.491820693208524
5.893147141978055,4.116150597042182,12.96389895228738,-0.351031781177656,11245.389077815564,23.118597943139036
5.243661432008531,1.4722637898828113,13.248938609852317,0.7513638403996427,11247.769553910783,34.49664115444625
5.1440637934803775,1.4670790634278503,11.284215706537516,-0.7379355485507059,11250.150030006002,38.25346843378108
5.65646826772043,4.1257945229708195,12.630422161360485,0.09543996795935403,11252.53050610122,25.488134308768778
5.219690872080491,-0.1854538946499633,11.571281868076158,-0.065560231624836,11254.910982196441,40.42191548461692
5.175187543789112,0.3547410126837165,11.434711642985278,-0.17161303435233793,11257.29145829166,40.559579653499895
5.028800348537182,2.614053052863285,13.246557897293371,0.1767569922242127,11259.671934386879,33.36462773360428
5.318684063675771,3.0822979871832286,11.496769187276282,0.09477993025433784,11262.052410482098,32.49962874172135
5.440418250837445,3.370590477290982,12.327507276921235,0.22870037139587213,11264.432886577317,29.558916884691143
5.539836372963723,2.1919081630159627,12.207861877524884,0.06948782618164194,11266.813362672536,31.889745792462975
5.75397717878113,6.441278039956724,10.984508388979338,0.20884070250862383,11269.193838767755,21.388224886390134
5.628331487583448,2.305002568840388,13.02433660732736,0.046682596465797345,11271.574314862974,29.6743367662404
5.414677603776833,2.301780284941108,12.621506261932797,-0.32971344360815724,11273.954790958192,31.995869064533366
5.414158080054601,1.4535978520915285,10.07791700229583,0.002000630118297699,11276.335267053411,37.93586522589063
5.628341891135454,2.836056658422206,12.344611600945608,-0.35719327985201,11278.71574314863,29.366205823442442
5.858743920998504,3.5737570961501177,11.29720056071326,-0.3901883023654252,11281.09621924385,27.249855050566794
5.516545707790581,4.457801380430603,13.170233436093731,-0.1680750013588759,11283.476695339068,24.96778073245825
5.339591121674838,0.4196271886316465,10.630743057331172,-0.05971158036792121,11285.857171434287,40.288088469025425
5.1841498617712904,2.2856801005310845,11.722651319542818,0.01761265317390541,11288.237647529508,35.228623875187736
5.0501277210989315,3.3258482831621157,12.444138862850863,0.45818941368166527,11290.618123624727,32.618149229026955
5.685250194527953,3.5374991638350677,12.139441259323913,-0.2492320412704217,11292.998599719946,27.46508864520284
5.660443196665712,2.667856079756039,12.851046504845252,0.09842596323741025,11295.379075815164,28.770244470016337
5.661939397931446,3.4727895145644507,10.57265417470084,0.05901385697190944,11297.759551910383,30.163529768086036
5.451813561486086,1.4468284242057676,13.74597903978596,-0.30431414373303256,11300.140028005602,32.14945188791796
5.914173228318134,4.998253351511274,12.62219853354491,0.036870393103272454,11302.520504100821,21.25768299435937
5.348539019500723,4.1514585330532565,13.459761889225195,0.5013607075886568,11304.90098019604,26.64339867752328
5.782037456530542,0.6462461096478282,12.977274276554807,0.09325310844170005,11307.281456291259,32.66217365880388
5.485516288530382,1.0521048658430296,12.09441505359339,0.11329196451365402,11309.661932386478,35.34398494675929
5.316316753448961,1.0954986967414821,10.82481864749375,-0.35266416547133367,11312.042408481697,38.493491259313984
5.6782642550402604,3.6839583982414137,11.548455997142288,0.9844294256024381,11314.422884576916,28.041305968360945
5.625079532608952,0.7410341483763019,13.70456546086925,-0.3241781851612505,11316.803360672135,32.589930176883755
5.610964413109306,2.1727118889073647,13.503433488908342,-0.8338917302737389,11319.183836767354,29.425354739494622
5.529940354438216,3.352427813172733,11.501389936023166,0.4300920601090382,11321.564312862574,30.127322727527684
5.495873499965088,2.5722453811671055,9.305680468429175,-0.05740851982421299,11323.944788957793,35.64387784471778
6.2254379731667004,3.060948857106105,11.914290488460336,-0.15152091047353755,11326.325265053012,24.672688339210637
5.865888673856506,1.0750370531752984,11.842273432400045,-0.27277689020576357,11328.705741148231,32.62188782760964
5.7291454079520445,3.567146453066794,11.883200435882088,0.935857312157919,11331.08621724345,27.424169949893525
5.547523100242795,1.756171063140525,12.664509606776788,0.17729513930234134,11333.466693338669,32.23262313004115
5.817816880452822,2.1901836352523025,13.01518097091957,0.2748756108225424,11335.847169433888,28.459234411867314
5.672754874849952,3.0348352198139903,13.132266554979552,0.08130781179113367,11338.227645529107,27.33247311919608
5.526904943590074,2.833979677468181,12.590675393927125,0.13502480672259812,11340.608121624326,29.81379816671827
5.429661650170088,2.7164573270232975,10.347195427410453,0.6993123052797071,11342.988597719544,34.25077033996537
5.498143530609708,1.555672254973876,11.809766901810729,-0.1254273306138475,11345.369073814763,34.41102076497155
4.572979149470402,2.2334137966904244,14.458057552853756,-0.7284687727603649,11347.749549909982,36.145545983230086
5.588975614515069,2.6871389614060712,12.53118626853719,0.4340273271138884,11350.130026005201,29.773568277558482
5.380941385351279,0.622361623172297,12.52779149623833,0.248350806121196,11352.510502100422,36.60487761490154
6.006974409694514,1.9923161573363641,12.522460891257676,0.05398990644252134,11354.89097819564,28.179722992216455
5.536666186445089,3.268761795350312,12.581358227308769,0.2353766207738932,11357.27145429086,28.662728679100354
5.175863848499642,0.7722136771387396,9.78587070666542,-0.18537211014708704,11359.651930386079,41.983748959157886
5.519279091446914,4.424367902514926,11.932463483418442,0.010346291427129846,11362.032406481298,26.886152287009708
5.22209742965847,4.5950423973512455,12.137100510742595,-0.06585012692995497,11364.412882576516,28.529963803240236
5.679646951549486,0.8240239539503689,13.459494913628072,-0.29574412853545845,11366.793358671735,32.31352213228608
5.626600261962769,4.729306818015824,12.228679210463937,0.5945863915525013,11369.173834766954,24.820912043562373
5.828359621985234,2.4786327720336336,10.537502360336287,-0.7061293137089002,11371.554310862173,31.370287553529607
5.305435229302866,3.322905016609739,12.617110963836168,1.1804410859064833,11373.934786957392,30.323589178298477
5.554594584004813,1.9512848585652092,11.386205849777465,0.43868110460323767,11376.315263052611,33.60572240688228
5.136578359000166,4.081957172592247,10.976254176924193,-0.8889877673511755,11378.69573914783,32.23809893113176
5.75822642886401,3.3076596911307306,11.361890720904032,-0.11208316474546474,11381.076215243049,28.622203259905035
5.7051327992437235,1.478417745178053,12.741564576529736,-0.08427295795177892,11383.456691338268,31.550546378310486
5.699906756411703,0.9529738334543552,13.460832795499503,0.19594331447105612,11385.837167433489,31.82706217182124
5.553345118668911,0.5114526200273852,12.688013339420838,-0.4946891353698601,11388.217643528707,35.26258749144898
5.678985789823517,2.9849486130403875,12.840119085993695,0.01601267168410868,11390.598119623926,27.84556351982036
6.03755052257116,3.562872977721991,12.6841542329777,-0.06055969906132347,11392.978595719145,23.76618202565919
5.472415734624332,3.681744525993786,12.315449864392798,-0.3688091812867194,11395.359071814364,28.54313801143168
5.601233142674968,2.5294547497968947,12.914067679517323,-0.43837611573561597,11397.739547909583,29.495396464832027
5.2354976277991785,0.9720623282058554,9.801376564136984,0.45940232335117853,11400.120024004802,40.983798310886456
5.3025535132324135,1.6855756707722678,12.33425599879268,-0.8482912700212968,11402.50050010002,34.86424871902099
5.5940724279648695,4.438341918467474,11.181258858776642,0.23893946804802568,11404.88097619524,27.379677491947405
5.897605496539066,1.984007441452208,13.392103341483686,0.39875515343906204,11407.261452290459,27.770982411831426
5.491238531911292,2.9272082988133903,12.085062968892942,-0.10927916916920821,11409.641928385678,30.624476544336773
5.499045521218048,1.0997379279787927,12.266184497177495,0.026186419862498006,11412.022404480897,34.859014264542395
5.449452961651948,3.2192202581907257,10.733183299085326,0.5817474998486907,11414.402880576115,32.25655071267961
5.412789942908191,2.0289511202557082,13.258105456411052,-0.35242575536202847,11416.783356671336,31.73814447147862
5.663407144199013,4.286679542321224,12.871622711360683,-0.300826214444562,11419.163832766555,24.66860992356382
5.127437531424305,3.878079775962153,12.804263126745656,-0.24774184054965412,11421.544308861774,30.0789056185817
5.962596169636102,1.9753172778950394,11.437313675184214,0.5826627996116407,11423.924784956993,30.204966935397266
5.380387433022083,2.5300133739524524,11.479718594992395,0.6461468734423538,11426.305261052212,33.412289208453615
5.798285348083853,1.8944685082406638,12.479980436583524,-0.6979451172318095,11428.68573714743,30.157575289852232
5.2024152573923885,0.5931267629228527,11.564905743726264,0.5031203736558184,11431.06621324265,39.55050241796437
5.785767764099212,1.437246838969406,12.697320918117953,0.409454153173642,11433.446689337869,31.074759412605857
5.788400349771142,3.0218706365324257,10.104539783769798,0.7767974052249138,11435.827165433087,30.981310934845098
5.7037791856866615,3.213568290067635,11.78093289085544,0.19255401606318975,11438.207641528306,28.664446453054467
5.291891958369706,2.9496355319953875,14.068256603043636,-0.022130060139288345,11440.588117623525,29.18839059848844
5.666787276780471,2.275348965662745,12.714015285597629,0.5726083432858294,11442.968593718744,29.906306443202922
5.238708623638788,4.128683561287548,12.44435007174718,0.3494518957508827,11445.349069813963,29.102097000050065
5.5194995158549585,2.8255318517639485,14.26581052213147,1.1224492070743632,11447.729545909182,27.38145846055326
5.905855790161775,3.786235315394039,9.947658576532213,0.47935392248091396,11450.110022004403,28.366077525422384
5.837746159654413,0.07182768938501605,11.471329919048676,0.0767739882119577,11452.490498099622,35.91146662072913
5.604994540119987,-3.149973939188942,11.888497330222137,-0.5870521901880856,11454.87097419484,29.452362835734533
5.309702114572325,3.160444766656571,13.15105183273726,-0.2904585885970592,11457.25145029006,29.89469341767409
5.797525185159406,0.5987507670891983,13.171387690352056,-0.717977489014008,11459.631926385278,32.36584006547368
5.611368381141181,2.4183584524849318,11.432755975162749,-0.10753101803043161,11462.012402480497,31.9140228569141
4.911164822853924,2.285027440011792,13.299748992939083,0.4630337966164227,11464.392878575716,35.04848932773051
5.843754296875935,5.120411136277292,11.901512519755588,-0.001835544240257778,11466.773354670935,22.5966690046659
5.603401699644653,3.3404425292857836,13.51950015863683,0.5108626343800363,11469.153830766154,26.54242984167307
5.973113479191717,2.9903739433958725,11.278251710405577,0.1687868667195067,11471.534306861373,27.82177974236822
5.2855038583018406,3.9982100745869653,12.190617314631051,-0.20154614487700484,11473.914782956592,29.43451797517129
4.66278113332042,3.296607898444705,11.826796733119833,0.04381257758498195,11476.29525905181,36.71603608764512
5.701225052273968,2.058484440364292,13.376030184490892,0.23604834552754805,11478.67573514703,29.17994320416119
5.706676969432849,4.353352473000678,11.800254990417397,0.06961169923180795,11481.05621124225,25.76282057640941
5.113714703970819,1.082652269669425,12.283624701659807,0.07534211442595698,11483.43668733747,37.95821464157017
5.3290750084839225,3.233287362796279,12.835922281652211,-0.3845250537933532,11485.817163432688,30.0302981026596
6.450899229517676,0.42820124639667023,12.877407649962484,-0.216488132621108,11488.197639527907,28.0061915729232
5.534360110480018,3.0566113160914314,13.222140686986343,1.1292303980773222,11490.578115623126,28.250379795451764
5.84704073013013,3.0413198208042385,12.54935239856425,0.6142332452117713,11492.958591718345,26.79634600910198
5.43426518566451,5.267657865455344,11.92301887827577,-0.7369204484048579,11495.339067813564,25.472205533631907
5.004082715043491,0.4066548829702894,11.99460984966247,-1.1834844787531809,11497.719543908783,40.958786297732644
5.581806915651731,1.8539254960129488,12.37302234132406,0.03809621072436113,11500.100020004002,32.151197422767694
5.5549141807623865,3.9904206724266946,12.59998456291566,0.4467364472129951,11502.48049609922,26.68465802846069
5.516343590572076,3.260513926044353,12.206263129347274,-0.2599709187111036,11504.86097219444,29.4085717662916
5.6036266790116915,3.0291368634486604,12.375681518145296,0.510829364098969,11507.241448289658,29.034622132066872
5.719011632814974,1.325617213109713,10.842268186221286,0.029827282503542052,11509.621924384877,34.670461625374
5.596408641769467,1.8747349626265957,13.029921910491318,-0.08153063986348741,11512.002400480096,30.997010593540793
5.26395480675238,4.629665950425944,12.546724123798922,0.37805758808759077,11514.382876575317,27.494110484217714
5.790725378762803,2.6859828368985887,13.370528086953037,-0.26593789645113447,11516.763352670536,26.90344774722155
5.061772053021778,3.3274285972957136,12.371864648951092,-0.1433531609018266,11519.143828765755,32.62945510915986
5.033190334924182,2.592749221574909,10.636353660783888,0.3350836310652315,11521.524304860974,37.29807377549344
5.871766067177501,0.9920463396367059,12.019352777390267,-0.015697968533012124,11523.904780956193,32.51672644740282
5.8038327012318796,4.168533385506676,12.180917400599402,0.9543881366888679,11526.285257051411,24.876628825479173
5.636223065059955,3.5238096931868554,13.126799615801893,0.34691270642800914,11528.66573314663,26.41049182285039
5.236522532313192,6.228559978543926,10.316672382134984,0.31440691416638084,11531.04620924185,27.061411221932175
5.44449956486169,1.2478764952334576,12.431175689507002,-0.024752323032534076,11533.426685337068,34.67754870876233
5.579764940248813,4.00625202483723,12.906722263890664,0.4373773383548031,11535.807161432287,25.98616702008043
5.181537245640034,0.8062210084193433,11.734610667984736,-0.1613038864008231,11538.187637527506,38.93023351185427
5.440313664629455,3.0107013595338996,12.473778697881603,0.14118887559975757,11540.568113622725,30.24006923730721
5.859438543480238,4.240586178279569,11.775166943343017,-0.45814652350228013,11542.948589717944,24.86027579144465
6.09364858547146,-0.3312313566882672,11.675683913330179,0.5197206961152958,11545.329065813163,32.90920705451239
5.541344438711246,2.470717864976795,11.999891020106567,0.14530234863089592,11547.709541908383,31.492613297708203
5.895839613294406,1.9344474702691206,11.700673531087793,0.9912565318489382,11550.090018003602,30.44615412134027
5.0963936824807545,1.727471854995314,13.098039118437658,1.196149191834879,11552.470494098821,35.263112225009195
5.87016602681515,3.359372748043076,11.682524842242074,0.3816597257165738,11554.85097019404,27.116452652008007
5.432865435053547,4.463728532615088,11.517623254235257,0.03421265560395172,11557.23144628926,28.101320306681032
5.767973303641559,2.5839283395757118,14.191519099958054,-0.4730322560627844,11559.611922384478,26.109114071991172
5.603163906481284,3.093222729308828,13.387388246407497,0.45237490162941213,11561.992398479697,27.360549555266402
6.075334202379027,2.9576031292181235,10.568193305018804,0.10514228194761416,11564.372874574916,28.15102860039427
5.418600026599236,2.789992406935429,11.667997436549621,0.26901741957723097,11566.753350670135,32.17422261504311
5.870933686193748,1.1544205747153065,12.67828838847862,0.8648936937281216,11569.133826765354,31.12904649094382
5.600520987926878,4.452249053861565,12.762640803970761,-0.4122116443316734,11571.514302860573,24.92124825597493
5.63860336767023,3.23352305962034,10.951453820615336,-0.4621520842406683,11573.894778955791,30.380184678664307
5.632660981449311,3.3842003346019154,13.60357375841712,-0.11821296918534006,11576.27525505101,26.072850674275045
5.435837710539437,1.5832619843867404,13.273294893648597,0.4106005748759117,11578.655731146231,32.64520101424475
5.6870327987729175,2.1053443953794186,12.933034945009084,0.27743362010724404,11581.03620724145,29.84082420385448
5.674191222732274,2.53112249634638,13.810925271812248,-0.44784425584788623,11583.416683336669,27.562276069557484
5.767081318881393,0.4952857893996394,12.909550871432028,0.37827645035124124,11585.797159431888,33.260808668301706
5.7217846972244395,0.26557061454787023,12.908906485503547,-0.6006064094466315,11588.177635527107,34.19843615757949
5.937555781724111,1.8976497152691083,14.021070235094136,-0.4188708371744288,11590.558111622326,26.723824105393135
5.976934619145162,3.583702505884219,13.5676765306494,-0.057728658594594716,11592.938587717545,22.873751986154062
5.3864200094397745,1.8213652524304988,11.628016107289563,-0.27671562298761004,11595.319063812763,34.91320263247121
5.963964081989163,1.2740137581552176,13.105785990782016,0.4449297443254674,11597.699539907982,29.444573962525624
5.349157083669445,1.581343528011762,11.81139082269013,0.14318924150054724,11600.080016003201,35.53629827657984
5.883140812400843,2.1215090625883795,12.982881743767205,0.8827805888136302,11602.46049209842,28.1567782286715
5.894432069694157,2.2748851786253756,12.958409834634564,-0.12359268267720716,11604.84096819364,27.71971574393146
5.136842109274972,6.055106962825651,11.101398779586187,-0.0611010755203717,11607.221444288858,27.115397549356828
5.739858047389625,4.389907125018179,12.366090874788167,0.6051913045308815,11609.601920384077,24.55723149615531
5.57314289024644,4.346288984592281,12.756264533366242,-0.0454604015618978,11611.982396479298,25.414737616498414
5.487789951864306,4.563150232573351,12.057788972107918,0.7470026238537729,11614.362872574517,26.603121345490308
6.122403387611655,1.313200488266895,12.811861388438679,0.2704141051922458,11616.743348669735,28.519979595781507
5.522772459534417,0.9790372120029034,13.306122135624435,-1.1763932349426796,11619.123824764954,33.411044090280754
5.47869199048057,1.1534312755095713,12.47270483659766,0.588785207074732,11621.504300860173,34.57782863248502
5.745042772874506,4.816648727255409,12.730971549371333,0.45636340655990437,11623.884776955392,22.901578674808434
5.929740790586148,1.9952548944740132,13.892870952683307,0.4756663030552724,11626.265253050611,26.73463001010083
5.683299220883885,0.9401615910990184,12.985718888446423,-0.955489189272629,11628.64572914583,32.70462392251173
6.077435244544651,2.17185508689953,12.716422655619139,-0.3314949806355238,11631.026205241049,26.87624634296526
5.888547417756706,2.4615948485397112,11.560595676656378,-0.2943524167783849,11633.406681336268,29.3967400216125
5.077522315738305,3.2232770516469995,13.192778387669264,-0.4205606837801962,11635.787157431487,31.532461263472157
5.573876969262541,3.1982379032778265,12.854980275284639,0.8709612659469691,11638.167633526706,28.13091907477815
5.565896129332695,1.5806949936152082,13.811648338835996,-0.0058839189118169745,11640.548109621925,30.80362097304642
5.879989100157248,3.8526051315228464,12.577866657309393,-0.018280471314585326,11642.928585717145,24.461774383970806
4.9504681063730525,1.8664851815649537,10.71780145237318,0.27600415515788945,11645.309061812364,39.653340016543424
6.504348899224121,2.592016152681639,10.837027551809614,0.284650833944691,11647.689537907583,25.229627096788505
5.90068693256724,3.8577471751543504,13.275910282157913,-1.6674463553129149,11650.070014002802,23.236271178339337
5.787775616931108,1.8660096112540214,11.973117648089936,-0.3231787685746817,11652.450490098021,31.073094564281178
6.099316716505021,1.9758704656811445,12.9831613539181,-0.7063942888956384,11654.83096619324,26.791048072879818
6.4496767974131926,3.7185557955859667,12.663709233959075,0.20015304657740982,11657.211442288459,20.110632280790938
6.0095391091027075,1.5456103122432618,12.385720538041522,-0.1444462071670237,11659.591918383678,29.4810805395079
6.034693932991106,2.256178633960307,12.459283166055545,0.00769378225063433,11661.972394478897,27.39307720208707
5.79099225387902,3.668136764757476,11.693339822136473,-1.0392598744452615,11664.352870574116,26.96171032386944
5.71106311718636,5.916819224284927,12.546037143449565,-0.15492611234524906,11666.733346669334,20.700391286622448
5.612518160818365,3.7449446198240106,11.980407534351976,0.5575651259164076,11669.113822764553,27.766881862365082
5.5091595014955175,3.5469550438249375,12.195731211447416,0.7047247415510838,11671.494298859772,28.765739561302397
5.552625528256728,3.6353555476201453,12.24742608092031,0.3594317097703499,11673.874774954991,28.119467783515347
5.355299982187033,1.2305257698927106,12.347469879416707,-0.6677326467240594,11676.255251050212,35.5600808986469
5.7394427037744205,3.0148645340064806,13.499425259138068,0.6297009014960618,11678.63572714543,26.298159146081332
5.258541587468666,2.797978174586452,12.450550256371452,0.3620011275000079,11681.01620324065,32.26089647922737
5.822954893703001,3.326163434865726,13.60713333474101,-0.058594517032269304,11683.396679335869,24.69025226110017
5.756519184037144,3.019707656347037,14.124376491681764,-1.012518157254872,11685.777155431088,25.212012649312612
5.813237740122464,3.4156542831966403,13.444557363245407,0.4767974753312585,11688.157631526306,24.78812632616058
5.614256817923723,2.3800634002710117,13.127173048721348,-0.2960831649916896,11690.538107621525,29.445027382850668
6.6956938924737885,2.9363372303374473,12.922629154229542,0.17308291052739047,11692.918583716744,19.70966205302176
6.182410398130299,1.0078409029653157,13.464248714518881,0.03419693031833126,11695.299059811963,27.824741485765998
5.402753078874009,2.3708829689285804,12.691344434417442,0.7691974922191391,11697.679535907182,31.813751295060314
5.847716810117369,4.938154578191165,13.589647861760398,-0.06268349299875428,11700.060012002401,20.48840728094254
5.597195450164629,3.331277371472935,13.222278770704488,-0.007556795042973922,11702.44048809762,27.060824813943896
5.47699463835678,2.822844148171388,12.25142808387562,0.789307695239315,11704.820964192839,30.74979039690386
5.381058552521658,5.699571696954079,13.51021563362963,-0.3291111218750943,11707.20144028806,22.437278886997092
5.9144871527430976,0.8152956295585954,12.708941598004806,0.4071614257038885,11709.581916383278,31.582451307151516
5.582150400817586,1.193526314389642,12.514427052544942,-0.09930786143923201,11711.962392478497,33.5873404286678
6.078654958535807,5.4279385511332405,12.147457997517897,-0.5012709810024646,11714.342868573716,19.579726957603597
6.08818484984382,2.9289748610631925,12.792774733180684,0.0005804933604363064,11716.723344668935,24.78292194882043
6.203967889371215,2.4973211614371635,13.626317857737927,0.3458525568039938,11719.103820764154,23.685477194830483
5.537821286475296,1.0635517232215534,13.521895234566419,0.6768549199882556,11721.484296859373,32.75570754829411
5.937891096161529,3.5350653415618014,12.98944964271038,0.7373469926728412,11723.864772954592,24.17503341273769
5.9867621287696675,3.6813737134758444,13.238800731884105,-0.14738203711276632,11726.24524904981,23.04426758832689
5.656517216235491,1.2241055712587756,13.91395575821888,-0.4936246160161068,11728.62572514503,30.816664704640814
5.5689842407051735,2.6565971736230485,12.495395180692315,-0.15936944978873965,11731.006201240249,30.063540369262512
6.2851175409788365,2.3649004794477637,11.53304460312943,-0.5907653766650778,11733.386677335468,26.50724156885576
5.8722559714553215,3.253303858785294,13.952698223264271,-0.10869309970825254,11735.767153430686,23.959645246497786
5.996543755605541,1.1916269235970471,12.12489451311065,-0.1708326418098792,11738.147629525905,30.861240876497078
5.560877202666609,4.749587852579728,11.96743966548274,0.3637451020783827,11740.528105621126,25.68785324899369
5.443461596247948,4.246566963199477,10.86468568680697,-1.1029675899571891,11742.908581716345,29.538861291807265
5.640159288013244,2.329232808808027,13.2352727782503,-0.36680397304331985,11745.289057811564,29.20273450649853
5.7755354424668015,2.550533171664977,11.045644013107868,-0.3627591522209577,11747.669533906783,30.850917511441338
5.4952238491281715,2.6716933420324933,11.919945372172043,0.5935636262040127,11750.050010002002,31.47905779363532
5.8132847552344895,1.7100293023766482,13.261549146212133,-0.5569221887005085,11752.43048609722,29.326324982864264
5.3114353422319365,2.213513805082437,13.398342405568346,0.11332867982449692,11754.81096219244,31.877219141085902
5.483721726901058,2.474418417582766,12.027826436034246,-0.06406420720989066,11757.191438287658,31.902440486783263
6.022758737281268,5.300292797926162,12.548487317982183,0.5215212634181909,11759.571914382877,19.74446712996118
6.004372282204412,4.302084213243017,11.813156808920148,0.29791593225527363,11761.952390478096,23.490075995876936
5.707422213994475,4.285305556745292,12.140465867496435,0.06062186591018975,11764.332866573315,25.41665959493632
5.521406422543592,3.4393788963510374,12.958189865071446,-0.27733343729403415,11766.713342668534,27.793016581166512
5.520265475631671,1.2096671806627977,12.193440505362608,-0.9261712515549381,11769.093818763753,34.52354748524573
5.718257247296531,2.8245884905198806,12.453985352853529,0.12354282784370267,11771.474294858974,28.511492766047752
6.025344802728613,4.3437255262434205,11.236607549911367,0.2652448992649364,11773.854770954193,24.08301643769549
6.112214850961076,1.0017638183209208,13.837384864464411,-0.7874338062373265,11776.235247049412,27.841794349812474
5.686533865402595,3.8451587343413527,13.217610390588284,-0.6168470821642746,11778.61572314463,25.068416655043436
5.491198254907808,6.375411159696311,13.503564896642967,0.12616498668583795,11780.99619923985,19.87653871653231
5.919352024885853,4.485390924668567,14.00420120644078,0.16957084310393503,11783.376675335068,20.425404679580595
5.593691747327563,5.014878529019859,11.891679992925958,-0.49532365504602965,11785.757151430287,24.87574970944091
5.687030106012973,3.22251205744413,12.361616001721014,-0.28703235678401906,11788.137627525506,27.905055005704384
6.241842738125113,4.3480711971434856,10.828294363073791,-0.9182444192852133,11790.518103620725,22.952638557529696
6.094148907053054,1.820563030791162,15.86667051629481,0.6886319519066169,11792.898579715944,22.89539539215545
5.8951612938147315,4.09230838527137,12.579781796041374,-0.6499372036842261,11795.279055811163,23.738265992241665
5.467948375628104,3.8812649183990926,13.77121514606944,0.27112969562427536,11797.659531906382,25.896427979873266
5.914698476192397,3.335719765023961,11.497446866244452,-0.01748034807669017,11800.0400080016,27.096942478534245
6.17183247734339,4.876034656315835,13.73511783027791,0.6447968098123795,11802.42048409682,17.832576795046435
5.7421013287000555,2.095017028848728,14.599442304969163,-0.3961270463873782,11804.80096019204,26.926483340823992
6.261882147914967,2.623779005902141,12.684693332605711,0.0306263551701936,11807.18143628726,24.31845530301635
6.246128354430303,3.048729573754005,11.737215867987894,-0.849213454618675,11809.561912382478,24.803325428190732
6.359181818040424,1.362291522297487,12.612424876205365,-0.9692634184698768,11811.942388477697,26.802179335624842
5.953392461345981,3.2482775979580882,10.527584294396684,0.29816679193273693,11814.322864572916,28.460789872741913
6.0397949424842245,0.3306560022641767,12.719584290164683,-0.892512919534851,11816.703340668135,31.77562401921874
6.289591882364245,4.480655598885593,13.58156393196174,-0.11410876721726541,11819.083816763354,18.109280045929438
6.001312494474762,2.9813522587516617,12.727965579367055,0.5056477239864599,11821.464292858573,25.444171028272166
5.718483052672809,2.131229500817604,12.482710729773029,0.3733424280473397,11823.844768953792,30.199995731913972
5.736049759873971,1.6621813221122035,13.297546090925064,-0.33229274397429687,11826.22524504901,30.009829479340127
5.943938776953559,2.5630463161188435,13.37713114174322,-0.7942515682040863,11828.60572114423,25.975177281459594
5.486963898393332,3.9484777828100857,11.116329681898725,0.2547474308277643,11830.986197239448,29.558599832980036
5.832915038690354,3.738870276972748,12.868187785922542,0.6711283914300904,11833.366673334667,24.687222319161492
6.206617591257753,1.86012871627476,15.218480156742448,-0.3311190393328117,11835.747149429886,22.86901724413741
5.222038397094813,1.6505501926881467,11.450609625364237,-0.40165642920355826,11838.127625525107,36.92140290347477
6.341520633805123,3.9061320616573165,12.703338506307855,-0.26245098143449924,11840.508101620326,20.447497015953942
6.219650073866739,1.8384374319146504,14.733635558950887,0.2858043554035578,11842.888577715545,23.546252490853135
5.746770582662323,3.0129979727269,13.899197320830728,0.6142588032074564,11845.269053810764,25.644544425638074
6.049479729095339,3.1099402842756123,12.284758840528465,-0.6198034056902612,11847.649529905982,25.402173195755566
5.889169666294674,3.3935767630719584,13.007424887574206,-0.7491409046623265,11850.030006001201,24.891563430601394
6.2589856804100155,4.214064691858415,12.80231244424346,1.169998160966224,11852.41048209642,20.189484160708645
6.186557088531678,1.0333903584994795,12.059487565812901,-0.08866139394501932,11854.79095819164,29.83483604677852
5.47349485873473,0.062271729235690465,12.736443138177377,0.12644639784515477,11857.171434286858,36.951697099766875
6.071459083884477,2.0790159847209555,12.533865618029424,-0.3459654203088195,11859.551910382077,27.429988940077664
5.835356642074492,5.6336559438599245,12.929717823707803,0.244981154726358,11861.932386477296,19.838430268192553
5.923659761811793,5.965801143901977,12.071723469364724,0.48003043735076123,11864.312862572515,19.588633841703626
5.6821237670209666,5.680482594890105,11.546626843865404,0.14989808578646485,11866.693338667734,23.021863110808894
6.426782158870364,2.645421973781708,12.785103294401608,0.8704290385072174,11869.073814762954,22.79453285298041
6.21612563909374,0.26289877243806803,14.544641939286278,-0.16337229497054595,11871.454290858173,27.796785047225498
5.683942153086583,-0.5773096509587794,12.914866930313416,-0.1314412365176881,11873.834766953392,33.712888252440266
5.507257083527561,2.017369601409637,12.504211137691797,0.11570317563870781,11876.215243048611,32.14220262171773
5.793705593796087,2.6424944768355876,13.593032263864172,0.23248082275304852,11878.59571914383,26.654570661746078
6.041525648572296,4.891721338080542,12.683769018062229,0.11397363103130463,11880.976195239049,20.41283793912693
5.985004433750888,4.2436699763583485,14.713264357078257,-0.6422075134775455,11883.356671334268,19.44089305347964
6.290650707986262,3.2842481921912903,12.844462353915212,0.15625758309778068,11885.737147429487,22.197480324758857
6.153455311365465,1.609552440062427,13.552015987089202,-0.18708679240171866,11888.117623524706,26.42045242828641
6.209118990759155,1.5043295179881864,12.100059231888117,-0.2904885070373228,11890.498099619925,28.41613543112412
6.018074145705139,3.3278698809551583,13.36089818759801,0.01624102737662183,11892.878575715144,23.494384850573965
5.504997503114089,3.9934345497111807,13.136048360814662,-0.48076134366460715,11895.259051810363,26.27236105958734
5.864847513655347,3.536859942034655,12.807595338450867,-0.5676956619366157,11897.639527905581,25.027677027994287
6.2433542999607,1.3983213125820846,12.365490910809125,-1.3077344800019248,11900.0200040008,28.009125952645505
5.911641158586043,3.9274001346170877,12.232366344824849,0.8736186642549456,11902.400480096021,24.539820877531668
6.079796161052549,3.5914458176290673,13.155897642584854,0.27786565955150117,11904.78095619124,22.649169703629653
5.835015923380226,1.347760669350777,13.505633186059258,-0.058382060653152566,11907.161432286459,29.69202116049236
5.6234685850468065,1.7784599709558564,12.752681007455841,-0.33361161844332404,11909.541908381678,31.437079881052142
5.897180996217472,3.9888667721298865,13.170262089887558,-1.4380161410232084,11911.922384476897,23.09499196510417
6.0286708783297,2.6055431275610994,12.848230469280391,-0.36426443811074216,11914.302860572116,25.984429450539068
5.741023113736722,5.342207238838122,12.98782278859455,0.3579331685820381,11916.683336667335,21.2345628101191
5.8687891944400565,3.7113622926949024,12.692004026917543,0.4710871517969344,11919.063812762553,24.73327467236598
5.659437087789819,2.230903924639838,12.913574464498286,0.3211459968016508,11921.444288857772,29.776881789334425
6.278823382310049,2.9467248707741485,15.596795847112219,0.07919597787623424,11923.824764952991,19.007406993915907
5.856487380586271,3.0582911608650316,13.213543823896636,0.6519370729656895,11926.20524104821,25.682057317302295
6.382425326389049,1.8718136387048978,13.550361247944277,-0.16426861104427018,11928.585717143429,23.935521420208943
6.406997927168632,1.5967000840711332,13.346243288894959,0.5425944580671807,11930.966193238648,24.73290143913067
5.925835045911656,4.0188507309330355,12.648558883953037,-0.19229122186010647,11933.346669333869,23.573354479444603
5.649389833052444,4.235859580774243,14.2085215738546,-0.44057065443888116,11935.727145429088,22.902450022862936
5.327931061151773,3.8748058206439535,12.626525873079034,-0.5028564902112606,11938.107621524307,28.749748149557377
5.513865628385512,5.243294975014736,13.975902105019973,-0.5322482105864764,11940.488097619525,21.81698437784911
5.545102982812379,2.1588424328372486,12.589799100212621,0.32953401440124264,11942.868573714744,31.357371405088912
6.372571352675509,5.484093125398067,11.967192750966284,-0.37137278554853925,11945.249049809963,17.35840723865134
5.995555228926874,1.6224902240079646,13.295721279807378,-0.5165144225174719,11947.629525905182,28.035750688854023
6.079466952474773,1.4560287184453782,11.82881714655954,0.35686760983068,11950.010002000401,29.98096686424907
5.2982373892216765,0.33630413804426773,13.472286788398323,0.1639851952361164,11952.39047809562,36.56491035851843
5.6067522139587265,2.3087351244090444,11.74564959764007,0.481295991422901,11954.770954190839,31.75567008084748
6.234044880646134,2.223030459897318,12.623962543237809,0.25629975563639923,11957.151430286058,25.63412099023091
6.0557323405820185,3.7687059916268044,11.514403826794801,-0.37655579009865586,11959.531906381277,24.860770556084645
5.927318036583212,3.3468228258899373,15.773464111960758,0.03805120823429372,11961.912382476496,20.55420247466833
6.142712195257229,1.1927129352560888,11.298501751809804,0.06256649538483862,11964.292858571715,30.928767472087245
6.46577905117289,2.394270448582704,12.96543989032022,-0.4595793292370012,11966.673334666935,22.839931633679782
5.910507546092636,2.427353825137639,14.102095892381126,-0.5523124870469963,11969.053810762154,25.494411229843138
5.99941215593943,0.3217607729851668,13.99834362439504,-0.34036080455885226,11971.434286857373,30.202785383429088
6.038161574916312,1.5155015756778925,13.816466565367662,1.0182911783360402,11973.814762952592,27.18125361342328
6.699797028200681,1.831888979157855,12.651063411989162,-0.20637204711077445,11976.19523904781,22.845306208516178
5.3541392507809915,5.139734949802552,14.322548733193356,0.6164333956933572,11978.57571514303,22.833725519455655
6.190695381198209,3.2776617251104065,13.888019493933857,-0.23433025473989896,11980.956191238249,21.448253396737528
5.953070502955368,3.9849272493099743,13.190097266697077,0.444419409769996,11983.336667333468,22.627971953036507
6.159325750426514,0.7449095759903557,13.221548282297721,0.4512458277789235,11985.717143428687,29.03079763316542
5.793865875527668,4.785373485671711,12.68021538211989,0.4762952539760224,11988.097619523905,22.66531620841954
5.9781718957900285,4.946894031234515,12.077657138695963,0.1939136710044793,11990.478095619124,21.690904047549537
6.208068696375342,-0.0010871023598100216,14.22763190443106,0.6886832893905757,11992.858571714343,28.991284816451156
6.930303054503629,1.9396449102532123,14.305861316606823,0.18917698467636393,11995.239047809562,18.24967131342771
6.240625676832534,3.7424582395312074,12.112717205657923,0.8567648646701398,11997.619523904783,22.549773178024836
5.745580320590848,3.9665826803072735,12.846214834853807,-0.8099599015942167,12000.0,24.84957848222433
